Period,Anzsic,Anzsic_descriptor,Gas,Variable,Units,Data_value,Magnitude
2010.03,A23,"Forestry, fishing, and support services to agriculture, forestry, and fishing",Carbon dioxide equivalents,Seasonally adjusted,Kilotonnes,201,Carbon dioxide equivalents
2010.03,A23,"Forestry, fishing, and support services to agriculture, forestry, and fishing",Carbon dioxide equivalents,Actual,Kilotonnes,215,Carbon dioxide equivalents
2010.06,A23,"Forestry, fishing, and support services to agriculture, forestry, and fishing",Carbon dioxide equivalents,Seasonally adjusted,Kilotonnes,208,Carbon dioxide equivalents
2010.06,A23,"Forestry, fishing, and support services to agriculture, forestry, and fishing",Carbon dioxide equivalents,Actual,Kilotonnes,198,Carbon dioxide equivalents
2010.09,A23,"Forestry, fishing, and support services to agriculture, forestry, and fishing",Carbon dioxide equivalents,Seasonally adjusted,Kilotonnes,208,Carbon dioxide equivalents
2010.09,A23,"Forestry, fishing, and support services to agriculture, forestry, and fishing",Carbon dioxide equivalents,Actual,Kilotonnes,194,Carbon dioxide equivalents
2010.12,A23,"Forestry, fishing, and support services to agriculture, forestry, and fishing",Carbon dioxide equivalents,Seasonally adjusted,Kilotonnes,213,Carbon dioxide equivalents
2010.12,A23,"Forestry, fishing, and support services to agriculture, forestry, and fishing",Carbon dioxide equivalents,Actual,Kilotonnes,221,Carbon dioxide equivalents
2011.03,A23,"Forestry, fishing, and support services to agriculture, forestry, and fishing",Carbon dioxide equivalents,Seasonally adjusted,Kilotonnes,219,Carbon dioxide equivalents
2011.03,A23,"Forestry, fishing, and support services to agriculture, forestry, and fishing",Carbon dioxide equivalents,Actual,Kilotonnes,235,Carbon dioxide equivalents
2011.06,A23,"Forestry, fishing, and support services to agriculture, forestry, and fishing",Carbon dioxide equivalents,Seasonally adjusted,Kilotonnes,209,Carbon dioxide equivalents
2011.06,A23,"Forestry, fishing, and support services to agriculture, forestry, and fishing",Carbon dioxide equivalents,Actual,Kilotonnes,199,Carbon dioxide equivalents
2011.09,A23,"Forestry, fishing, and support services to agriculture, forestry, and fishing",Carbon dioxide equivalents,Seasonally adjusted,Kilotonnes,211,Carbon dioxide equivalents
2011.09,A23,"Forestry, fishing, and support services to agriculture, forestry, and fishing",Carbon dioxide equivalents,Actual,Kilotonnes,198,Carbon dioxide equivalents
2011.12,A23,"Forestry, fishing, and support services to agriculture, forestry, and fishing",Carbon dioxide equivalents,Seasonally adjusted,Kilotonnes,200,Carbon dioxide equivalents
2011.12,A23,"Forestry, fishing, and support services to agriculture, forestry, and fishing",Carbon dioxide equivalents,Actual,Kilotonnes,208,Carbon dioxide equivalents
2012.03,A23,"Forestry, fishing, and support services to agriculture, forestry, and fishing",Carbon dioxide equivalents,Seasonally adjusted,Kilotonnes,199,Carbon dioxide equivalents
2012.03,A23,"Forestry, fishing, and support services to agriculture, forestry, and fishing",Carbon dioxide equivalents,Actual,Kilotonnes,212,Carbon dioxide equivalents
2012.06,A23,"Forestry, fishing, and support services to agriculture, forestry, and fishing",Carbon dioxide equivalents,Seasonally adjusted,Kilotonnes,207,Carbon dioxide equivalents
2012.06,A23,"Forestry, fishing, and support services to agriculture, forestry, and fishing",Carbon dioxide equivalents,Actual,Kilotonnes,196,Carbon dioxide equivalents
2012.09,A23,"Forestry, fishing, and support services to agriculture, forestry, and fishing",Carbon dioxide equivalents,Seasonally adjusted,Kilotonnes,201,Carbon dioxide equivalents
2012.09,A23,"Forestry, fishing, and support services to agriculture, forestry, and fishing",Carbon dioxide equivalents,Actual,Kilotonnes,190,Carbon dioxide equivalents
2012.12,A23,"Forestry, fishing, and support services to agriculture, forestry, and fishing",Carbon dioxide equivalents,Seasonally adjusted,Kilotonnes,203,Carbon dioxide equivalents
2012.12,A23,"Forestry, fishing, and support services to agriculture, forestry, and fishing",Carbon dioxide equivalents,Actual,Kilotonnes,211,Carbon dioxide equivalents
2013.03,A23,"Forestry, fishing, and support services to agriculture, forestry, and fishing",Carbon dioxide equivalents,Seasonally adjusted,Kilotonnes,218,Carbon dioxide equivalents
2013.03,A23,"Forestry, fishing, and support services to agriculture, forestry, and fishing",Carbon dioxide equivalents,Actual,Kilotonnes,233,Carbon dioxide equivalents
2013.06,A23,"Forestry, fishing, and support services to agriculture, forestry, and fishing",Carbon dioxide equivalents,Seasonally adjusted,Kilotonnes,219,Carbon dioxide equivalents
2013.06,A23,"Forestry, fishing, and support services to agriculture, forestry, and fishing",Carbon dioxide equivalents,Actual,Kilotonnes,207,Carbon dioxide equivalents
2013.09,A23,"Forestry, fishing, and support services to agriculture, forestry, and fishing",Carbon dioxide equivalents,Seasonally adjusted,Kilotonnes,218,Carbon dioxide equivalents
2013.09,A23,"Forestry, fishing, and support services to agriculture, forestry, and fishing",Carbon dioxide equivalents,Actual,Kilotonnes,206,Carbon dioxide equivalents
2013.12,A23,"Forestry, fishing, and support services to agriculture, forestry, and fishing",Carbon dioxide equivalents,Seasonally adjusted,Kilotonnes,226,Carbon dioxide equivalents
2013.12,A23,"Forestry, fishing, and support services to agriculture, forestry, and fishing",Carbon dioxide equivalents,Actual,Kilotonnes,236,Carbon dioxide equivalents
2014.03,A23,"Forestry, fishing, and support services to agriculture, forestry, and fishing",Carbon dioxide equivalents,Seasonally adjusted,Kilotonnes,206,Carbon dioxide equivalents
2014.03,A23,"Forestry, fishing, and support services to agriculture, forestry, and fishing",Carbon dioxide equivalents,Actual,Kilotonnes,220,Carbon dioxide equivalents
2014.06,A23,"Forestry, fishing, and support services to agriculture, forestry, and fishing",Carbon dioxide equivalents,Seasonally adjusted,Kilotonnes,217,Carbon dioxide equivalents
2014.06,A23,"Forestry, fishing, and support services to agriculture, forestry, and fishing",Carbon dioxide equivalents,Actual,Kilotonnes,205,Carbon dioxide equivalents
2014.09,A23,"Forestry, fishing, and support services to agriculture, forestry, and fishing",Carbon dioxide equivalents,Seasonally adjusted,Kilotonnes,200,Carbon dioxide equivalents
2014.09,A23,"Forestry, fishing, and support services to agriculture, forestry, and fishing",Carbon dioxide equivalents,Actual,Kilotonnes,189,Carbon dioxide equivalents
2014.12,A23,"Forestry, fishing, and support services to agriculture, forestry, and fishing",Carbon dioxide equivalents,Seasonally adjusted,Kilotonnes,212,Carbon dioxide equivalents
2014.12,A23,"Forestry, fishing, and support services to agriculture, forestry, and fishing",Carbon dioxide equivalents,Actual,Kilotonnes,221,Carbon dioxide equivalents
2015.03,A23,"Forestry, fishing, and support services to agriculture, forestry, and fishing",Carbon dioxide equivalents,Seasonally adjusted,Kilotonnes,204,Carbon dioxide equivalents
2015.03,A23,"Forestry, fishing, and support services to agriculture, forestry, and fishing",Carbon dioxide equivalents,Actual,Kilotonnes,218,Carbon dioxide equivalents
2015.06,A23,"Forestry, fishing, and support services to agriculture, forestry, and fishing",Carbon dioxide equivalents,Seasonally adjusted,Kilotonnes,190,Carbon dioxide equivalents
2015.06,A23,"Forestry, fishing, and support services to agriculture, forestry, and fishing",Carbon dioxide equivalents,Actual,Kilotonnes,179,Carbon dioxide equivalents
2015.09,A23,"Forestry, fishing, and support services to agriculture, forestry, and fishing",Carbon dioxide equivalents,Seasonally adjusted,Kilotonnes,204,Carbon dioxide equivalents
2015.09,A23,"Forestry, fishing, and support services to agriculture, forestry, and fishing",Carbon dioxide equivalents,Actual,Kilotonnes,194,Carbon dioxide equivalents
2015.12,A23,"Forestry, fishing, and support services to agriculture, forestry, and fishing",Carbon dioxide equivalents,Seasonally adjusted,Kilotonnes,193,Carbon dioxide equivalents
2015.12,A23,"Forestry, fishing, and support services to agriculture, forestry, and fishing",Carbon dioxide equivalents,Actual,Kilotonnes,201,Carbon dioxide equivalents
2016.03,A23,"Forestry, fishing, and support services to agriculture, forestry, and fishing",Carbon dioxide equivalents,Seasonally adjusted,Kilotonnes,195,Carbon dioxide equivalents
2016.03,A23,"Forestry, fishing, and support services to agriculture, forestry, and fishing",Carbon dioxide equivalents,Actual,Kilotonnes,208,Carbon dioxide equivalents
2016.06,A23,"Forestry, fishing, and support services to agriculture, forestry, and fishing",Carbon dioxide equivalents,Seasonally adjusted,Kilotonnes,179,Carbon dioxide equivalents
2016.06,A23,"Forestry, fishing, and support services to agriculture, forestry, and fishing",Carbon dioxide equivalents,Actual,Kilotonnes,169,Carbon dioxide equivalents
2016.09,A23,"Forestry, fishing, and support services to agriculture, forestry, and fishing",Carbon dioxide equivalents,Seasonally adjusted,Kilotonnes,183,Carbon dioxide equivalents
2016.09,A23,"Forestry, fishing, and support services to agriculture, forestry, and fishing",Carbon dioxide equivalents,Actual,Kilotonnes,173,Carbon dioxide equivalents
2016.12,A23,"Forestry, fishing, and support services to agriculture, forestry, and fishing",Carbon dioxide equivalents,Seasonally adjusted,Kilotonnes,171,Carbon dioxide equivalents
2016.12,A23,"Forestry, fishing, and support services to agriculture, forestry, and fishing",Carbon dioxide equivalents,Actual,Kilotonnes,178,Carbon dioxide equivalents
2017.03,A23,"Forestry, fishing, and support services to agriculture, forestry, and fishing",Carbon dioxide equivalents,Seasonally adjusted,Kilotonnes,159,Carbon dioxide equivalents
2017.03,A23,"Forestry, fishing, and support services to agriculture, forestry, and fishing",Carbon dioxide equivalents,Actual,Kilotonnes,170,Carbon dioxide equivalents
2017.06,A23,"Forestry, fishing, and support services to agriculture, forestry, and fishing",Carbon dioxide equivalents,Seasonally adjusted,Kilotonnes,167,Carbon dioxide equivalents
2017.06,A23,"Forestry, fishing, and support services to agriculture, forestry, and fishing",Carbon dioxide equivalents,Actual,Kilotonnes,157,Carbon dioxide equivalents
2017.09,A23,"Forestry, fishing, and support services to agriculture, forestry, and fishing",Carbon dioxide equivalents,Seasonally adjusted,Kilotonnes,168,Carbon dioxide equivalents
2017.09,A23,"Forestry, fishing, and support services to agriculture, forestry, and fishing",Carbon dioxide equivalents,Actual,Kilotonnes,159,Carbon dioxide equivalents
2017.12,A23,"Forestry, fishing, and support services to agriculture, forestry, and fishing",Carbon dioxide equivalents,Seasonally adjusted,Kilotonnes,173,Carbon dioxide equivalents
2017.12,A23,"Forestry, fishing, and support services to agriculture, forestry, and fishing",Carbon dioxide equivalents,Actual,Kilotonnes,180,Carbon dioxide equivalents
2018.03,A23,"Forestry, fishing, and support services to agriculture, forestry, and fishing",Carbon dioxide equivalents,Seasonally adjusted,Kilotonnes,183,Carbon dioxide equivalents
2018.03,A23,"Forestry, fishing, and support services to agriculture, forestry, and fishing",Carbon dioxide equivalents,Actual,Kilotonnes,195,Carbon dioxide equivalents
2018.06,A23,"Forestry, fishing, and support services to agriculture, forestry, and fishing",Carbon dioxide equivalents,Seasonally adjusted,Kilotonnes,184,Carbon dioxide equivalents
2018.06,A23,"Forestry, fishing, and support services to agriculture, forestry, and fishing",Carbon dioxide equivalents,Actual,Kilotonnes,173,Carbon dioxide equivalents
2018.09,A23,"Forestry, fishing, and support services to agriculture, forestry, and fishing",Carbon dioxide equivalents,Seasonally adjusted,Kilotonnes,188,Carbon dioxide equivalents
2018.09,A23,"Forestry, fishing, and support services to agriculture, forestry, and fishing",Carbon dioxide equivalents,Actual,Kilotonnes,178,Carbon dioxide equivalents
2018.12,A23,"Forestry, fishing, and support services to agriculture, forestry, and fishing",Carbon dioxide equivalents,Seasonally adjusted,Kilotonnes,174,Carbon dioxide equivalents
2018.12,A23,"Forestry, fishing, and support services to agriculture, forestry, and fishing",Carbon dioxide equivalents,Actual,Kilotonnes,182,Carbon dioxide equivalents
2019.03,A23,"Forestry, fishing, and support services to agriculture, forestry, and fishing",Carbon dioxide equivalents,Seasonally adjusted,Kilotonnes,181,Carbon dioxide equivalents
2019.03,A23,"Forestry, fishing, and support services to agriculture, forestry, and fishing",Carbon dioxide equivalents,Actual,Kilotonnes,193,Carbon dioxide equivalents
2019.06,A23,"Forestry, fishing, and support services to agriculture, forestry, and fishing",Carbon dioxide equivalents,Seasonally adjusted,Kilotonnes,183,Carbon dioxide equivalents
2019.06,A23,"Forestry, fishing, and support services to agriculture, forestry, and fishing",Carbon dioxide equivalents,Actual,Kilotonnes,172,Carbon dioxide equivalents
2019.09,A23,"Forestry, fishing, and support services to agriculture, forestry, and fishing",Carbon dioxide equivalents,Seasonally adjusted,Kilotonnes,180,Carbon dioxide equivalents
2019.09,A23,"Forestry, fishing, and support services to agriculture, forestry, and fishing",Carbon dioxide equivalents,Actual,Kilotonnes,171,Carbon dioxide equivalents
2019.12,A23,"Forestry, fishing, and support services to agriculture, forestry, and fishing",Carbon dioxide equivalents,Seasonally adjusted,Kilotonnes,181,Carbon dioxide equivalents
2019.12,A23,"Forestry, fishing, and support services to agriculture, forestry, and fishing",Carbon dioxide equivalents,Actual,Kilotonnes,190,Carbon dioxide equivalents
2020.03,A23,"Forestry, fishing, and support services to agriculture, forestry, and fishing",Carbon dioxide equivalents,Seasonally adjusted,Kilotonnes,196,Carbon dioxide equivalents
2020.03,A23,"Forestry, fishing, and support services to agriculture, forestry, and fishing",Carbon dioxide equivalents,Actual,Kilotonnes,209,Carbon dioxide equivalents
2020.06,A23,"Forestry, fishing, and support services to agriculture, forestry, and fishing",Carbon dioxide equivalents,Seasonally adjusted,Kilotonnes,177,Carbon dioxide equivalents
2020.06,A23,"Forestry, fishing, and support services to agriculture, forestry, and fishing",Carbon dioxide equivalents,Actual,Kilotonnes,167,Carbon dioxide equivalents
2020.09,A23,"Forestry, fishing, and support services to agriculture, forestry, and fishing",Carbon dioxide equivalents,Seasonally adjusted,Kilotonnes,205,Carbon dioxide equivalents
2020.09,A23,"Forestry, fishing, and support services to agriculture, forestry, and fishing",Carbon dioxide equivalents,Actual,Kilotonnes,193,Carbon dioxide equivalents
2020.12,A23,"Forestry, fishing, and support services to agriculture, forestry, and fishing",Carbon dioxide equivalents,Seasonally adjusted,Kilotonnes,202,Carbon dioxide equivalents
2020.12,A23,"Forestry, fishing, and support services to agriculture, forestry, and fishing",Carbon dioxide equivalents,Actual,Kilotonnes,212,Carbon dioxide equivalents
2021.03,A23,"Forestry, fishing, and support services to agriculture, forestry, and fishing",Carbon dioxide equivalents,Seasonally adjusted,Kilotonnes,198,Carbon dioxide equivalents
2021.03,A23,"Forestry, fishing, and support services to agriculture, forestry, and fishing",Carbon dioxide equivalents,Actual,Kilotonnes,211,Carbon dioxide equivalents
2021.06,A23,"Forestry, fishing, and support services to agriculture, forestry, and fishing",Carbon dioxide equivalents,Seasonally adjusted,Kilotonnes,199,Carbon dioxide equivalents
2021.06,A23,"Forestry, fishing, and support services to agriculture, forestry, and fishing",Carbon dioxide equivalents,Actual,Kilotonnes,187,Carbon dioxide equivalents
2021.09,A23,"Forestry, fishing, and support services to agriculture, forestry, and fishing",Carbon dioxide equivalents,Seasonally adjusted,Kilotonnes,184,Carbon dioxide equivalents
2021.09,A23,"Forestry, fishing, and support services to agriculture, forestry, and fishing",Carbon dioxide equivalents,Actual,Kilotonnes,172,Carbon dioxide equivalents
2021.12,A23,"Forestry, fishing, and support services to agriculture, forestry, and fishing",Carbon dioxide equivalents,Seasonally adjusted,Kilotonnes,188,Carbon dioxide equivalents
2021.12,A23,"Forestry, fishing, and support services to agriculture, forestry, and fishing",Carbon dioxide equivalents,Actual,Kilotonnes,198,Carbon dioxide equivalents
2022.03,A23,"Forestry, fishing, and support services to agriculture, forestry, and fishing",Carbon dioxide equivalents,Seasonally adjusted,Kilotonnes,182,Carbon dioxide equivalents
2022.03,A23,"Forestry, fishing, and support services to agriculture, forestry, and fishing",Carbon dioxide equivalents,Actual,Kilotonnes,195,Carbon dioxide equivalents
2022.06,A23,"Forestry, fishing, and support services to agriculture, forestry, and fishing",Carbon dioxide equivalents,Seasonally adjusted,Kilotonnes,181,Carbon dioxide equivalents
2022.06,A23,"Forestry, fishing, and support services to agriculture, forestry, and fishing",Carbon dioxide equivalents,Actual,Kilotonnes,170,Carbon dioxide equivalents
2022.09,A23,"Forestry, fishing, and support services to agriculture, forestry, and fishing",Carbon dioxide equivalents,Seasonally adjusted,Kilotonnes,176,Carbon dioxide equivalents
2022.09,A23,"Forestry, fishing, and support services to agriculture, forestry, and fishing",Carbon dioxide equivalents,Actual,Kilotonnes,164,Carbon dioxide equivalents
2022.12,A23,"Forestry, fishing, and support services to agriculture, forestry, and fishing",Carbon dioxide equivalents,Seasonally adjusted,Kilotonnes,172,Carbon dioxide equivalents
2022.12,A23,"Forestry, fishing, and support services to agriculture, forestry, and fishing",Carbon dioxide equivalents,Actual,Kilotonnes,182,Carbon dioxide equivalents
2023.03,A23,"Forestry, fishing, and support services to agriculture, forestry, and fishing",Carbon dioxide equivalents,Seasonally adjusted,Kilotonnes,163,Carbon dioxide equivalents
2023.03,A23,"Forestry, fishing, and support services to agriculture, forestry, and fishing",Carbon dioxide equivalents,Actual,Kilotonnes,174,Carbon dioxide equivalents
2023.06,A23,"Forestry, fishing, and support services to agriculture, forestry, and fishing",Carbon dioxide equivalents,Seasonally adjusted,Kilotonnes,167,Carbon dioxide equivalents
2023.06,A23,"Forestry, fishing, and support services to agriculture, forestry, and fishing",Carbon dioxide equivalents,Actual,Kilotonnes,156,Carbon dioxide equivalents
2023.09,A23,"Forestry, fishing, and support services to agriculture, forestry, and fishing",Carbon dioxide equivalents,Seasonally adjusted,Kilotonnes,164,Carbon dioxide equivalents
2023.09,A23,"Forestry, fishing, and support services to agriculture, forestry, and fishing",Carbon dioxide equivalents,Actual,Kilotonnes,153,Carbon dioxide equivalents
2023.12,A23,"Forestry, fishing, and support services to agriculture, forestry, and fishing",Carbon dioxide equivalents,Seasonally adjusted,Kilotonnes,178,Carbon dioxide equivalents
2023.12,A23,"Forestry, fishing, and support services to agriculture, forestry, and fishing",Carbon dioxide equivalents,Actual,Kilotonnes,189,Carbon dioxide equivalents
2024.03,A23,"Forestry, fishing, and support services to agriculture, forestry, and fishing",Carbon dioxide equivalents,Seasonally adjusted,Kilotonnes,187,Carbon dioxide equivalents
2024.03,A23,"Forestry, fishing, and support services to agriculture, forestry, and fishing",Carbon dioxide equivalents,Actual,Kilotonnes,200,Carbon dioxide equivalents
2024.06,A23,"Forestry, fishing, and support services to agriculture, forestry, and fishing",Carbon dioxide equivalents,Seasonally adjusted,Kilotonnes,184,Carbon dioxide equivalents
2024.06,A23,"Forestry, fishing, and support services to agriculture, forestry, and fishing",Carbon dioxide equivalents,Actual,Kilotonnes,173,Carbon dioxide equivalents
2024.09,A23,"Forestry, fishing, and support services to agriculture, forestry, and fishing",Carbon dioxide equivalents,Seasonally adjusted,Kilotonnes,190,Carbon dioxide equivalents
2024.09,A23,"Forestry, fishing, and support services to agriculture, forestry, and fishing",Carbon dioxide equivalents,Actual,Kilotonnes,176,Carbon dioxide equivalents
2024.12,A23,"Forestry, fishing, and support services to agriculture, forestry, and fishing",Carbon dioxide equivalents,Seasonally adjusted,Kilotonnes,191,Carbon dioxide equivalents
2024.12,A23,"Forestry, fishing, and support services to agriculture, forestry, and fishing",Carbon dioxide equivalents,Actual,Kilotonnes,204,Carbon dioxide equivalents
2025.03,A23,"Forestry, fishing, and support services to agriculture, forestry, and fishing",Carbon dioxide equivalents,Seasonally adjusted,Kilotonnes,184,Carbon dioxide equivalents
2025.03,A23,"Forestry, fishing, and support services to agriculture, forestry, and fishing",Carbon dioxide equivalents,Actual,Kilotonnes,197,Carbon dioxide equivalents
2025.06,A23,"Forestry, fishing, and support services to agriculture, forestry, and fishing",Carbon dioxide equivalents,Seasonally adjusted,Kilotonnes,176,Carbon dioxide equivalents
2025.06,A23,"Forestry, fishing, and support services to agriculture, forestry, and fishing",Carbon dioxide equivalents,Actual,Kilotonnes,164,Carbon dioxide equivalents
2025.09,A23,"Forestry, fishing, and support services to agriculture, forestry, and fishing",Carbon dioxide equivalents,Seasonally adjusted,Kilotonnes,176,Carbon dioxide equivalents
2025.09,A23,"Forestry, fishing, and support services to agriculture, forestry, and fishing",Carbon dioxide equivalents,Actual,Kilotonnes,163,Carbon dioxide equivalents
2025.12,A23,"Forestry, fishing, and support services to agriculture, forestry, and fishing",Carbon dioxide equivalents,Seasonally adjusted,Kilotonnes,174,Carbon dioxide equivalents
2025.12,A23,"Forestry, fishing, and support services to agriculture, forestry, and fishing",Carbon dioxide equivalents,Actual,Kilotonnes,187,Carbon dioxide equivalents
2026.03,A23,"Forestry, fishing, and support services to agriculture, forestry, and fishing",Carbon dioxide equivalents,Seasonally adjusted,Kilotonnes,175,Carbon dioxide equivalents
2026.03,A23,"Forestry, fishing, and support services to agriculture, forestry, and fishing",Carbon dioxide equivalents,Actual,Kilotonnes,188,Carbon dioxide equivalents
2010.03,AA1,Agriculture,Carbon dioxide equivalents,Seasonally adjusted,Kilotonnes,10817,Carbon dioxide equivalents
2010.03,AA1,Agriculture,Carbon dioxide equivalents,Actual,Kilotonnes,12336,Carbon dioxide equivalents
2010.06,AA1,Agriculture,Carbon dioxide equivalents,Seasonally adjusted,Kilotonnes,10674,Carbon dioxide equivalents
2010.06,AA1,Agriculture,Carbon dioxide equivalents,Actual,Kilotonnes,8674,Carbon dioxide equivalents
2010.09,AA1,Agriculture,Carbon dioxide equivalents,Seasonally adjusted,Kilotonnes,10557,Carbon dioxide equivalents
2010.09,AA1,Agriculture,Carbon dioxide equivalents,Actual,Kilotonnes,9303,Carbon dioxide equivalents
2010.12,AA1,Agriculture,Carbon dioxide equivalents,Seasonally adjusted,Kilotonnes,10530,Carbon dioxide equivalents
2010.12,AA1,Agriculture,Carbon dioxide equivalents,Actual,Kilotonnes,12276,Carbon dioxide equivalents
2011.03,AA1,Agriculture,Carbon dioxide equivalents,Seasonally adjusted,Kilotonnes,10560,Carbon dioxide equivalents
2011.03,AA1,Agriculture,Carbon dioxide equivalents,Actual,Kilotonnes,12045,Carbon dioxide equivalents
2011.06,AA1,Agriculture,Carbon dioxide equivalents,Seasonally adjusted,Kilotonnes,10691,Carbon dioxide equivalents
2011.06,AA1,Agriculture,Carbon dioxide equivalents,Actual,Kilotonnes,8678,Carbon dioxide equivalents
2011.09,AA1,Agriculture,Carbon dioxide equivalents,Seasonally adjusted,Kilotonnes,10930,Carbon dioxide equivalents
2011.09,AA1,Agriculture,Carbon dioxide equivalents,Actual,Kilotonnes,9640,Carbon dioxide equivalents
2011.12,AA1,Agriculture,Carbon dioxide equivalents,Seasonally adjusted,Kilotonnes,11048,Carbon dioxide equivalents
2011.12,AA1,Agriculture,Carbon dioxide equivalents,Actual,Kilotonnes,12884,Carbon dioxide equivalents
2012.03,AA1,Agriculture,Carbon dioxide equivalents,Seasonally adjusted,Kilotonnes,11226,Carbon dioxide equivalents
2012.03,AA1,Agriculture,Carbon dioxide equivalents,Actual,Kilotonnes,12800,Carbon dioxide equivalents
2012.06,AA1,Agriculture,Carbon dioxide equivalents,Seasonally adjusted,Kilotonnes,11343,Carbon dioxide equivalents
2012.06,AA1,Agriculture,Carbon dioxide equivalents,Actual,Kilotonnes,9201,Carbon dioxide equivalents
2012.09,AA1,Agriculture,Carbon dioxide equivalents,Seasonally adjusted,Kilotonnes,11015,Carbon dioxide equivalents
2012.09,AA1,Agriculture,Carbon dioxide equivalents,Actual,Kilotonnes,9719,Carbon dioxide equivalents
2012.12,AA1,Agriculture,Carbon dioxide equivalents,Seasonally adjusted,Kilotonnes,10979,Carbon dioxide equivalents
2012.12,AA1,Agriculture,Carbon dioxide equivalents,Actual,Kilotonnes,12809,Carbon dioxide equivalents
2013.03,AA1,Agriculture,Carbon dioxide equivalents,Seasonally adjusted,Kilotonnes,10941,Carbon dioxide equivalents
2013.03,AA1,Agriculture,Carbon dioxide equivalents,Actual,Kilotonnes,12473,Carbon dioxide equivalents
2013.06,AA1,Agriculture,Carbon dioxide equivalents,Seasonally adjusted,Kilotonnes,10865,Carbon dioxide equivalents
2013.06,AA1,Agriculture,Carbon dioxide equivalents,Actual,Kilotonnes,8810,Carbon dioxide equivalents
2013.09,AA1,Agriculture,Carbon dioxide equivalents,Seasonally adjusted,Kilotonnes,11297,Carbon dioxide equivalents
2013.09,AA1,Agriculture,Carbon dioxide equivalents,Actual,Kilotonnes,9970,Carbon dioxide equivalents
2013.12,AA1,Agriculture,Carbon dioxide equivalents,Seasonally adjusted,Kilotonnes,11342,Carbon dioxide equivalents
2013.12,AA1,Agriculture,Carbon dioxide equivalents,Actual,Kilotonnes,13232,Carbon dioxide equivalents
2014.03,AA1,Agriculture,Carbon dioxide equivalents,Seasonally adjusted,Kilotonnes,11233,Carbon dioxide equivalents
2014.03,AA1,Agriculture,Carbon dioxide equivalents,Actual,Kilotonnes,12803,Carbon dioxide equivalents
2014.06,AA1,Agriculture,Carbon dioxide equivalents,Seasonally adjusted,Kilotonnes,11045,Carbon dioxide equivalents
2014.06,AA1,Agriculture,Carbon dioxide equivalents,Actual,Kilotonnes,8960,Carbon dioxide equivalents
2014.09,AA1,Agriculture,Carbon dioxide equivalents,Seasonally adjusted,Kilotonnes,11234,Carbon dioxide equivalents
2014.09,AA1,Agriculture,Carbon dioxide equivalents,Actual,Kilotonnes,9918,Carbon dioxide equivalents
2014.12,AA1,Agriculture,Carbon dioxide equivalents,Seasonally adjusted,Kilotonnes,11239,Carbon dioxide equivalents
2014.12,AA1,Agriculture,Carbon dioxide equivalents,Actual,Kilotonnes,13102,Carbon dioxide equivalents
2015.03,AA1,Agriculture,Carbon dioxide equivalents,Seasonally adjusted,Kilotonnes,11161,Carbon dioxide equivalents
2015.03,AA1,Agriculture,Carbon dioxide equivalents,Actual,Kilotonnes,12719,Carbon dioxide equivalents
2015.06,AA1,Agriculture,Carbon dioxide equivalents,Seasonally adjusted,Kilotonnes,11238,Carbon dioxide equivalents
2015.06,AA1,Agriculture,Carbon dioxide equivalents,Actual,Kilotonnes,9129,Carbon dioxide equivalents
2015.09,AA1,Agriculture,Carbon dioxide equivalents,Seasonally adjusted,Kilotonnes,10952,Carbon dioxide equivalents
2015.09,AA1,Agriculture,Carbon dioxide equivalents,Actual,Kilotonnes,9673,Carbon dioxide equivalents
2015.12,AA1,Agriculture,Carbon dioxide equivalents,Seasonally adjusted,Kilotonnes,11048,Carbon dioxide equivalents
2015.12,AA1,Agriculture,Carbon dioxide equivalents,Actual,Kilotonnes,12860,Carbon dioxide equivalents
2016.03,AA1,Agriculture,Carbon dioxide equivalents,Seasonally adjusted,Kilotonnes,11080,Carbon dioxide equivalents
2016.03,AA1,Agriculture,Carbon dioxide equivalents,Actual,Kilotonnes,12620,Carbon dioxide equivalents
2016.06,AA1,Agriculture,Carbon dioxide equivalents,Seasonally adjusted,Kilotonnes,10888,Carbon dioxide equivalents
2016.06,AA1,Agriculture,Carbon dioxide equivalents,Actual,Kilotonnes,8873,Carbon dioxide equivalents
2016.09,AA1,Agriculture,Carbon dioxide equivalents,Seasonally adjusted,Kilotonnes,10964,Carbon dioxide equivalents
2016.09,AA1,Agriculture,Carbon dioxide equivalents,Actual,Kilotonnes,9680,Carbon dioxide equivalents
2016.12,AA1,Agriculture,Carbon dioxide equivalents,Seasonally adjusted,Kilotonnes,10920,Carbon dioxide equivalents
2016.12,AA1,Agriculture,Carbon dioxide equivalents,Actual,Kilotonnes,12690,Carbon dioxide equivalents
2017.03,AA1,Agriculture,Carbon dioxide equivalents,Seasonally adjusted,Kilotonnes,11039,Carbon dioxide equivalents
2017.03,AA1,Agriculture,Carbon dioxide equivalents,Actual,Kilotonnes,12569,Carbon dioxide equivalents
2017.06,AA1,Agriculture,Carbon dioxide equivalents,Seasonally adjusted,Kilotonnes,11083,Carbon dioxide equivalents
2017.06,AA1,Agriculture,Carbon dioxide equivalents,Actual,Kilotonnes,9062,Carbon dioxide equivalents
2017.09,AA1,Agriculture,Carbon dioxide equivalents,Seasonally adjusted,Kilotonnes,10996,Carbon dioxide equivalents
2017.09,AA1,Agriculture,Carbon dioxide equivalents,Actual,Kilotonnes,9705,Carbon dioxide equivalents
2017.12,AA1,Agriculture,Carbon dioxide equivalents,Seasonally adjusted,Kilotonnes,10924,Carbon dioxide equivalents
2017.12,AA1,Agriculture,Carbon dioxide equivalents,Actual,Kilotonnes,12677,Carbon dioxide equivalents
2018.03,AA1,Agriculture,Carbon dioxide equivalents,Seasonally adjusted,Kilotonnes,10920,Carbon dioxide equivalents
2018.03,AA1,Agriculture,Carbon dioxide equivalents,Actual,Kilotonnes,12427,Carbon dioxide equivalents
2018.06,AA1,Agriculture,Carbon dioxide equivalents,Seasonally adjusted,Kilotonnes,11056,Carbon dioxide equivalents
2018.06,AA1,Agriculture,Carbon dioxide equivalents,Actual,Kilotonnes,9071,Carbon dioxide equivalents
2018.09,AA1,Agriculture,Carbon dioxide equivalents,Seasonally adjusted,Kilotonnes,11172,Carbon dioxide equivalents
2018.09,AA1,Agriculture,Carbon dioxide equivalents,Actual,Kilotonnes,9847,Carbon dioxide equivalents
2018.12,AA1,Agriculture,Carbon dioxide equivalents,Seasonally adjusted,Kilotonnes,11144,Carbon dioxide equivalents
2018.12,AA1,Agriculture,Carbon dioxide equivalents,Actual,Kilotonnes,12921,Carbon dioxide equivalents
2019.03,AA1,Agriculture,Carbon dioxide equivalents,Seasonally adjusted,Kilotonnes,11142,Carbon dioxide equivalents
2019.03,AA1,Agriculture,Carbon dioxide equivalents,Actual,Kilotonnes,12679,Carbon dioxide equivalents
2019.06,AA1,Agriculture,Carbon dioxide equivalents,Seasonally adjusted,Kilotonnes,11185,Carbon dioxide equivalents
2019.06,AA1,Agriculture,Carbon dioxide equivalents,Actual,Kilotonnes,9194,Carbon dioxide equivalents
2019.09,AA1,Agriculture,Carbon dioxide equivalents,Seasonally adjusted,Kilotonnes,11137,Carbon dioxide equivalents
2019.09,AA1,Agriculture,Carbon dioxide equivalents,Actual,Kilotonnes,9804,Carbon dioxide equivalents
2019.12,AA1,Agriculture,Carbon dioxide equivalents,Seasonally adjusted,Kilotonnes,11151,Carbon dioxide equivalents
2019.12,AA1,Agriculture,Carbon dioxide equivalents,Actual,Kilotonnes,12930,Carbon dioxide equivalents
2020.03,AA1,Agriculture,Carbon dioxide equivalents,Seasonally adjusted,Kilotonnes,11113,Carbon dioxide equivalents
2020.03,AA1,Agriculture,Carbon dioxide equivalents,Actual,Kilotonnes,12643,Carbon dioxide equivalents
2020.06,AA1,Agriculture,Carbon dioxide equivalents,Seasonally adjusted,Kilotonnes,10918,Carbon dioxide equivalents
2020.06,AA1,Agriculture,Carbon dioxide equivalents,Actual,Kilotonnes,8995,Carbon dioxide equivalents
2020.09,AA1,Agriculture,Carbon dioxide equivalents,Seasonally adjusted,Kilotonnes,11187,Carbon dioxide equivalents
2020.09,AA1,Agriculture,Carbon dioxide equivalents,Actual,Kilotonnes,9821,Carbon dioxide equivalents
2020.12,AA1,Agriculture,Carbon dioxide equivalents,Seasonally adjusted,Kilotonnes,11178,Carbon dioxide equivalents
2020.12,AA1,Agriculture,Carbon dioxide equivalents,Actual,Kilotonnes,12971,Carbon dioxide equivalents
2021.03,AA1,Agriculture,Carbon dioxide equivalents,Seasonally adjusted,Kilotonnes,11184,Carbon dioxide equivalents
2021.03,AA1,Agriculture,Carbon dioxide equivalents,Actual,Kilotonnes,12728,Carbon dioxide equivalents
2021.06,AA1,Agriculture,Carbon dioxide equivalents,Seasonally adjusted,Kilotonnes,11176,Carbon dioxide equivalents
2021.06,AA1,Agriculture,Carbon dioxide equivalents,Actual,Kilotonnes,9212,Carbon dioxide equivalents
2021.09,AA1,Agriculture,Carbon dioxide equivalents,Seasonally adjusted,Kilotonnes,10988,Carbon dioxide equivalents
2021.09,AA1,Agriculture,Carbon dioxide equivalents,Actual,Kilotonnes,9628,Carbon dioxide equivalents
2021.12,AA1,Agriculture,Carbon dioxide equivalents,Seasonally adjusted,Kilotonnes,10894,Carbon dioxide equivalents
2021.12,AA1,Agriculture,Carbon dioxide equivalents,Actual,Kilotonnes,12652,Carbon dioxide equivalents
2022.03,AA1,Agriculture,Carbon dioxide equivalents,Seasonally adjusted,Kilotonnes,10903,Carbon dioxide equivalents
2022.03,AA1,Agriculture,Carbon dioxide equivalents,Actual,Kilotonnes,12411,Carbon dioxide equivalents
2022.06,AA1,Agriculture,Carbon dioxide equivalents,Seasonally adjusted,Kilotonnes,10792,Carbon dioxide equivalents
2022.06,AA1,Agriculture,Carbon dioxide equivalents,Actual,Kilotonnes,8899,Carbon dioxide equivalents
2022.09,AA1,Agriculture,Carbon dioxide equivalents,Seasonally adjusted,Kilotonnes,10710,Carbon dioxide equivalents
2022.09,AA1,Agriculture,Carbon dioxide equivalents,Actual,Kilotonnes,9370,Carbon dioxide equivalents
2022.12,AA1,Agriculture,Carbon dioxide equivalents,Seasonally adjusted,Kilotonnes,10691,Carbon dioxide equivalents
2022.12,AA1,Agriculture,Carbon dioxide equivalents,Actual,Kilotonnes,12423,Carbon dioxide equivalents
2023.03,AA1,Agriculture,Carbon dioxide equivalents,Seasonally adjusted,Kilotonnes,10577,Carbon dioxide equivalents
2023.03,AA1,Agriculture,Carbon dioxide equivalents,Actual,Kilotonnes,12046,Carbon dioxide equivalents
2023.06,AA1,Agriculture,Carbon dioxide equivalents,Seasonally adjusted,Kilotonnes,10587,Carbon dioxide equivalents
2023.06,AA1,Agriculture,Carbon dioxide equivalents,Actual,Kilotonnes,8726,Carbon dioxide equivalents
2023.09,AA1,Agriculture,Carbon dioxide equivalents,Seasonally adjusted,Kilotonnes,10447,Carbon dioxide equivalents
2023.09,AA1,Agriculture,Carbon dioxide equivalents,Actual,Kilotonnes,9139,Carbon dioxide equivalents
2023.12,AA1,Agriculture,Carbon dioxide equivalents,Seasonally adjusted,Kilotonnes,10551,Carbon dioxide equivalents
2023.12,AA1,Agriculture,Carbon dioxide equivalents,Actual,Kilotonnes,12261,Carbon dioxide equivalents
2024.03,AA1,Agriculture,Carbon dioxide equivalents,Seasonally adjusted,Kilotonnes,10532,Carbon dioxide equivalents
2024.03,AA1,Agriculture,Carbon dioxide equivalents,Actual,Kilotonnes,11995,Carbon dioxide equivalents
2024.06,AA1,Agriculture,Carbon dioxide equivalents,Seasonally adjusted,Kilotonnes,10451,Carbon dioxide equivalents
2024.06,AA1,Agriculture,Carbon dioxide equivalents,Actual,Kilotonnes,8613,Carbon dioxide equivalents
2024.09,AA1,Agriculture,Carbon dioxide equivalents,Seasonally adjusted,Kilotonnes,10518,Carbon dioxide equivalents
2024.09,AA1,Agriculture,Carbon dioxide equivalents,Actual,Kilotonnes,9202,Carbon dioxide equivalents
2024.12,AA1,Agriculture,Carbon dioxide equivalents,Seasonally adjusted,Kilotonnes,10480,Carbon dioxide equivalents
2024.12,AA1,Agriculture,Carbon dioxide equivalents,Actual,Kilotonnes,12176,Carbon dioxide equivalents
2025.03,AA1,Agriculture,Carbon dioxide equivalents,Seasonally adjusted,Kilotonnes,10401,Carbon dioxide equivalents
2025.03,AA1,Agriculture,Carbon dioxide equivalents,Actual,Kilotonnes,11852,Carbon dioxide equivalents
2025.06,AA1,Agriculture,Carbon dioxide equivalents,Seasonally adjusted,Kilotonnes,10464,Carbon dioxide equivalents
2025.06,AA1,Agriculture,Carbon dioxide equivalents,Actual,Kilotonnes,8616,Carbon dioxide equivalents
2025.09,AA1,Agriculture,Carbon dioxide equivalents,Seasonally adjusted,Kilotonnes,10457,Carbon dioxide equivalents
2025.09,AA1,Agriculture,Carbon dioxide equivalents,Actual,Kilotonnes,9156,Carbon dioxide equivalents
2025.12,AA1,Agriculture,Carbon dioxide equivalents,Seasonally adjusted,Kilotonnes,10412,Carbon dioxide equivalents
2025.12,AA1,Agriculture,Carbon dioxide equivalents,Actual,Kilotonnes,12093,Carbon dioxide equivalents
2026.03,AA1,Agriculture,Carbon dioxide equivalents,Seasonally adjusted,Kilotonnes,10529,Carbon dioxide equivalents
2026.03,AA1,Agriculture,Carbon dioxide equivalents,Actual,Kilotonnes,11998,Carbon dioxide equivalents
2010.03,AAZ,"Agriculture, forestry, and fishing",Carbon dioxide equivalents,Seasonally adjusted,Kilotonnes,11017,Carbon dioxide equivalents
2010.03,AAZ,"Agriculture, forestry, and fishing",Carbon dioxide equivalents,Actual,Kilotonnes,12551,Carbon dioxide equivalents
2010.06,AAZ,"Agriculture, forestry, and fishing",Carbon dioxide equivalents,Seasonally adjusted,Kilotonnes,10883,Carbon dioxide equivalents
2010.06,AAZ,"Agriculture, forestry, and fishing",Carbon dioxide equivalents,Actual,Kilotonnes,8872,Carbon dioxide equivalents
2010.09,AAZ,"Agriculture, forestry, and fishing",Carbon dioxide equivalents,Seasonally adjusted,Kilotonnes,10764,Carbon dioxide equivalents
2010.09,AAZ,"Agriculture, forestry, and fishing",Carbon dioxide equivalents,Actual,Kilotonnes,9497,Carbon dioxide equivalents
2010.12,AAZ,"Agriculture, forestry, and fishing",Carbon dioxide equivalents,Seasonally adjusted,Kilotonnes,10742,Carbon dioxide equivalents
2010.12,AAZ,"Agriculture, forestry, and fishing",Carbon dioxide equivalents,Actual,Kilotonnes,12497,Carbon dioxide equivalents
2011.03,AAZ,"Agriculture, forestry, and fishing",Carbon dioxide equivalents,Seasonally adjusted,Kilotonnes,10777,Carbon dioxide equivalents
2011.03,AAZ,"Agriculture, forestry, and fishing",Carbon dioxide equivalents,Actual,Kilotonnes,12280,Carbon dioxide equivalents
2011.06,AAZ,"Agriculture, forestry, and fishing",Carbon dioxide equivalents,Seasonally adjusted,Kilotonnes,10901,Carbon dioxide equivalents
2011.06,AAZ,"Agriculture, forestry, and fishing",Carbon dioxide equivalents,Actual,Kilotonnes,8876,Carbon dioxide equivalents
2011.09,AAZ,"Agriculture, forestry, and fishing",Carbon dioxide equivalents,Seasonally adjusted,Kilotonnes,11142,Carbon dioxide equivalents
2011.09,AAZ,"Agriculture, forestry, and fishing",Carbon dioxide equivalents,Actual,Kilotonnes,9838,Carbon dioxide equivalents
2011.12,AAZ,"Agriculture, forestry, and fishing",Carbon dioxide equivalents,Seasonally adjusted,Kilotonnes,11249,Carbon dioxide equivalents
2011.12,AAZ,"Agriculture, forestry, and fishing",Carbon dioxide equivalents,Actual,Kilotonnes,13092,Carbon dioxide equivalents
2012.03,AAZ,"Agriculture, forestry, and fishing",Carbon dioxide equivalents,Seasonally adjusted,Kilotonnes,11425,Carbon dioxide equivalents
2012.03,AAZ,"Agriculture, forestry, and fishing",Carbon dioxide equivalents,Actual,Kilotonnes,13013,Carbon dioxide equivalents
2012.06,AAZ,"Agriculture, forestry, and fishing",Carbon dioxide equivalents,Seasonally adjusted,Kilotonnes,11549,Carbon dioxide equivalents
2012.06,AAZ,"Agriculture, forestry, and fishing",Carbon dioxide equivalents,Actual,Kilotonnes,9396,Carbon dioxide equivalents
2012.09,AAZ,"Agriculture, forestry, and fishing",Carbon dioxide equivalents,Seasonally adjusted,Kilotonnes,11217,Carbon dioxide equivalents
2012.09,AAZ,"Agriculture, forestry, and fishing",Carbon dioxide equivalents,Actual,Kilotonnes,9908,Carbon dioxide equivalents
2012.12,AAZ,"Agriculture, forestry, and fishing",Carbon dioxide equivalents,Seasonally adjusted,Kilotonnes,11181,Carbon dioxide equivalents
2012.12,AAZ,"Agriculture, forestry, and fishing",Carbon dioxide equivalents,Actual,Kilotonnes,13020,Carbon dioxide equivalents
2013.03,AAZ,"Agriculture, forestry, and fishing",Carbon dioxide equivalents,Seasonally adjusted,Kilotonnes,11158,Carbon dioxide equivalents
2013.03,AAZ,"Agriculture, forestry, and fishing",Carbon dioxide equivalents,Actual,Kilotonnes,12706,Carbon dioxide equivalents
2013.06,AAZ,"Agriculture, forestry, and fishing",Carbon dioxide equivalents,Seasonally adjusted,Kilotonnes,11086,Carbon dioxide equivalents
2013.06,AAZ,"Agriculture, forestry, and fishing",Carbon dioxide equivalents,Actual,Kilotonnes,9016,Carbon dioxide equivalents
2013.09,AAZ,"Agriculture, forestry, and fishing",Carbon dioxide equivalents,Seasonally adjusted,Kilotonnes,11517,Carbon dioxide equivalents
2013.09,AAZ,"Agriculture, forestry, and fishing",Carbon dioxide equivalents,Actual,Kilotonnes,10176,Carbon dioxide equivalents
2013.12,AAZ,"Agriculture, forestry, and fishing",Carbon dioxide equivalents,Seasonally adjusted,Kilotonnes,11566,Carbon dioxide equivalents
2013.12,AAZ,"Agriculture, forestry, and fishing",Carbon dioxide equivalents,Actual,Kilotonnes,13468,Carbon dioxide equivalents
2014.03,AAZ,"Agriculture, forestry, and fishing",Carbon dioxide equivalents,Seasonally adjusted,Kilotonnes,11439,Carbon dioxide equivalents
2014.03,AAZ,"Agriculture, forestry, and fishing",Carbon dioxide equivalents,Actual,Kilotonnes,13023,Carbon dioxide equivalents
2014.06,AAZ,"Agriculture, forestry, and fishing",Carbon dioxide equivalents,Seasonally adjusted,Kilotonnes,11267,Carbon dioxide equivalents
2014.06,AAZ,"Agriculture, forestry, and fishing",Carbon dioxide equivalents,Actual,Kilotonnes,9166,Carbon dioxide equivalents
2014.09,AAZ,"Agriculture, forestry, and fishing",Carbon dioxide equivalents,Seasonally adjusted,Kilotonnes,11434,Carbon dioxide equivalents
2014.09,AAZ,"Agriculture, forestry, and fishing",Carbon dioxide equivalents,Actual,Kilotonnes,10107,Carbon dioxide equivalents
2014.12,AAZ,"Agriculture, forestry, and fishing",Carbon dioxide equivalents,Seasonally adjusted,Kilotonnes,11448,Carbon dioxide equivalents
2014.12,AAZ,"Agriculture, forestry, and fishing",Carbon dioxide equivalents,Actual,Kilotonnes,13322,Carbon dioxide equivalents
2015.03,AAZ,"Agriculture, forestry, and fishing",Carbon dioxide equivalents,Seasonally adjusted,Kilotonnes,11365,Carbon dioxide equivalents
2015.03,AAZ,"Agriculture, forestry, and fishing",Carbon dioxide equivalents,Actual,Kilotonnes,12937,Carbon dioxide equivalents
2015.06,AAZ,"Agriculture, forestry, and fishing",Carbon dioxide equivalents,Seasonally adjusted,Kilotonnes,11428,Carbon dioxide equivalents
2015.06,AAZ,"Agriculture, forestry, and fishing",Carbon dioxide equivalents,Actual,Kilotonnes,9309,Carbon dioxide equivalents
2015.09,AAZ,"Agriculture, forestry, and fishing",Carbon dioxide equivalents,Seasonally adjusted,Kilotonnes,11157,Carbon dioxide equivalents
2015.09,AAZ,"Agriculture, forestry, and fishing",Carbon dioxide equivalents,Actual,Kilotonnes,9867,Carbon dioxide equivalents
2015.12,AAZ,"Agriculture, forestry, and fishing",Carbon dioxide equivalents,Seasonally adjusted,Kilotonnes,11240,Carbon dioxide equivalents
2015.12,AAZ,"Agriculture, forestry, and fishing",Carbon dioxide equivalents,Actual,Kilotonnes,13061,Carbon dioxide equivalents
2016.03,AAZ,"Agriculture, forestry, and fishing",Carbon dioxide equivalents,Seasonally adjusted,Kilotonnes,11275,Carbon dioxide equivalents
2016.03,AAZ,"Agriculture, forestry, and fishing",Carbon dioxide equivalents,Actual,Kilotonnes,12828,Carbon dioxide equivalents
2016.06,AAZ,"Agriculture, forestry, and fishing",Carbon dioxide equivalents,Seasonally adjusted,Kilotonnes,11068,Carbon dioxide equivalents
2016.06,AAZ,"Agriculture, forestry, and fishing",Carbon dioxide equivalents,Actual,Kilotonnes,9043,Carbon dioxide equivalents
2016.09,AAZ,"Agriculture, forestry, and fishing",Carbon dioxide equivalents,Seasonally adjusted,Kilotonnes,11145,Carbon dioxide equivalents
2016.09,AAZ,"Agriculture, forestry, and fishing",Carbon dioxide equivalents,Actual,Kilotonnes,9853,Carbon dioxide equivalents
2016.12,AAZ,"Agriculture, forestry, and fishing",Carbon dioxide equivalents,Seasonally adjusted,Kilotonnes,11093,Carbon dioxide equivalents
2016.12,AAZ,"Agriculture, forestry, and fishing",Carbon dioxide equivalents,Actual,Kilotonnes,12868,Carbon dioxide equivalents
2017.03,AAZ,"Agriculture, forestry, and fishing",Carbon dioxide equivalents,Seasonally adjusted,Kilotonnes,11199,Carbon dioxide equivalents
2017.03,AAZ,"Agriculture, forestry, and fishing",Carbon dioxide equivalents,Actual,Kilotonnes,12738,Carbon dioxide equivalents
2017.06,AAZ,"Agriculture, forestry, and fishing",Carbon dioxide equivalents,Seasonally adjusted,Kilotonnes,11247,Carbon dioxide equivalents
2017.06,AAZ,"Agriculture, forestry, and fishing",Carbon dioxide equivalents,Actual,Kilotonnes,9219,Carbon dioxide equivalents
2017.09,AAZ,"Agriculture, forestry, and fishing",Carbon dioxide equivalents,Seasonally adjusted,Kilotonnes,11164,Carbon dioxide equivalents
2017.09,AAZ,"Agriculture, forestry, and fishing",Carbon dioxide equivalents,Actual,Kilotonnes,9863,Carbon dioxide equivalents
2017.12,AAZ,"Agriculture, forestry, and fishing",Carbon dioxide equivalents,Seasonally adjusted,Kilotonnes,11099,Carbon dioxide equivalents
2017.12,AAZ,"Agriculture, forestry, and fishing",Carbon dioxide equivalents,Actual,Kilotonnes,12857,Carbon dioxide equivalents
2018.03,AAZ,"Agriculture, forestry, and fishing",Carbon dioxide equivalents,Seasonally adjusted,Kilotonnes,11100,Carbon dioxide equivalents
2018.03,AAZ,"Agriculture, forestry, and fishing",Carbon dioxide equivalents,Actual,Kilotonnes,12622,Carbon dioxide equivalents
2018.06,AAZ,"Agriculture, forestry, and fishing",Carbon dioxide equivalents,Seasonally adjusted,Kilotonnes,11239,Carbon dioxide equivalents
2018.06,AAZ,"Agriculture, forestry, and fishing",Carbon dioxide equivalents,Actual,Kilotonnes,9244,Carbon dioxide equivalents
2018.09,AAZ,"Agriculture, forestry, and fishing",Carbon dioxide equivalents,Seasonally adjusted,Kilotonnes,11365,Carbon dioxide equivalents
2018.09,AAZ,"Agriculture, forestry, and fishing",Carbon dioxide equivalents,Actual,Kilotonnes,10025,Carbon dioxide equivalents
2018.12,AAZ,"Agriculture, forestry, and fishing",Carbon dioxide equivalents,Seasonally adjusted,Kilotonnes,11319,Carbon dioxide equivalents
2018.12,AAZ,"Agriculture, forestry, and fishing",Carbon dioxide equivalents,Actual,Kilotonnes,13104,Carbon dioxide equivalents
2019.03,AAZ,"Agriculture, forestry, and fishing",Carbon dioxide equivalents,Seasonally adjusted,Kilotonnes,11319,Carbon dioxide equivalents
2019.03,AAZ,"Agriculture, forestry, and fishing",Carbon dioxide equivalents,Actual,Kilotonnes,12872,Carbon dioxide equivalents
2019.06,AAZ,"Agriculture, forestry, and fishing",Carbon dioxide equivalents,Seasonally adjusted,Kilotonnes,11364,Carbon dioxide equivalents
2019.06,AAZ,"Agriculture, forestry, and fishing",Carbon dioxide equivalents,Actual,Kilotonnes,9367,Carbon dioxide equivalents
2019.09,AAZ,"Agriculture, forestry, and fishing",Carbon dioxide equivalents,Seasonally adjusted,Kilotonnes,11327,Carbon dioxide equivalents
2019.09,AAZ,"Agriculture, forestry, and fishing",Carbon dioxide equivalents,Actual,Kilotonnes,9975,Carbon dioxide equivalents
2019.12,AAZ,"Agriculture, forestry, and fishing",Carbon dioxide equivalents,Seasonally adjusted,Kilotonnes,11331,Carbon dioxide equivalents
2019.12,AAZ,"Agriculture, forestry, and fishing",Carbon dioxide equivalents,Actual,Kilotonnes,13120,Carbon dioxide equivalents
2020.03,AAZ,"Agriculture, forestry, and fishing",Carbon dioxide equivalents,Seasonally adjusted,Kilotonnes,11304,Carbon dioxide equivalents
2020.03,AAZ,"Agriculture, forestry, and fishing",Carbon dioxide equivalents,Actual,Kilotonnes,12852,Carbon dioxide equivalents
2020.06,AAZ,"Agriculture, forestry, and fishing",Carbon dioxide equivalents,Seasonally adjusted,Kilotonnes,11091,Carbon dioxide equivalents
2020.06,AAZ,"Agriculture, forestry, and fishing",Carbon dioxide equivalents,Actual,Kilotonnes,9162,Carbon dioxide equivalents
2020.09,AAZ,"Agriculture, forestry, and fishing",Carbon dioxide equivalents,Seasonally adjusted,Kilotonnes,11404,Carbon dioxide equivalents
2020.09,AAZ,"Agriculture, forestry, and fishing",Carbon dioxide equivalents,Actual,Kilotonnes,10014,Carbon dioxide equivalents
2020.12,AAZ,"Agriculture, forestry, and fishing",Carbon dioxide equivalents,Seasonally adjusted,Kilotonnes,11375,Carbon dioxide equivalents
2020.12,AAZ,"Agriculture, forestry, and fishing",Carbon dioxide equivalents,Actual,Kilotonnes,13183,Carbon dioxide equivalents
2021.03,AAZ,"Agriculture, forestry, and fishing",Carbon dioxide equivalents,Seasonally adjusted,Kilotonnes,11377,Carbon dioxide equivalents
2021.03,AAZ,"Agriculture, forestry, and fishing",Carbon dioxide equivalents,Actual,Kilotonnes,12940,Carbon dioxide equivalents
2021.06,AAZ,"Agriculture, forestry, and fishing",Carbon dioxide equivalents,Seasonally adjusted,Kilotonnes,11374,Carbon dioxide equivalents
2021.06,AAZ,"Agriculture, forestry, and fishing",Carbon dioxide equivalents,Actual,Kilotonnes,9399,Carbon dioxide equivalents
2021.09,AAZ,"Agriculture, forestry, and fishing",Carbon dioxide equivalents,Seasonally adjusted,Kilotonnes,11183,Carbon dioxide equivalents
2021.09,AAZ,"Agriculture, forestry, and fishing",Carbon dioxide equivalents,Actual,Kilotonnes,9800,Carbon dioxide equivalents
2021.12,AAZ,"Agriculture, forestry, and fishing",Carbon dioxide equivalents,Seasonally adjusted,Kilotonnes,11077,Carbon dioxide equivalents
2021.12,AAZ,"Agriculture, forestry, and fishing",Carbon dioxide equivalents,Actual,Kilotonnes,12851,Carbon dioxide equivalents
2022.03,AAZ,"Agriculture, forestry, and fishing",Carbon dioxide equivalents,Seasonally adjusted,Kilotonnes,11083,Carbon dioxide equivalents
2022.03,AAZ,"Agriculture, forestry, and fishing",Carbon dioxide equivalents,Actual,Kilotonnes,12606,Carbon dioxide equivalents
2022.06,AAZ,"Agriculture, forestry, and fishing",Carbon dioxide equivalents,Seasonally adjusted,Kilotonnes,10972,Carbon dioxide equivalents
2022.06,AAZ,"Agriculture, forestry, and fishing",Carbon dioxide equivalents,Actual,Kilotonnes,9070,Carbon dioxide equivalents
2022.09,AAZ,"Agriculture, forestry, and fishing",Carbon dioxide equivalents,Seasonally adjusted,Kilotonnes,10894,Carbon dioxide equivalents
2022.09,AAZ,"Agriculture, forestry, and fishing",Carbon dioxide equivalents,Actual,Kilotonnes,9535,Carbon dioxide equivalents
2022.12,AAZ,"Agriculture, forestry, and fishing",Carbon dioxide equivalents,Seasonally adjusted,Kilotonnes,10860,Carbon dioxide equivalents
2022.12,AAZ,"Agriculture, forestry, and fishing",Carbon dioxide equivalents,Actual,Kilotonnes,12605,Carbon dioxide equivalents
2023.03,AAZ,"Agriculture, forestry, and fishing",Carbon dioxide equivalents,Seasonally adjusted,Kilotonnes,10739,Carbon dioxide equivalents
2023.03,AAZ,"Agriculture, forestry, and fishing",Carbon dioxide equivalents,Actual,Kilotonnes,12220,Carbon dioxide equivalents
2023.06,AAZ,"Agriculture, forestry, and fishing",Carbon dioxide equivalents,Seasonally adjusted,Kilotonnes,10753,Carbon dioxide equivalents
2023.06,AAZ,"Agriculture, forestry, and fishing",Carbon dioxide equivalents,Actual,Kilotonnes,8883,Carbon dioxide equivalents
2023.09,AAZ,"Agriculture, forestry, and fishing",Carbon dioxide equivalents,Seasonally adjusted,Kilotonnes,10616,Carbon dioxide equivalents
2023.09,AAZ,"Agriculture, forestry, and fishing",Carbon dioxide equivalents,Actual,Kilotonnes,9291,Carbon dioxide equivalents
2023.12,AAZ,"Agriculture, forestry, and fishing",Carbon dioxide equivalents,Seasonally adjusted,Kilotonnes,10726,Carbon dioxide equivalents
2023.12,AAZ,"Agriculture, forestry, and fishing",Carbon dioxide equivalents,Actual,Kilotonnes,12450,Carbon dioxide equivalents
2024.03,AAZ,"Agriculture, forestry, and fishing",Carbon dioxide equivalents,Seasonally adjusted,Kilotonnes,10717,Carbon dioxide equivalents
2024.03,AAZ,"Agriculture, forestry, and fishing",Carbon dioxide equivalents,Actual,Kilotonnes,12195,Carbon dioxide equivalents
2024.06,AAZ,"Agriculture, forestry, and fishing",Carbon dioxide equivalents,Seasonally adjusted,Kilotonnes,10638,Carbon dioxide equivalents
2024.06,AAZ,"Agriculture, forestry, and fishing",Carbon dioxide equivalents,Actual,Kilotonnes,8785,Carbon dioxide equivalents
2024.09,AAZ,"Agriculture, forestry, and fishing",Carbon dioxide equivalents,Seasonally adjusted,Kilotonnes,10710,Carbon dioxide equivalents
2024.09,AAZ,"Agriculture, forestry, and fishing",Carbon dioxide equivalents,Actual,Kilotonnes,9378,Carbon dioxide equivalents
2024.12,AAZ,"Agriculture, forestry, and fishing",Carbon dioxide equivalents,Seasonally adjusted,Kilotonnes,10670,Carbon dioxide equivalents
2024.12,AAZ,"Agriculture, forestry, and fishing",Carbon dioxide equivalents,Actual,Kilotonnes,12381,Carbon dioxide equivalents
2025.03,AAZ,"Agriculture, forestry, and fishing",Carbon dioxide equivalents,Seasonally adjusted,Kilotonnes,10583,Carbon dioxide equivalents
2025.03,AAZ,"Agriculture, forestry, and fishing",Carbon dioxide equivalents,Actual,Kilotonnes,12049,Carbon dioxide equivalents
2025.06,AAZ,"Agriculture, forestry, and fishing",Carbon dioxide equivalents,Seasonally adjusted,Kilotonnes,10641,Carbon dioxide equivalents
2025.06,AAZ,"Agriculture, forestry, and fishing",Carbon dioxide equivalents,Actual,Kilotonnes,8780,Carbon dioxide equivalents
2025.09,AAZ,"Agriculture, forestry, and fishing",Carbon dioxide equivalents,Seasonally adjusted,Kilotonnes,10634,Carbon dioxide equivalents
2025.09,AAZ,"Agriculture, forestry, and fishing",Carbon dioxide equivalents,Actual,Kilotonnes,9319,Carbon dioxide equivalents
2025.12,AAZ,"Agriculture, forestry, and fishing",Carbon dioxide equivalents,Seasonally adjusted,Kilotonnes,10586,Carbon dioxide equivalents
2025.12,AAZ,"Agriculture, forestry, and fishing",Carbon dioxide equivalents,Actual,Kilotonnes,12280,Carbon dioxide equivalents
2026.03,AAZ,"Agriculture, forestry, and fishing",Carbon dioxide equivalents,Seasonally adjusted,Kilotonnes,10704,Carbon dioxide equivalents
2026.03,AAZ,"Agriculture, forestry, and fishing",Carbon dioxide equivalents,Actual,Kilotonnes,12187,Carbon dioxide equivalents
2010.03,BB1,Mining,Carbon dioxide equivalents,Seasonally adjusted,Kilotonnes,587,Carbon dioxide equivalents
2010.03,BB1,Mining,Carbon dioxide equivalents,Actual,Kilotonnes,587,Carbon dioxide equivalents
2010.06,BB1,Mining,Carbon dioxide equivalents,Seasonally adjusted,Kilotonnes,596,Carbon dioxide equivalents
2010.06,BB1,Mining,Carbon dioxide equivalents,Actual,Kilotonnes,596,Carbon dioxide equivalents
2010.09,BB1,Mining,Carbon dioxide equivalents,Seasonally adjusted,Kilotonnes,621,Carbon dioxide equivalents
2010.09,BB1,Mining,Carbon dioxide equivalents,Actual,Kilotonnes,621,Carbon dioxide equivalents
2010.12,BB1,Mining,Carbon dioxide equivalents,Seasonally adjusted,Kilotonnes,620,Carbon dioxide equivalents
2010.12,BB1,Mining,Carbon dioxide equivalents,Actual,Kilotonnes,620,Carbon dioxide equivalents
2011.03,BB1,Mining,Carbon dioxide equivalents,Seasonally adjusted,Kilotonnes,582,Carbon dioxide equivalents
2011.03,BB1,Mining,Carbon dioxide equivalents,Actual,Kilotonnes,582,Carbon dioxide equivalents
2011.06,BB1,Mining,Carbon dioxide equivalents,Seasonally adjusted,Kilotonnes,581,Carbon dioxide equivalents
2011.06,BB1,Mining,Carbon dioxide equivalents,Actual,Kilotonnes,581,Carbon dioxide equivalents
2011.09,BB1,Mining,Carbon dioxide equivalents,Seasonally adjusted,Kilotonnes,595,Carbon dioxide equivalents
2011.09,BB1,Mining,Carbon dioxide equivalents,Actual,Kilotonnes,595,Carbon dioxide equivalents
2011.12,BB1,Mining,Carbon dioxide equivalents,Seasonally adjusted,Kilotonnes,551,Carbon dioxide equivalents
2011.12,BB1,Mining,Carbon dioxide equivalents,Actual,Kilotonnes,551,Carbon dioxide equivalents
2012.03,BB1,Mining,Carbon dioxide equivalents,Seasonally adjusted,Kilotonnes,493,Carbon dioxide equivalents
2012.03,BB1,Mining,Carbon dioxide equivalents,Actual,Kilotonnes,493,Carbon dioxide equivalents
2012.06,BB1,Mining,Carbon dioxide equivalents,Seasonally adjusted,Kilotonnes,474,Carbon dioxide equivalents
2012.06,BB1,Mining,Carbon dioxide equivalents,Actual,Kilotonnes,474,Carbon dioxide equivalents
2012.09,BB1,Mining,Carbon dioxide equivalents,Seasonally adjusted,Kilotonnes,443,Carbon dioxide equivalents
2012.09,BB1,Mining,Carbon dioxide equivalents,Actual,Kilotonnes,443,Carbon dioxide equivalents
2012.12,BB1,Mining,Carbon dioxide equivalents,Seasonally adjusted,Kilotonnes,398,Carbon dioxide equivalents
2012.12,BB1,Mining,Carbon dioxide equivalents,Actual,Kilotonnes,398,Carbon dioxide equivalents
2013.03,BB1,Mining,Carbon dioxide equivalents,Seasonally adjusted,Kilotonnes,380,Carbon dioxide equivalents
2013.03,BB1,Mining,Carbon dioxide equivalents,Actual,Kilotonnes,380,Carbon dioxide equivalents
2013.06,BB1,Mining,Carbon dioxide equivalents,Seasonally adjusted,Kilotonnes,400,Carbon dioxide equivalents
2013.06,BB1,Mining,Carbon dioxide equivalents,Actual,Kilotonnes,400,Carbon dioxide equivalents
2013.09,BB1,Mining,Carbon dioxide equivalents,Seasonally adjusted,Kilotonnes,335,Carbon dioxide equivalents
2013.09,BB1,Mining,Carbon dioxide equivalents,Actual,Kilotonnes,335,Carbon dioxide equivalents
2013.12,BB1,Mining,Carbon dioxide equivalents,Seasonally adjusted,Kilotonnes,360,Carbon dioxide equivalents
2013.12,BB1,Mining,Carbon dioxide equivalents,Actual,Kilotonnes,360,Carbon dioxide equivalents
2014.03,BB1,Mining,Carbon dioxide equivalents,Seasonally adjusted,Kilotonnes,392,Carbon dioxide equivalents
2014.03,BB1,Mining,Carbon dioxide equivalents,Actual,Kilotonnes,392,Carbon dioxide equivalents
2014.06,BB1,Mining,Carbon dioxide equivalents,Seasonally adjusted,Kilotonnes,374,Carbon dioxide equivalents
2014.06,BB1,Mining,Carbon dioxide equivalents,Actual,Kilotonnes,374,Carbon dioxide equivalents
2014.09,BB1,Mining,Carbon dioxide equivalents,Seasonally adjusted,Kilotonnes,397,Carbon dioxide equivalents
2014.09,BB1,Mining,Carbon dioxide equivalents,Actual,Kilotonnes,397,Carbon dioxide equivalents
2014.12,BB1,Mining,Carbon dioxide equivalents,Seasonally adjusted,Kilotonnes,353,Carbon dioxide equivalents
2014.12,BB1,Mining,Carbon dioxide equivalents,Actual,Kilotonnes,353,Carbon dioxide equivalents
2015.03,BB1,Mining,Carbon dioxide equivalents,Seasonally adjusted,Kilotonnes,353,Carbon dioxide equivalents
2015.03,BB1,Mining,Carbon dioxide equivalents,Actual,Kilotonnes,353,Carbon dioxide equivalents
2015.06,BB1,Mining,Carbon dioxide equivalents,Seasonally adjusted,Kilotonnes,420,Carbon dioxide equivalents
2015.06,BB1,Mining,Carbon dioxide equivalents,Actual,Kilotonnes,420,Carbon dioxide equivalents
2015.09,BB1,Mining,Carbon dioxide equivalents,Seasonally adjusted,Kilotonnes,446,Carbon dioxide equivalents
2015.09,BB1,Mining,Carbon dioxide equivalents,Actual,Kilotonnes,446,Carbon dioxide equivalents
2015.12,BB1,Mining,Carbon dioxide equivalents,Seasonally adjusted,Kilotonnes,413,Carbon dioxide equivalents
2015.12,BB1,Mining,Carbon dioxide equivalents,Actual,Kilotonnes,413,Carbon dioxide equivalents
2016.03,BB1,Mining,Carbon dioxide equivalents,Seasonally adjusted,Kilotonnes,397,Carbon dioxide equivalents
2016.03,BB1,Mining,Carbon dioxide equivalents,Actual,Kilotonnes,397,Carbon dioxide equivalents
2016.06,BB1,Mining,Carbon dioxide equivalents,Seasonally adjusted,Kilotonnes,355,Carbon dioxide equivalents
2016.06,BB1,Mining,Carbon dioxide equivalents,Actual,Kilotonnes,355,Carbon dioxide equivalents
2016.09,BB1,Mining,Carbon dioxide equivalents,Seasonally adjusted,Kilotonnes,388,Carbon dioxide equivalents
2016.09,BB1,Mining,Carbon dioxide equivalents,Actual,Kilotonnes,388,Carbon dioxide equivalents
2016.12,BB1,Mining,Carbon dioxide equivalents,Seasonally adjusted,Kilotonnes,336,Carbon dioxide equivalents
2016.12,BB1,Mining,Carbon dioxide equivalents,Actual,Kilotonnes,336,Carbon dioxide equivalents
2017.03,BB1,Mining,Carbon dioxide equivalents,Seasonally adjusted,Kilotonnes,324,Carbon dioxide equivalents
2017.03,BB1,Mining,Carbon dioxide equivalents,Actual,Kilotonnes,324,Carbon dioxide equivalents
2017.06,BB1,Mining,Carbon dioxide equivalents,Seasonally adjusted,Kilotonnes,334,Carbon dioxide equivalents
2017.06,BB1,Mining,Carbon dioxide equivalents,Actual,Kilotonnes,334,Carbon dioxide equivalents
2017.09,BB1,Mining,Carbon dioxide equivalents,Seasonally adjusted,Kilotonnes,346,Carbon dioxide equivalents
2017.09,BB1,Mining,Carbon dioxide equivalents,Actual,Kilotonnes,346,Carbon dioxide equivalents
2017.12,BB1,Mining,Carbon dioxide equivalents,Seasonally adjusted,Kilotonnes,362,Carbon dioxide equivalents
2017.12,BB1,Mining,Carbon dioxide equivalents,Actual,Kilotonnes,362,Carbon dioxide equivalents
2018.03,BB1,Mining,Carbon dioxide equivalents,Seasonally adjusted,Kilotonnes,340,Carbon dioxide equivalents
2018.03,BB1,Mining,Carbon dioxide equivalents,Actual,Kilotonnes,340,Carbon dioxide equivalents
2018.06,BB1,Mining,Carbon dioxide equivalents,Seasonally adjusted,Kilotonnes,321,Carbon dioxide equivalents
2018.06,BB1,Mining,Carbon dioxide equivalents,Actual,Kilotonnes,321,Carbon dioxide equivalents
2018.09,BB1,Mining,Carbon dioxide equivalents,Seasonally adjusted,Kilotonnes,328,Carbon dioxide equivalents
2018.09,BB1,Mining,Carbon dioxide equivalents,Actual,Kilotonnes,328,Carbon dioxide equivalents
2018.12,BB1,Mining,Carbon dioxide equivalents,Seasonally adjusted,Kilotonnes,306,Carbon dioxide equivalents
2018.12,BB1,Mining,Carbon dioxide equivalents,Actual,Kilotonnes,306,Carbon dioxide equivalents
2019.03,BB1,Mining,Carbon dioxide equivalents,Seasonally adjusted,Kilotonnes,316,Carbon dioxide equivalents
2019.03,BB1,Mining,Carbon dioxide equivalents,Actual,Kilotonnes,316,Carbon dioxide equivalents
2019.06,BB1,Mining,Carbon dioxide equivalents,Seasonally adjusted,Kilotonnes,334,Carbon dioxide equivalents
2019.06,BB1,Mining,Carbon dioxide equivalents,Actual,Kilotonnes,334,Carbon dioxide equivalents
2019.09,BB1,Mining,Carbon dioxide equivalents,Seasonally adjusted,Kilotonnes,337,Carbon dioxide equivalents
2019.09,BB1,Mining,Carbon dioxide equivalents,Actual,Kilotonnes,337,Carbon dioxide equivalents
2019.12,BB1,Mining,Carbon dioxide equivalents,Seasonally adjusted,Kilotonnes,325,Carbon dioxide equivalents
2019.12,BB1,Mining,Carbon dioxide equivalents,Actual,Kilotonnes,325,Carbon dioxide equivalents
2020.03,BB1,Mining,Carbon dioxide equivalents,Seasonally adjusted,Kilotonnes,303,Carbon dioxide equivalents
2020.03,BB1,Mining,Carbon dioxide equivalents,Actual,Kilotonnes,303,Carbon dioxide equivalents
2020.06,BB1,Mining,Carbon dioxide equivalents,Seasonally adjusted,Kilotonnes,250,Carbon dioxide equivalents
2020.06,BB1,Mining,Carbon dioxide equivalents,Actual,Kilotonnes,250,Carbon dioxide equivalents
2020.09,BB1,Mining,Carbon dioxide equivalents,Seasonally adjusted,Kilotonnes,279,Carbon dioxide equivalents
2020.09,BB1,Mining,Carbon dioxide equivalents,Actual,Kilotonnes,279,Carbon dioxide equivalents
2020.12,BB1,Mining,Carbon dioxide equivalents,Seasonally adjusted,Kilotonnes,274,Carbon dioxide equivalents
2020.12,BB1,Mining,Carbon dioxide equivalents,Actual,Kilotonnes,274,Carbon dioxide equivalents
2021.03,BB1,Mining,Carbon dioxide equivalents,Seasonally adjusted,Kilotonnes,285,Carbon dioxide equivalents
2021.03,BB1,Mining,Carbon dioxide equivalents,Actual,Kilotonnes,285,Carbon dioxide equivalents
2021.06,BB1,Mining,Carbon dioxide equivalents,Seasonally adjusted,Kilotonnes,280,Carbon dioxide equivalents
2021.06,BB1,Mining,Carbon dioxide equivalents,Actual,Kilotonnes,280,Carbon dioxide equivalents
2021.09,BB1,Mining,Carbon dioxide equivalents,Seasonally adjusted,Kilotonnes,269,Carbon dioxide equivalents
2021.09,BB1,Mining,Carbon dioxide equivalents,Actual,Kilotonnes,269,Carbon dioxide equivalents
2021.12,BB1,Mining,Carbon dioxide equivalents,Seasonally adjusted,Kilotonnes,272,Carbon dioxide equivalents
2021.12,BB1,Mining,Carbon dioxide equivalents,Actual,Kilotonnes,272,Carbon dioxide equivalents
2022.03,BB1,Mining,Carbon dioxide equivalents,Seasonally adjusted,Kilotonnes,316,Carbon dioxide equivalents
2022.03,BB1,Mining,Carbon dioxide equivalents,Actual,Kilotonnes,316,Carbon dioxide equivalents
2022.06,BB1,Mining,Carbon dioxide equivalents,Seasonally adjusted,Kilotonnes,336,Carbon dioxide equivalents
2022.06,BB1,Mining,Carbon dioxide equivalents,Actual,Kilotonnes,336,Carbon dioxide equivalents
2022.09,BB1,Mining,Carbon dioxide equivalents,Seasonally adjusted,Kilotonnes,314,Carbon dioxide equivalents
2022.09,BB1,Mining,Carbon dioxide equivalents,Actual,Kilotonnes,314,Carbon dioxide equivalents
2022.12,BB1,Mining,Carbon dioxide equivalents,Seasonally adjusted,Kilotonnes,318,Carbon dioxide equivalents
2022.12,BB1,Mining,Carbon dioxide equivalents,Actual,Kilotonnes,318,Carbon dioxide equivalents
2023.03,BB1,Mining,Carbon dioxide equivalents,Seasonally adjusted,Kilotonnes,280,Carbon dioxide equivalents
2023.03,BB1,Mining,Carbon dioxide equivalents,Actual,Kilotonnes,280,Carbon dioxide equivalents
2023.06,BB1,Mining,Carbon dioxide equivalents,Seasonally adjusted,Kilotonnes,284,Carbon dioxide equivalents
2023.06,BB1,Mining,Carbon dioxide equivalents,Actual,Kilotonnes,284,Carbon dioxide equivalents
2023.09,BB1,Mining,Carbon dioxide equivalents,Seasonally adjusted,Kilotonnes,272,Carbon dioxide equivalents
2023.09,BB1,Mining,Carbon dioxide equivalents,Actual,Kilotonnes,272,Carbon dioxide equivalents
2023.12,BB1,Mining,Carbon dioxide equivalents,Seasonally adjusted,Kilotonnes,307,Carbon dioxide equivalents
2023.12,BB1,Mining,Carbon dioxide equivalents,Actual,Kilotonnes,307,Carbon dioxide equivalents
2024.03,BB1,Mining,Carbon dioxide equivalents,Seasonally adjusted,Kilotonnes,306,Carbon dioxide equivalents
2024.03,BB1,Mining,Carbon dioxide equivalents,Actual,Kilotonnes,306,Carbon dioxide equivalents
2024.06,BB1,Mining,Carbon dioxide equivalents,Seasonally adjusted,Kilotonnes,314,Carbon dioxide equivalents
2024.06,BB1,Mining,Carbon dioxide equivalents,Actual,Kilotonnes,314,Carbon dioxide equivalents
2024.09,BB1,Mining,Carbon dioxide equivalents,Seasonally adjusted,Kilotonnes,337,Carbon dioxide equivalents
2024.09,BB1,Mining,Carbon dioxide equivalents,Actual,Kilotonnes,337,Carbon dioxide equivalents
2024.12,BB1,Mining,Carbon dioxide equivalents,Seasonally adjusted,Kilotonnes,303,Carbon dioxide equivalents
2024.12,BB1,Mining,Carbon dioxide equivalents,Actual,Kilotonnes,303,Carbon dioxide equivalents
2025.03,BB1,Mining,Carbon dioxide equivalents,Seasonally adjusted,Kilotonnes,301,Carbon dioxide equivalents
2025.03,BB1,Mining,Carbon dioxide equivalents,Actual,Kilotonnes,301,Carbon dioxide equivalents
2025.06,BB1,Mining,Carbon dioxide equivalents,Seasonally adjusted,Kilotonnes,284,Carbon dioxide equivalents
2025.06,BB1,Mining,Carbon dioxide equivalents,Actual,Kilotonnes,284,Carbon dioxide equivalents
2025.09,BB1,Mining,Carbon dioxide equivalents,Seasonally adjusted,Kilotonnes,296,Carbon dioxide equivalents
2025.09,BB1,Mining,Carbon dioxide equivalents,Actual,Kilotonnes,296,Carbon dioxide equivalents
2025.12,BB1,Mining,Carbon dioxide equivalents,Seasonally adjusted,Kilotonnes,273,Carbon dioxide equivalents
2025.12,BB1,Mining,Carbon dioxide equivalents,Actual,Kilotonnes,273,Carbon dioxide equivalents
2026.03,BB1,Mining,Carbon dioxide equivalents,Seasonally adjusted,Kilotonnes,223,Carbon dioxide equivalents
2026.03,BB1,Mining,Carbon dioxide equivalents,Actual,Kilotonnes,223,Carbon dioxide equivalents
2010.03,C34,Wood and paper products manufacturing and printing,Carbon dioxide equivalents,Seasonally adjusted,Kilotonnes,146,Carbon dioxide equivalents
2010.03,C34,Wood and paper products manufacturing and printing,Carbon dioxide equivalents,Actual,Kilotonnes,132,Carbon dioxide equivalents
2010.06,C34,Wood and paper products manufacturing and printing,Carbon dioxide equivalents,Seasonally adjusted,Kilotonnes,154,Carbon dioxide equivalents
2010.06,C34,Wood and paper products manufacturing and printing,Carbon dioxide equivalents,Actual,Kilotonnes,161,Carbon dioxide equivalents
2010.09,C34,Wood and paper products manufacturing and printing,Carbon dioxide equivalents,Seasonally adjusted,Kilotonnes,152,Carbon dioxide equivalents
2010.09,C34,Wood and paper products manufacturing and printing,Carbon dioxide equivalents,Actual,Kilotonnes,164,Carbon dioxide equivalents
2010.12,C34,Wood and paper products manufacturing and printing,Carbon dioxide equivalents,Seasonally adjusted,Kilotonnes,145,Carbon dioxide equivalents
2010.12,C34,Wood and paper products manufacturing and printing,Carbon dioxide equivalents,Actual,Kilotonnes,141,Carbon dioxide equivalents
2011.03,C34,Wood and paper products manufacturing and printing,Carbon dioxide equivalents,Seasonally adjusted,Kilotonnes,151,Carbon dioxide equivalents
2011.03,C34,Wood and paper products manufacturing and printing,Carbon dioxide equivalents,Actual,Kilotonnes,136,Carbon dioxide equivalents
2011.06,C34,Wood and paper products manufacturing and printing,Carbon dioxide equivalents,Seasonally adjusted,Kilotonnes,153,Carbon dioxide equivalents
2011.06,C34,Wood and paper products manufacturing and printing,Carbon dioxide equivalents,Actual,Kilotonnes,159,Carbon dioxide equivalents
2011.09,C34,Wood and paper products manufacturing and printing,Carbon dioxide equivalents,Seasonally adjusted,Kilotonnes,147,Carbon dioxide equivalents
2011.09,C34,Wood and paper products manufacturing and printing,Carbon dioxide equivalents,Actual,Kilotonnes,159,Carbon dioxide equivalents
2011.12,C34,Wood and paper products manufacturing and printing,Carbon dioxide equivalents,Seasonally adjusted,Kilotonnes,157,Carbon dioxide equivalents
2011.12,C34,Wood and paper products manufacturing and printing,Carbon dioxide equivalents,Actual,Kilotonnes,154,Carbon dioxide equivalents
2012.03,C34,Wood and paper products manufacturing and printing,Carbon dioxide equivalents,Seasonally adjusted,Kilotonnes,160,Carbon dioxide equivalents
2012.03,C34,Wood and paper products manufacturing and printing,Carbon dioxide equivalents,Actual,Kilotonnes,145,Carbon dioxide equivalents
2012.06,C34,Wood and paper products manufacturing and printing,Carbon dioxide equivalents,Seasonally adjusted,Kilotonnes,164,Carbon dioxide equivalents
2012.06,C34,Wood and paper products manufacturing and printing,Carbon dioxide equivalents,Actual,Kilotonnes,169,Carbon dioxide equivalents
2012.09,C34,Wood and paper products manufacturing and printing,Carbon dioxide equivalents,Seasonally adjusted,Kilotonnes,163,Carbon dioxide equivalents
2012.09,C34,Wood and paper products manufacturing and printing,Carbon dioxide equivalents,Actual,Kilotonnes,177,Carbon dioxide equivalents
2012.12,C34,Wood and paper products manufacturing and printing,Carbon dioxide equivalents,Seasonally adjusted,Kilotonnes,150,Carbon dioxide equivalents
2012.12,C34,Wood and paper products manufacturing and printing,Carbon dioxide equivalents,Actual,Kilotonnes,148,Carbon dioxide equivalents
2013.03,C34,Wood and paper products manufacturing and printing,Carbon dioxide equivalents,Seasonally adjusted,Kilotonnes,147,Carbon dioxide equivalents
2013.03,C34,Wood and paper products manufacturing and printing,Carbon dioxide equivalents,Actual,Kilotonnes,133,Carbon dioxide equivalents
2013.06,C34,Wood and paper products manufacturing and printing,Carbon dioxide equivalents,Seasonally adjusted,Kilotonnes,140,Carbon dioxide equivalents
2013.06,C34,Wood and paper products manufacturing and printing,Carbon dioxide equivalents,Actual,Kilotonnes,142,Carbon dioxide equivalents
2013.09,C34,Wood and paper products manufacturing and printing,Carbon dioxide equivalents,Seasonally adjusted,Kilotonnes,139,Carbon dioxide equivalents
2013.09,C34,Wood and paper products manufacturing and printing,Carbon dioxide equivalents,Actual,Kilotonnes,152,Carbon dioxide equivalents
2013.12,C34,Wood and paper products manufacturing and printing,Carbon dioxide equivalents,Seasonally adjusted,Kilotonnes,139,Carbon dioxide equivalents
2013.12,C34,Wood and paper products manufacturing and printing,Carbon dioxide equivalents,Actual,Kilotonnes,138,Carbon dioxide equivalents
2014.03,C34,Wood and paper products manufacturing and printing,Carbon dioxide equivalents,Seasonally adjusted,Kilotonnes,133,Carbon dioxide equivalents
2014.03,C34,Wood and paper products manufacturing and printing,Carbon dioxide equivalents,Actual,Kilotonnes,121,Carbon dioxide equivalents
2014.06,C34,Wood and paper products manufacturing and printing,Carbon dioxide equivalents,Seasonally adjusted,Kilotonnes,136,Carbon dioxide equivalents
2014.06,C34,Wood and paper products manufacturing and printing,Carbon dioxide equivalents,Actual,Kilotonnes,138,Carbon dioxide equivalents
2014.09,C34,Wood and paper products manufacturing and printing,Carbon dioxide equivalents,Seasonally adjusted,Kilotonnes,150,Carbon dioxide equivalents
2014.09,C34,Wood and paper products manufacturing and printing,Carbon dioxide equivalents,Actual,Kilotonnes,164,Carbon dioxide equivalents
2014.12,C34,Wood and paper products manufacturing and printing,Carbon dioxide equivalents,Seasonally adjusted,Kilotonnes,143,Carbon dioxide equivalents
2014.12,C34,Wood and paper products manufacturing and printing,Carbon dioxide equivalents,Actual,Kilotonnes,143,Carbon dioxide equivalents
2015.03,C34,Wood and paper products manufacturing and printing,Carbon dioxide equivalents,Seasonally adjusted,Kilotonnes,135,Carbon dioxide equivalents
2015.03,C34,Wood and paper products manufacturing and printing,Carbon dioxide equivalents,Actual,Kilotonnes,122,Carbon dioxide equivalents
2015.06,C34,Wood and paper products manufacturing and printing,Carbon dioxide equivalents,Seasonally adjusted,Kilotonnes,132,Carbon dioxide equivalents
2015.06,C34,Wood and paper products manufacturing and printing,Carbon dioxide equivalents,Actual,Kilotonnes,133,Carbon dioxide equivalents
2015.09,C34,Wood and paper products manufacturing and printing,Carbon dioxide equivalents,Seasonally adjusted,Kilotonnes,136,Carbon dioxide equivalents
2015.09,C34,Wood and paper products manufacturing and printing,Carbon dioxide equivalents,Actual,Kilotonnes,148,Carbon dioxide equivalents
2015.12,C34,Wood and paper products manufacturing and printing,Carbon dioxide equivalents,Seasonally adjusted,Kilotonnes,150,Carbon dioxide equivalents
2015.12,C34,Wood and paper products manufacturing and printing,Carbon dioxide equivalents,Actual,Kilotonnes,151,Carbon dioxide equivalents
2016.03,C34,Wood and paper products manufacturing and printing,Carbon dioxide equivalents,Seasonally adjusted,Kilotonnes,161,Carbon dioxide equivalents
2016.03,C34,Wood and paper products manufacturing and printing,Carbon dioxide equivalents,Actual,Kilotonnes,146,Carbon dioxide equivalents
2016.06,C34,Wood and paper products manufacturing and printing,Carbon dioxide equivalents,Seasonally adjusted,Kilotonnes,156,Carbon dioxide equivalents
2016.06,C34,Wood and paper products manufacturing and printing,Carbon dioxide equivalents,Actual,Kilotonnes,158,Carbon dioxide equivalents
2016.09,C34,Wood and paper products manufacturing and printing,Carbon dioxide equivalents,Seasonally adjusted,Kilotonnes,167,Carbon dioxide equivalents
2016.09,C34,Wood and paper products manufacturing and printing,Carbon dioxide equivalents,Actual,Kilotonnes,178,Carbon dioxide equivalents
2016.12,C34,Wood and paper products manufacturing and printing,Carbon dioxide equivalents,Seasonally adjusted,Kilotonnes,86,Carbon dioxide equivalents
2016.12,C34,Wood and paper products manufacturing and printing,Carbon dioxide equivalents,Actual,Kilotonnes,87,Carbon dioxide equivalents
2017.03,C34,Wood and paper products manufacturing and printing,Carbon dioxide equivalents,Seasonally adjusted,Kilotonnes,165,Carbon dioxide equivalents
2017.03,C34,Wood and paper products manufacturing and printing,Carbon dioxide equivalents,Actual,Kilotonnes,150,Carbon dioxide equivalents
2017.06,C34,Wood and paper products manufacturing and printing,Carbon dioxide equivalents,Seasonally adjusted,Kilotonnes,153,Carbon dioxide equivalents
2017.06,C34,Wood and paper products manufacturing and printing,Carbon dioxide equivalents,Actual,Kilotonnes,155,Carbon dioxide equivalents
2017.09,C34,Wood and paper products manufacturing and printing,Carbon dioxide equivalents,Seasonally adjusted,Kilotonnes,156,Carbon dioxide equivalents
2017.09,C34,Wood and paper products manufacturing and printing,Carbon dioxide equivalents,Actual,Kilotonnes,165,Carbon dioxide equivalents
2017.12,C34,Wood and paper products manufacturing and printing,Carbon dioxide equivalents,Seasonally adjusted,Kilotonnes,167,Carbon dioxide equivalents
2017.12,C34,Wood and paper products manufacturing and printing,Carbon dioxide equivalents,Actual,Kilotonnes,170,Carbon dioxide equivalents
2018.03,C34,Wood and paper products manufacturing and printing,Carbon dioxide equivalents,Seasonally adjusted,Kilotonnes,157,Carbon dioxide equivalents
2018.03,C34,Wood and paper products manufacturing and printing,Carbon dioxide equivalents,Actual,Kilotonnes,144,Carbon dioxide equivalents
2018.06,C34,Wood and paper products manufacturing and printing,Carbon dioxide equivalents,Seasonally adjusted,Kilotonnes,159,Carbon dioxide equivalents
2018.06,C34,Wood and paper products manufacturing and printing,Carbon dioxide equivalents,Actual,Kilotonnes,160,Carbon dioxide equivalents
2018.09,C34,Wood and paper products manufacturing and printing,Carbon dioxide equivalents,Seasonally adjusted,Kilotonnes,150,Carbon dioxide equivalents
2018.09,C34,Wood and paper products manufacturing and printing,Carbon dioxide equivalents,Actual,Kilotonnes,158,Carbon dioxide equivalents
2018.12,C34,Wood and paper products manufacturing and printing,Carbon dioxide equivalents,Seasonally adjusted,Kilotonnes,153,Carbon dioxide equivalents
2018.12,C34,Wood and paper products manufacturing and printing,Carbon dioxide equivalents,Actual,Kilotonnes,157,Carbon dioxide equivalents
2019.03,C34,Wood and paper products manufacturing and printing,Carbon dioxide equivalents,Seasonally adjusted,Kilotonnes,150,Carbon dioxide equivalents
2019.03,C34,Wood and paper products manufacturing and printing,Carbon dioxide equivalents,Actual,Kilotonnes,138,Carbon dioxide equivalents
2019.06,C34,Wood and paper products manufacturing and printing,Carbon dioxide equivalents,Seasonally adjusted,Kilotonnes,149,Carbon dioxide equivalents
2019.06,C34,Wood and paper products manufacturing and printing,Carbon dioxide equivalents,Actual,Kilotonnes,149,Carbon dioxide equivalents
2019.09,C34,Wood and paper products manufacturing and printing,Carbon dioxide equivalents,Seasonally adjusted,Kilotonnes,151,Carbon dioxide equivalents
2019.09,C34,Wood and paper products manufacturing and printing,Carbon dioxide equivalents,Actual,Kilotonnes,158,Carbon dioxide equivalents
2019.12,C34,Wood and paper products manufacturing and printing,Carbon dioxide equivalents,Seasonally adjusted,Kilotonnes,154,Carbon dioxide equivalents
2019.12,C34,Wood and paper products manufacturing and printing,Carbon dioxide equivalents,Actual,Kilotonnes,157,Carbon dioxide equivalents
2020.03,C34,Wood and paper products manufacturing and printing,Carbon dioxide equivalents,Seasonally adjusted,Kilotonnes,138,Carbon dioxide equivalents
2020.03,C34,Wood and paper products manufacturing and printing,Carbon dioxide equivalents,Actual,Kilotonnes,129,Carbon dioxide equivalents
2020.06,C34,Wood and paper products manufacturing and printing,Carbon dioxide equivalents,Seasonally adjusted,Kilotonnes,122,Carbon dioxide equivalents
2020.06,C34,Wood and paper products manufacturing and printing,Carbon dioxide equivalents,Actual,Kilotonnes,122,Carbon dioxide equivalents
2020.09,C34,Wood and paper products manufacturing and printing,Carbon dioxide equivalents,Seasonally adjusted,Kilotonnes,147,Carbon dioxide equivalents
2020.09,C34,Wood and paper products manufacturing and printing,Carbon dioxide equivalents,Actual,Kilotonnes,152,Carbon dioxide equivalents
2020.12,C34,Wood and paper products manufacturing and printing,Carbon dioxide equivalents,Seasonally adjusted,Kilotonnes,146,Carbon dioxide equivalents
2020.12,C34,Wood and paper products manufacturing and printing,Carbon dioxide equivalents,Actual,Kilotonnes,149,Carbon dioxide equivalents
2021.03,C34,Wood and paper products manufacturing and printing,Carbon dioxide equivalents,Seasonally adjusted,Kilotonnes,149,Carbon dioxide equivalents
2021.03,C34,Wood and paper products manufacturing and printing,Carbon dioxide equivalents,Actual,Kilotonnes,141,Carbon dioxide equivalents
2021.06,C34,Wood and paper products manufacturing and printing,Carbon dioxide equivalents,Seasonally adjusted,Kilotonnes,146,Carbon dioxide equivalents
2021.06,C34,Wood and paper products manufacturing and printing,Carbon dioxide equivalents,Actual,Kilotonnes,147,Carbon dioxide equivalents
2021.09,C34,Wood and paper products manufacturing and printing,Carbon dioxide equivalents,Seasonally adjusted,Kilotonnes,127,Carbon dioxide equivalents
2021.09,C34,Wood and paper products manufacturing and printing,Carbon dioxide equivalents,Actual,Kilotonnes,130,Carbon dioxide equivalents
2021.12,C34,Wood and paper products manufacturing and printing,Carbon dioxide equivalents,Seasonally adjusted,Kilotonnes,112,Carbon dioxide equivalents
2021.12,C34,Wood and paper products manufacturing and printing,Carbon dioxide equivalents,Actual,Kilotonnes,114,Carbon dioxide equivalents
2022.03,C34,Wood and paper products manufacturing and printing,Carbon dioxide equivalents,Seasonally adjusted,Kilotonnes,124,Carbon dioxide equivalents
2022.03,C34,Wood and paper products manufacturing and printing,Carbon dioxide equivalents,Actual,Kilotonnes,120,Carbon dioxide equivalents
2022.06,C34,Wood and paper products manufacturing and printing,Carbon dioxide equivalents,Seasonally adjusted,Kilotonnes,115,Carbon dioxide equivalents
2022.06,C34,Wood and paper products manufacturing and printing,Carbon dioxide equivalents,Actual,Kilotonnes,119,Carbon dioxide equivalents
2022.09,C34,Wood and paper products manufacturing and printing,Carbon dioxide equivalents,Seasonally adjusted,Kilotonnes,136,Carbon dioxide equivalents
2022.09,C34,Wood and paper products manufacturing and printing,Carbon dioxide equivalents,Actual,Kilotonnes,136,Carbon dioxide equivalents
2022.12,C34,Wood and paper products manufacturing and printing,Carbon dioxide equivalents,Seasonally adjusted,Kilotonnes,143,Carbon dioxide equivalents
2022.12,C34,Wood and paper products manufacturing and printing,Carbon dioxide equivalents,Actual,Kilotonnes,144,Carbon dioxide equivalents
2023.03,C34,Wood and paper products manufacturing and printing,Carbon dioxide equivalents,Seasonally adjusted,Kilotonnes,129,Carbon dioxide equivalents
2023.03,C34,Wood and paper products manufacturing and printing,Carbon dioxide equivalents,Actual,Kilotonnes,125,Carbon dioxide equivalents
2023.06,C34,Wood and paper products manufacturing and printing,Carbon dioxide equivalents,Seasonally adjusted,Kilotonnes,132,Carbon dioxide equivalents
2023.06,C34,Wood and paper products manufacturing and printing,Carbon dioxide equivalents,Actual,Kilotonnes,139,Carbon dioxide equivalents
2023.09,C34,Wood and paper products manufacturing and printing,Carbon dioxide equivalents,Seasonally adjusted,Kilotonnes,116,Carbon dioxide equivalents
2023.09,C34,Wood and paper products manufacturing and printing,Carbon dioxide equivalents,Actual,Kilotonnes,114,Carbon dioxide equivalents
2023.12,C34,Wood and paper products manufacturing and printing,Carbon dioxide equivalents,Seasonally adjusted,Kilotonnes,128,Carbon dioxide equivalents
2023.12,C34,Wood and paper products manufacturing and printing,Carbon dioxide equivalents,Actual,Kilotonnes,128,Carbon dioxide equivalents
2024.03,C34,Wood and paper products manufacturing and printing,Carbon dioxide equivalents,Seasonally adjusted,Kilotonnes,125,Carbon dioxide equivalents
2024.03,C34,Wood and paper products manufacturing and printing,Carbon dioxide equivalents,Actual,Kilotonnes,120,Carbon dioxide equivalents
2024.06,C34,Wood and paper products manufacturing and printing,Carbon dioxide equivalents,Seasonally adjusted,Kilotonnes,113,Carbon dioxide equivalents
2024.06,C34,Wood and paper products manufacturing and printing,Carbon dioxide equivalents,Actual,Kilotonnes,121,Carbon dioxide equivalents
2024.09,C34,Wood and paper products manufacturing and printing,Carbon dioxide equivalents,Seasonally adjusted,Kilotonnes,102,Carbon dioxide equivalents
2024.09,C34,Wood and paper products manufacturing and printing,Carbon dioxide equivalents,Actual,Kilotonnes,98,Carbon dioxide equivalents
2024.12,C34,Wood and paper products manufacturing and printing,Carbon dioxide equivalents,Seasonally adjusted,Kilotonnes,114,Carbon dioxide equivalents
2024.12,C34,Wood and paper products manufacturing and printing,Carbon dioxide equivalents,Actual,Kilotonnes,114,Carbon dioxide equivalents
2025.03,C34,Wood and paper products manufacturing and printing,Carbon dioxide equivalents,Seasonally adjusted,Kilotonnes,137,Carbon dioxide equivalents
2025.03,C34,Wood and paper products manufacturing and printing,Carbon dioxide equivalents,Actual,Kilotonnes,131,Carbon dioxide equivalents
2025.06,C34,Wood and paper products manufacturing and printing,Carbon dioxide equivalents,Seasonally adjusted,Kilotonnes,142,Carbon dioxide equivalents
2025.06,C34,Wood and paper products manufacturing and printing,Carbon dioxide equivalents,Actual,Kilotonnes,155,Carbon dioxide equivalents
2025.09,C34,Wood and paper products manufacturing and printing,Carbon dioxide equivalents,Seasonally adjusted,Kilotonnes,131,Carbon dioxide equivalents
2025.09,C34,Wood and paper products manufacturing and printing,Carbon dioxide equivalents,Actual,Kilotonnes,126,Carbon dioxide equivalents
2025.12,C34,Wood and paper products manufacturing and printing,Carbon dioxide equivalents,Seasonally adjusted,Kilotonnes,115,Carbon dioxide equivalents
2025.12,C34,Wood and paper products manufacturing and printing,Carbon dioxide equivalents,Actual,Kilotonnes,113,Carbon dioxide equivalents
2026.03,C34,Wood and paper products manufacturing and printing,Carbon dioxide equivalents,Seasonally adjusted,Kilotonnes,101,Carbon dioxide equivalents
2026.03,C34,Wood and paper products manufacturing and printing,Carbon dioxide equivalents,Actual,Kilotonnes,96,Carbon dioxide equivalents
2010.03,C67,Non-metallic mineral and metallic product manufacturing,Carbon dioxide equivalents,Seasonally adjusted,Kilotonnes,954,Carbon dioxide equivalents
2010.03,C67,Non-metallic mineral and metallic product manufacturing,Carbon dioxide equivalents,Actual,Kilotonnes,954,Carbon dioxide equivalents
2010.06,C67,Non-metallic mineral and metallic product manufacturing,Carbon dioxide equivalents,Seasonally adjusted,Kilotonnes,1036,Carbon dioxide equivalents
2010.06,C67,Non-metallic mineral and metallic product manufacturing,Carbon dioxide equivalents,Actual,Kilotonnes,1036,Carbon dioxide equivalents
2010.09,C67,Non-metallic mineral and metallic product manufacturing,Carbon dioxide equivalents,Seasonally adjusted,Kilotonnes,960,Carbon dioxide equivalents
2010.09,C67,Non-metallic mineral and metallic product manufacturing,Carbon dioxide equivalents,Actual,Kilotonnes,960,Carbon dioxide equivalents
2010.12,C67,Non-metallic mineral and metallic product manufacturing,Carbon dioxide equivalents,Seasonally adjusted,Kilotonnes,958,Carbon dioxide equivalents
2010.12,C67,Non-metallic mineral and metallic product manufacturing,Carbon dioxide equivalents,Actual,Kilotonnes,958,Carbon dioxide equivalents
2011.03,C67,Non-metallic mineral and metallic product manufacturing,Carbon dioxide equivalents,Seasonally adjusted,Kilotonnes,957,Carbon dioxide equivalents
2011.03,C67,Non-metallic mineral and metallic product manufacturing,Carbon dioxide equivalents,Actual,Kilotonnes,957,Carbon dioxide equivalents
2011.06,C67,Non-metallic mineral and metallic product manufacturing,Carbon dioxide equivalents,Seasonally adjusted,Kilotonnes,967,Carbon dioxide equivalents
2011.06,C67,Non-metallic mineral and metallic product manufacturing,Carbon dioxide equivalents,Actual,Kilotonnes,967,Carbon dioxide equivalents
2011.09,C67,Non-metallic mineral and metallic product manufacturing,Carbon dioxide equivalents,Seasonally adjusted,Kilotonnes,941,Carbon dioxide equivalents
2011.09,C67,Non-metallic mineral and metallic product manufacturing,Carbon dioxide equivalents,Actual,Kilotonnes,941,Carbon dioxide equivalents
2011.12,C67,Non-metallic mineral and metallic product manufacturing,Carbon dioxide equivalents,Seasonally adjusted,Kilotonnes,957,Carbon dioxide equivalents
2011.12,C67,Non-metallic mineral and metallic product manufacturing,Carbon dioxide equivalents,Actual,Kilotonnes,957,Carbon dioxide equivalents
2012.03,C67,Non-metallic mineral and metallic product manufacturing,Carbon dioxide equivalents,Seasonally adjusted,Kilotonnes,919,Carbon dioxide equivalents
2012.03,C67,Non-metallic mineral and metallic product manufacturing,Carbon dioxide equivalents,Actual,Kilotonnes,919,Carbon dioxide equivalents
2012.06,C67,Non-metallic mineral and metallic product manufacturing,Carbon dioxide equivalents,Seasonally adjusted,Kilotonnes,982,Carbon dioxide equivalents
2012.06,C67,Non-metallic mineral and metallic product manufacturing,Carbon dioxide equivalents,Actual,Kilotonnes,982,Carbon dioxide equivalents
2012.09,C67,Non-metallic mineral and metallic product manufacturing,Carbon dioxide equivalents,Seasonally adjusted,Kilotonnes,938,Carbon dioxide equivalents
2012.09,C67,Non-metallic mineral and metallic product manufacturing,Carbon dioxide equivalents,Actual,Kilotonnes,938,Carbon dioxide equivalents
2012.12,C67,Non-metallic mineral and metallic product manufacturing,Carbon dioxide equivalents,Seasonally adjusted,Kilotonnes,967,Carbon dioxide equivalents
2012.12,C67,Non-metallic mineral and metallic product manufacturing,Carbon dioxide equivalents,Actual,Kilotonnes,967,Carbon dioxide equivalents
2013.03,C67,Non-metallic mineral and metallic product manufacturing,Carbon dioxide equivalents,Seasonally adjusted,Kilotonnes,995,Carbon dioxide equivalents
2013.03,C67,Non-metallic mineral and metallic product manufacturing,Carbon dioxide equivalents,Actual,Kilotonnes,995,Carbon dioxide equivalents
2013.06,C67,Non-metallic mineral and metallic product manufacturing,Carbon dioxide equivalents,Seasonally adjusted,Kilotonnes,1066,Carbon dioxide equivalents
2013.06,C67,Non-metallic mineral and metallic product manufacturing,Carbon dioxide equivalents,Actual,Kilotonnes,1066,Carbon dioxide equivalents
2013.09,C67,Non-metallic mineral and metallic product manufacturing,Carbon dioxide equivalents,Seasonally adjusted,Kilotonnes,1053,Carbon dioxide equivalents
2013.09,C67,Non-metallic mineral and metallic product manufacturing,Carbon dioxide equivalents,Actual,Kilotonnes,1053,Carbon dioxide equivalents
2013.12,C67,Non-metallic mineral and metallic product manufacturing,Carbon dioxide equivalents,Seasonally adjusted,Kilotonnes,1111,Carbon dioxide equivalents
2013.12,C67,Non-metallic mineral and metallic product manufacturing,Carbon dioxide equivalents,Actual,Kilotonnes,1111,Carbon dioxide equivalents
2014.03,C67,Non-metallic mineral and metallic product manufacturing,Carbon dioxide equivalents,Seasonally adjusted,Kilotonnes,1024,Carbon dioxide equivalents
2014.03,C67,Non-metallic mineral and metallic product manufacturing,Carbon dioxide equivalents,Actual,Kilotonnes,1024,Carbon dioxide equivalents
2014.06,C67,Non-metallic mineral and metallic product manufacturing,Carbon dioxide equivalents,Seasonally adjusted,Kilotonnes,1018,Carbon dioxide equivalents
2014.06,C67,Non-metallic mineral and metallic product manufacturing,Carbon dioxide equivalents,Actual,Kilotonnes,1018,Carbon dioxide equivalents
2014.09,C67,Non-metallic mineral and metallic product manufacturing,Carbon dioxide equivalents,Seasonally adjusted,Kilotonnes,1052,Carbon dioxide equivalents
2014.09,C67,Non-metallic mineral and metallic product manufacturing,Carbon dioxide equivalents,Actual,Kilotonnes,1052,Carbon dioxide equivalents
2014.12,C67,Non-metallic mineral and metallic product manufacturing,Carbon dioxide equivalents,Seasonally adjusted,Kilotonnes,1112,Carbon dioxide equivalents
2014.12,C67,Non-metallic mineral and metallic product manufacturing,Carbon dioxide equivalents,Actual,Kilotonnes,1112,Carbon dioxide equivalents
2015.03,C67,Non-metallic mineral and metallic product manufacturing,Carbon dioxide equivalents,Seasonally adjusted,Kilotonnes,1025,Carbon dioxide equivalents
2015.03,C67,Non-metallic mineral and metallic product manufacturing,Carbon dioxide equivalents,Actual,Kilotonnes,1025,Carbon dioxide equivalents
2015.06,C67,Non-metallic mineral and metallic product manufacturing,Carbon dioxide equivalents,Seasonally adjusted,Kilotonnes,1051,Carbon dioxide equivalents
2015.06,C67,Non-metallic mineral and metallic product manufacturing,Carbon dioxide equivalents,Actual,Kilotonnes,1051,Carbon dioxide equivalents
2015.09,C67,Non-metallic mineral and metallic product manufacturing,Carbon dioxide equivalents,Seasonally adjusted,Kilotonnes,1032,Carbon dioxide equivalents
2015.09,C67,Non-metallic mineral and metallic product manufacturing,Carbon dioxide equivalents,Actual,Kilotonnes,1032,Carbon dioxide equivalents
2015.12,C67,Non-metallic mineral and metallic product manufacturing,Carbon dioxide equivalents,Seasonally adjusted,Kilotonnes,1070,Carbon dioxide equivalents
2015.12,C67,Non-metallic mineral and metallic product manufacturing,Carbon dioxide equivalents,Actual,Kilotonnes,1070,Carbon dioxide equivalents
2016.03,C67,Non-metallic mineral and metallic product manufacturing,Carbon dioxide equivalents,Seasonally adjusted,Kilotonnes,951,Carbon dioxide equivalents
2016.03,C67,Non-metallic mineral and metallic product manufacturing,Carbon dioxide equivalents,Actual,Kilotonnes,951,Carbon dioxide equivalents
2016.06,C67,Non-metallic mineral and metallic product manufacturing,Carbon dioxide equivalents,Seasonally adjusted,Kilotonnes,944,Carbon dioxide equivalents
2016.06,C67,Non-metallic mineral and metallic product manufacturing,Carbon dioxide equivalents,Actual,Kilotonnes,944,Carbon dioxide equivalents
2016.09,C67,Non-metallic mineral and metallic product manufacturing,Carbon dioxide equivalents,Seasonally adjusted,Kilotonnes,983,Carbon dioxide equivalents
2016.09,C67,Non-metallic mineral and metallic product manufacturing,Carbon dioxide equivalents,Actual,Kilotonnes,983,Carbon dioxide equivalents
2016.12,C67,Non-metallic mineral and metallic product manufacturing,Carbon dioxide equivalents,Seasonally adjusted,Kilotonnes,945,Carbon dioxide equivalents
2016.12,C67,Non-metallic mineral and metallic product manufacturing,Carbon dioxide equivalents,Actual,Kilotonnes,945,Carbon dioxide equivalents
2017.03,C67,Non-metallic mineral and metallic product manufacturing,Carbon dioxide equivalents,Seasonally adjusted,Kilotonnes,944,Carbon dioxide equivalents
2017.03,C67,Non-metallic mineral and metallic product manufacturing,Carbon dioxide equivalents,Actual,Kilotonnes,944,Carbon dioxide equivalents
2017.06,C67,Non-metallic mineral and metallic product manufacturing,Carbon dioxide equivalents,Seasonally adjusted,Kilotonnes,986,Carbon dioxide equivalents
2017.06,C67,Non-metallic mineral and metallic product manufacturing,Carbon dioxide equivalents,Actual,Kilotonnes,986,Carbon dioxide equivalents
2017.09,C67,Non-metallic mineral and metallic product manufacturing,Carbon dioxide equivalents,Seasonally adjusted,Kilotonnes,968,Carbon dioxide equivalents
2017.09,C67,Non-metallic mineral and metallic product manufacturing,Carbon dioxide equivalents,Actual,Kilotonnes,968,Carbon dioxide equivalents
2017.12,C67,Non-metallic mineral and metallic product manufacturing,Carbon dioxide equivalents,Seasonally adjusted,Kilotonnes,1010,Carbon dioxide equivalents
2017.12,C67,Non-metallic mineral and metallic product manufacturing,Carbon dioxide equivalents,Actual,Kilotonnes,1010,Carbon dioxide equivalents
2018.03,C67,Non-metallic mineral and metallic product manufacturing,Carbon dioxide equivalents,Seasonally adjusted,Kilotonnes,912,Carbon dioxide equivalents
2018.03,C67,Non-metallic mineral and metallic product manufacturing,Carbon dioxide equivalents,Actual,Kilotonnes,912,Carbon dioxide equivalents
2018.06,C67,Non-metallic mineral and metallic product manufacturing,Carbon dioxide equivalents,Seasonally adjusted,Kilotonnes,978,Carbon dioxide equivalents
2018.06,C67,Non-metallic mineral and metallic product manufacturing,Carbon dioxide equivalents,Actual,Kilotonnes,978,Carbon dioxide equivalents
2018.09,C67,Non-metallic mineral and metallic product manufacturing,Carbon dioxide equivalents,Seasonally adjusted,Kilotonnes,964,Carbon dioxide equivalents
2018.09,C67,Non-metallic mineral and metallic product manufacturing,Carbon dioxide equivalents,Actual,Kilotonnes,964,Carbon dioxide equivalents
2018.12,C67,Non-metallic mineral and metallic product manufacturing,Carbon dioxide equivalents,Seasonally adjusted,Kilotonnes,994,Carbon dioxide equivalents
2018.12,C67,Non-metallic mineral and metallic product manufacturing,Carbon dioxide equivalents,Actual,Kilotonnes,994,Carbon dioxide equivalents
2019.03,C67,Non-metallic mineral and metallic product manufacturing,Carbon dioxide equivalents,Seasonally adjusted,Kilotonnes,975,Carbon dioxide equivalents
2019.03,C67,Non-metallic mineral and metallic product manufacturing,Carbon dioxide equivalents,Actual,Kilotonnes,975,Carbon dioxide equivalents
2019.06,C67,Non-metallic mineral and metallic product manufacturing,Carbon dioxide equivalents,Seasonally adjusted,Kilotonnes,977,Carbon dioxide equivalents
2019.06,C67,Non-metallic mineral and metallic product manufacturing,Carbon dioxide equivalents,Actual,Kilotonnes,977,Carbon dioxide equivalents
2019.09,C67,Non-metallic mineral and metallic product manufacturing,Carbon dioxide equivalents,Seasonally adjusted,Kilotonnes,987,Carbon dioxide equivalents
2019.09,C67,Non-metallic mineral and metallic product manufacturing,Carbon dioxide equivalents,Actual,Kilotonnes,987,Carbon dioxide equivalents
2019.12,C67,Non-metallic mineral and metallic product manufacturing,Carbon dioxide equivalents,Seasonally adjusted,Kilotonnes,1023,Carbon dioxide equivalents
2019.12,C67,Non-metallic mineral and metallic product manufacturing,Carbon dioxide equivalents,Actual,Kilotonnes,1023,Carbon dioxide equivalents
2020.03,C67,Non-metallic mineral and metallic product manufacturing,Carbon dioxide equivalents,Seasonally adjusted,Kilotonnes,852,Carbon dioxide equivalents
2020.03,C67,Non-metallic mineral and metallic product manufacturing,Carbon dioxide equivalents,Actual,Kilotonnes,852,Carbon dioxide equivalents
2020.06,C67,Non-metallic mineral and metallic product manufacturing,Carbon dioxide equivalents,Seasonally adjusted,Kilotonnes,751,Carbon dioxide equivalents
2020.06,C67,Non-metallic mineral and metallic product manufacturing,Carbon dioxide equivalents,Actual,Kilotonnes,751,Carbon dioxide equivalents
2020.09,C67,Non-metallic mineral and metallic product manufacturing,Carbon dioxide equivalents,Seasonally adjusted,Kilotonnes,941,Carbon dioxide equivalents
2020.09,C67,Non-metallic mineral and metallic product manufacturing,Carbon dioxide equivalents,Actual,Kilotonnes,941,Carbon dioxide equivalents
2020.12,C67,Non-metallic mineral and metallic product manufacturing,Carbon dioxide equivalents,Seasonally adjusted,Kilotonnes,930,Carbon dioxide equivalents
2020.12,C67,Non-metallic mineral and metallic product manufacturing,Carbon dioxide equivalents,Actual,Kilotonnes,930,Carbon dioxide equivalents
2021.03,C67,Non-metallic mineral and metallic product manufacturing,Carbon dioxide equivalents,Seasonally adjusted,Kilotonnes,877,Carbon dioxide equivalents
2021.03,C67,Non-metallic mineral and metallic product manufacturing,Carbon dioxide equivalents,Actual,Kilotonnes,877,Carbon dioxide equivalents
2021.06,C67,Non-metallic mineral and metallic product manufacturing,Carbon dioxide equivalents,Seasonally adjusted,Kilotonnes,927,Carbon dioxide equivalents
2021.06,C67,Non-metallic mineral and metallic product manufacturing,Carbon dioxide equivalents,Actual,Kilotonnes,927,Carbon dioxide equivalents
2021.09,C67,Non-metallic mineral and metallic product manufacturing,Carbon dioxide equivalents,Seasonally adjusted,Kilotonnes,953,Carbon dioxide equivalents
2021.09,C67,Non-metallic mineral and metallic product manufacturing,Carbon dioxide equivalents,Actual,Kilotonnes,953,Carbon dioxide equivalents
2021.12,C67,Non-metallic mineral and metallic product manufacturing,Carbon dioxide equivalents,Seasonally adjusted,Kilotonnes,943,Carbon dioxide equivalents
2021.12,C67,Non-metallic mineral and metallic product manufacturing,Carbon dioxide equivalents,Actual,Kilotonnes,943,Carbon dioxide equivalents
2022.03,C67,Non-metallic mineral and metallic product manufacturing,Carbon dioxide equivalents,Seasonally adjusted,Kilotonnes,983,Carbon dioxide equivalents
2022.03,C67,Non-metallic mineral and metallic product manufacturing,Carbon dioxide equivalents,Actual,Kilotonnes,983,Carbon dioxide equivalents
2022.06,C67,Non-metallic mineral and metallic product manufacturing,Carbon dioxide equivalents,Seasonally adjusted,Kilotonnes,942,Carbon dioxide equivalents
2022.06,C67,Non-metallic mineral and metallic product manufacturing,Carbon dioxide equivalents,Actual,Kilotonnes,942,Carbon dioxide equivalents
2022.09,C67,Non-metallic mineral and metallic product manufacturing,Carbon dioxide equivalents,Seasonally adjusted,Kilotonnes,921,Carbon dioxide equivalents
2022.09,C67,Non-metallic mineral and metallic product manufacturing,Carbon dioxide equivalents,Actual,Kilotonnes,921,Carbon dioxide equivalents
2022.12,C67,Non-metallic mineral and metallic product manufacturing,Carbon dioxide equivalents,Seasonally adjusted,Kilotonnes,798,Carbon dioxide equivalents
2022.12,C67,Non-metallic mineral and metallic product manufacturing,Carbon dioxide equivalents,Actual,Kilotonnes,798,Carbon dioxide equivalents
2023.03,C67,Non-metallic mineral and metallic product manufacturing,Carbon dioxide equivalents,Seasonally adjusted,Kilotonnes,799,Carbon dioxide equivalents
2023.03,C67,Non-metallic mineral and metallic product manufacturing,Carbon dioxide equivalents,Actual,Kilotonnes,799,Carbon dioxide equivalents
2023.06,C67,Non-metallic mineral and metallic product manufacturing,Carbon dioxide equivalents,Seasonally adjusted,Kilotonnes,864,Carbon dioxide equivalents
2023.06,C67,Non-metallic mineral and metallic product manufacturing,Carbon dioxide equivalents,Actual,Kilotonnes,864,Carbon dioxide equivalents
2023.09,C67,Non-metallic mineral and metallic product manufacturing,Carbon dioxide equivalents,Seasonally adjusted,Kilotonnes,900,Carbon dioxide equivalents
2023.09,C67,Non-metallic mineral and metallic product manufacturing,Carbon dioxide equivalents,Actual,Kilotonnes,900,Carbon dioxide equivalents
2023.12,C67,Non-metallic mineral and metallic product manufacturing,Carbon dioxide equivalents,Seasonally adjusted,Kilotonnes,881,Carbon dioxide equivalents
2023.12,C67,Non-metallic mineral and metallic product manufacturing,Carbon dioxide equivalents,Actual,Kilotonnes,881,Carbon dioxide equivalents
2024.03,C67,Non-metallic mineral and metallic product manufacturing,Carbon dioxide equivalents,Seasonally adjusted,Kilotonnes,905,Carbon dioxide equivalents
2024.03,C67,Non-metallic mineral and metallic product manufacturing,Carbon dioxide equivalents,Actual,Kilotonnes,905,Carbon dioxide equivalents
2024.06,C67,Non-metallic mineral and metallic product manufacturing,Carbon dioxide equivalents,Seasonally adjusted,Kilotonnes,860,Carbon dioxide equivalents
2024.06,C67,Non-metallic mineral and metallic product manufacturing,Carbon dioxide equivalents,Actual,Kilotonnes,860,Carbon dioxide equivalents
2024.09,C67,Non-metallic mineral and metallic product manufacturing,Carbon dioxide equivalents,Seasonally adjusted,Kilotonnes,834,Carbon dioxide equivalents
2024.09,C67,Non-metallic mineral and metallic product manufacturing,Carbon dioxide equivalents,Actual,Kilotonnes,834,Carbon dioxide equivalents
2024.12,C67,Non-metallic mineral and metallic product manufacturing,Carbon dioxide equivalents,Seasonally adjusted,Kilotonnes,890,Carbon dioxide equivalents
2024.12,C67,Non-metallic mineral and metallic product manufacturing,Carbon dioxide equivalents,Actual,Kilotonnes,890,Carbon dioxide equivalents
2025.03,C67,Non-metallic mineral and metallic product manufacturing,Carbon dioxide equivalents,Seasonally adjusted,Kilotonnes,854,Carbon dioxide equivalents
2025.03,C67,Non-metallic mineral and metallic product manufacturing,Carbon dioxide equivalents,Actual,Kilotonnes,854,Carbon dioxide equivalents
2025.06,C67,Non-metallic mineral and metallic product manufacturing,Carbon dioxide equivalents,Seasonally adjusted,Kilotonnes,814,Carbon dioxide equivalents
2025.06,C67,Non-metallic mineral and metallic product manufacturing,Carbon dioxide equivalents,Actual,Kilotonnes,814,Carbon dioxide equivalents
2025.09,C67,Non-metallic mineral and metallic product manufacturing,Carbon dioxide equivalents,Seasonally adjusted,Kilotonnes,813,Carbon dioxide equivalents
2025.09,C67,Non-metallic mineral and metallic product manufacturing,Carbon dioxide equivalents,Actual,Kilotonnes,813,Carbon dioxide equivalents
2025.12,C67,Non-metallic mineral and metallic product manufacturing,Carbon dioxide equivalents,Seasonally adjusted,Kilotonnes,821,Carbon dioxide equivalents
2025.12,C67,Non-metallic mineral and metallic product manufacturing,Carbon dioxide equivalents,Actual,Kilotonnes,821,Carbon dioxide equivalents
2026.03,C67,Non-metallic mineral and metallic product manufacturing,Carbon dioxide equivalents,Seasonally adjusted,Kilotonnes,817,Carbon dioxide equivalents
2026.03,C67,Non-metallic mineral and metallic product manufacturing,Carbon dioxide equivalents,Actual,Kilotonnes,817,Carbon dioxide equivalents
2010.03,CC1,"Food, beverage, and tobacco product manufacturing",Carbon dioxide equivalents,Seasonally adjusted,Kilotonnes,644,Carbon dioxide equivalents
2010.03,CC1,"Food, beverage, and tobacco product manufacturing",Carbon dioxide equivalents,Actual,Kilotonnes,688,Carbon dioxide equivalents
2010.06,CC1,"Food, beverage, and tobacco product manufacturing",Carbon dioxide equivalents,Seasonally adjusted,Kilotonnes,789,Carbon dioxide equivalents
2010.06,CC1,"Food, beverage, and tobacco product manufacturing",Carbon dioxide equivalents,Actual,Kilotonnes,689,Carbon dioxide equivalents
2010.09,CC1,"Food, beverage, and tobacco product manufacturing",Carbon dioxide equivalents,Seasonally adjusted,Kilotonnes,654,Carbon dioxide equivalents
2010.09,CC1,"Food, beverage, and tobacco product manufacturing",Carbon dioxide equivalents,Actual,Kilotonnes,561,Carbon dioxide equivalents
2010.12,CC1,"Food, beverage, and tobacco product manufacturing",Carbon dioxide equivalents,Seasonally adjusted,Kilotonnes,619,Carbon dioxide equivalents
2010.12,CC1,"Food, beverage, and tobacco product manufacturing",Carbon dioxide equivalents,Actual,Kilotonnes,743,Carbon dioxide equivalents
2011.03,CC1,"Food, beverage, and tobacco product manufacturing",Carbon dioxide equivalents,Seasonally adjusted,Kilotonnes,655,Carbon dioxide equivalents
2011.03,CC1,"Food, beverage, and tobacco product manufacturing",Carbon dioxide equivalents,Actual,Kilotonnes,704,Carbon dioxide equivalents
2011.06,CC1,"Food, beverage, and tobacco product manufacturing",Carbon dioxide equivalents,Seasonally adjusted,Kilotonnes,616,Carbon dioxide equivalents
2011.06,CC1,"Food, beverage, and tobacco product manufacturing",Carbon dioxide equivalents,Actual,Kilotonnes,531,Carbon dioxide equivalents
2011.09,CC1,"Food, beverage, and tobacco product manufacturing",Carbon dioxide equivalents,Seasonally adjusted,Kilotonnes,646,Carbon dioxide equivalents
2011.09,CC1,"Food, beverage, and tobacco product manufacturing",Carbon dioxide equivalents,Actual,Kilotonnes,556,Carbon dioxide equivalents
2011.12,CC1,"Food, beverage, and tobacco product manufacturing",Carbon dioxide equivalents,Seasonally adjusted,Kilotonnes,706,Carbon dioxide equivalents
2011.12,CC1,"Food, beverage, and tobacco product manufacturing",Carbon dioxide equivalents,Actual,Kilotonnes,849,Carbon dioxide equivalents
2012.03,CC1,"Food, beverage, and tobacco product manufacturing",Carbon dioxide equivalents,Seasonally adjusted,Kilotonnes,719,Carbon dioxide equivalents
2012.03,CC1,"Food, beverage, and tobacco product manufacturing",Carbon dioxide equivalents,Actual,Kilotonnes,779,Carbon dioxide equivalents
2012.06,CC1,"Food, beverage, and tobacco product manufacturing",Carbon dioxide equivalents,Seasonally adjusted,Kilotonnes,758,Carbon dioxide equivalents
2012.06,CC1,"Food, beverage, and tobacco product manufacturing",Carbon dioxide equivalents,Actual,Kilotonnes,641,Carbon dioxide equivalents
2012.09,CC1,"Food, beverage, and tobacco product manufacturing",Carbon dioxide equivalents,Seasonally adjusted,Kilotonnes,712,Carbon dioxide equivalents
2012.09,CC1,"Food, beverage, and tobacco product manufacturing",Carbon dioxide equivalents,Actual,Kilotonnes,619,Carbon dioxide equivalents
2012.12,CC1,"Food, beverage, and tobacco product manufacturing",Carbon dioxide equivalents,Seasonally adjusted,Kilotonnes,687,Carbon dioxide equivalents
2012.12,CC1,"Food, beverage, and tobacco product manufacturing",Carbon dioxide equivalents,Actual,Kilotonnes,826,Carbon dioxide equivalents
2013.03,CC1,"Food, beverage, and tobacco product manufacturing",Carbon dioxide equivalents,Seasonally adjusted,Kilotonnes,630,Carbon dioxide equivalents
2013.03,CC1,"Food, beverage, and tobacco product manufacturing",Carbon dioxide equivalents,Actual,Kilotonnes,685,Carbon dioxide equivalents
2013.06,CC1,"Food, beverage, and tobacco product manufacturing",Carbon dioxide equivalents,Seasonally adjusted,Kilotonnes,760,Carbon dioxide equivalents
2013.06,CC1,"Food, beverage, and tobacco product manufacturing",Carbon dioxide equivalents,Actual,Kilotonnes,636,Carbon dioxide equivalents
2013.09,CC1,"Food, beverage, and tobacco product manufacturing",Carbon dioxide equivalents,Seasonally adjusted,Kilotonnes,709,Carbon dioxide equivalents
2013.09,CC1,"Food, beverage, and tobacco product manufacturing",Carbon dioxide equivalents,Actual,Kilotonnes,620,Carbon dioxide equivalents
2013.12,CC1,"Food, beverage, and tobacco product manufacturing",Carbon dioxide equivalents,Seasonally adjusted,Kilotonnes,674,Carbon dioxide equivalents
2013.12,CC1,"Food, beverage, and tobacco product manufacturing",Carbon dioxide equivalents,Actual,Kilotonnes,810,Carbon dioxide equivalents
2014.03,CC1,"Food, beverage, and tobacco product manufacturing",Carbon dioxide equivalents,Seasonally adjusted,Kilotonnes,660,Carbon dioxide equivalents
2014.03,CC1,"Food, beverage, and tobacco product manufacturing",Carbon dioxide equivalents,Actual,Kilotonnes,722,Carbon dioxide equivalents
2014.06,CC1,"Food, beverage, and tobacco product manufacturing",Carbon dioxide equivalents,Seasonally adjusted,Kilotonnes,723,Carbon dioxide equivalents
2014.06,CC1,"Food, beverage, and tobacco product manufacturing",Carbon dioxide equivalents,Actual,Kilotonnes,597,Carbon dioxide equivalents
2014.09,CC1,"Food, beverage, and tobacco product manufacturing",Carbon dioxide equivalents,Seasonally adjusted,Kilotonnes,790,Carbon dioxide equivalents
2014.09,CC1,"Food, beverage, and tobacco product manufacturing",Carbon dioxide equivalents,Actual,Kilotonnes,692,Carbon dioxide equivalents
2014.12,CC1,"Food, beverage, and tobacco product manufacturing",Carbon dioxide equivalents,Seasonally adjusted,Kilotonnes,893,Carbon dioxide equivalents
2014.12,CC1,"Food, beverage, and tobacco product manufacturing",Carbon dioxide equivalents,Actual,Kilotonnes,1079,Carbon dioxide equivalents
2015.03,CC1,"Food, beverage, and tobacco product manufacturing",Carbon dioxide equivalents,Seasonally adjusted,Kilotonnes,894,Carbon dioxide equivalents
2015.03,CC1,"Food, beverage, and tobacco product manufacturing",Carbon dioxide equivalents,Actual,Kilotonnes,974,Carbon dioxide equivalents
2015.06,CC1,"Food, beverage, and tobacco product manufacturing",Carbon dioxide equivalents,Seasonally adjusted,Kilotonnes,795,Carbon dioxide equivalents
2015.06,CC1,"Food, beverage, and tobacco product manufacturing",Carbon dioxide equivalents,Actual,Kilotonnes,653,Carbon dioxide equivalents
2015.09,CC1,"Food, beverage, and tobacco product manufacturing",Carbon dioxide equivalents,Seasonally adjusted,Kilotonnes,872,Carbon dioxide equivalents
2015.09,CC1,"Food, beverage, and tobacco product manufacturing",Carbon dioxide equivalents,Actual,Kilotonnes,766,Carbon dioxide equivalents
2015.12,CC1,"Food, beverage, and tobacco product manufacturing",Carbon dioxide equivalents,Seasonally adjusted,Kilotonnes,899,Carbon dioxide equivalents
2015.12,CC1,"Food, beverage, and tobacco product manufacturing",Carbon dioxide equivalents,Actual,Kilotonnes,1090,Carbon dioxide equivalents
2016.03,CC1,"Food, beverage, and tobacco product manufacturing",Carbon dioxide equivalents,Seasonally adjusted,Kilotonnes,909,Carbon dioxide equivalents
2016.03,CC1,"Food, beverage, and tobacco product manufacturing",Carbon dioxide equivalents,Actual,Kilotonnes,994,Carbon dioxide equivalents
2016.06,CC1,"Food, beverage, and tobacco product manufacturing",Carbon dioxide equivalents,Seasonally adjusted,Kilotonnes,756,Carbon dioxide equivalents
2016.06,CC1,"Food, beverage, and tobacco product manufacturing",Carbon dioxide equivalents,Actual,Kilotonnes,616,Carbon dioxide equivalents
2016.09,CC1,"Food, beverage, and tobacco product manufacturing",Carbon dioxide equivalents,Seasonally adjusted,Kilotonnes,881,Carbon dioxide equivalents
2016.09,CC1,"Food, beverage, and tobacco product manufacturing",Carbon dioxide equivalents,Actual,Kilotonnes,773,Carbon dioxide equivalents
2016.12,CC1,"Food, beverage, and tobacco product manufacturing",Carbon dioxide equivalents,Seasonally adjusted,Kilotonnes,693,Carbon dioxide equivalents
2016.12,CC1,"Food, beverage, and tobacco product manufacturing",Carbon dioxide equivalents,Actual,Kilotonnes,844,Carbon dioxide equivalents
2017.03,CC1,"Food, beverage, and tobacco product manufacturing",Carbon dioxide equivalents,Seasonally adjusted,Kilotonnes,871,Carbon dioxide equivalents
2017.03,CC1,"Food, beverage, and tobacco product manufacturing",Carbon dioxide equivalents,Actual,Kilotonnes,950,Carbon dioxide equivalents
2017.06,CC1,"Food, beverage, and tobacco product manufacturing",Carbon dioxide equivalents,Seasonally adjusted,Kilotonnes,746,Carbon dioxide equivalents
2017.06,CC1,"Food, beverage, and tobacco product manufacturing",Carbon dioxide equivalents,Actual,Kilotonnes,608,Carbon dioxide equivalents
2017.09,CC1,"Food, beverage, and tobacco product manufacturing",Carbon dioxide equivalents,Seasonally adjusted,Kilotonnes,794,Carbon dioxide equivalents
2017.09,CC1,"Food, beverage, and tobacco product manufacturing",Carbon dioxide equivalents,Actual,Kilotonnes,696,Carbon dioxide equivalents
2017.12,CC1,"Food, beverage, and tobacco product manufacturing",Carbon dioxide equivalents,Seasonally adjusted,Kilotonnes,826,Carbon dioxide equivalents
2017.12,CC1,"Food, beverage, and tobacco product manufacturing",Carbon dioxide equivalents,Actual,Kilotonnes,1004,Carbon dioxide equivalents
2018.03,CC1,"Food, beverage, and tobacco product manufacturing",Carbon dioxide equivalents,Seasonally adjusted,Kilotonnes,744,Carbon dioxide equivalents
2018.03,CC1,"Food, beverage, and tobacco product manufacturing",Carbon dioxide equivalents,Actual,Kilotonnes,815,Carbon dioxide equivalents
2018.06,CC1,"Food, beverage, and tobacco product manufacturing",Carbon dioxide equivalents,Seasonally adjusted,Kilotonnes,945,Carbon dioxide equivalents
2018.06,CC1,"Food, beverage, and tobacco product manufacturing",Carbon dioxide equivalents,Actual,Kilotonnes,769,Carbon dioxide equivalents
2018.09,CC1,"Food, beverage, and tobacco product manufacturing",Carbon dioxide equivalents,Seasonally adjusted,Kilotonnes,923,Carbon dioxide equivalents
2018.09,CC1,"Food, beverage, and tobacco product manufacturing",Carbon dioxide equivalents,Actual,Kilotonnes,810,Carbon dioxide equivalents
2018.12,CC1,"Food, beverage, and tobacco product manufacturing",Carbon dioxide equivalents,Seasonally adjusted,Kilotonnes,932,Carbon dioxide equivalents
2018.12,CC1,"Food, beverage, and tobacco product manufacturing",Carbon dioxide equivalents,Actual,Kilotonnes,1128,Carbon dioxide equivalents
2019.03,CC1,"Food, beverage, and tobacco product manufacturing",Carbon dioxide equivalents,Seasonally adjusted,Kilotonnes,971,Carbon dioxide equivalents
2019.03,CC1,"Food, beverage, and tobacco product manufacturing",Carbon dioxide equivalents,Actual,Kilotonnes,1066,Carbon dioxide equivalents
2019.06,CC1,"Food, beverage, and tobacco product manufacturing",Carbon dioxide equivalents,Seasonally adjusted,Kilotonnes,819,Carbon dioxide equivalents
2019.06,CC1,"Food, beverage, and tobacco product manufacturing",Carbon dioxide equivalents,Actual,Kilotonnes,668,Carbon dioxide equivalents
2019.09,CC1,"Food, beverage, and tobacco product manufacturing",Carbon dioxide equivalents,Seasonally adjusted,Kilotonnes,834,Carbon dioxide equivalents
2019.09,CC1,"Food, beverage, and tobacco product manufacturing",Carbon dioxide equivalents,Actual,Kilotonnes,732,Carbon dioxide equivalents
2019.12,CC1,"Food, beverage, and tobacco product manufacturing",Carbon dioxide equivalents,Seasonally adjusted,Kilotonnes,885,Carbon dioxide equivalents
2019.12,CC1,"Food, beverage, and tobacco product manufacturing",Carbon dioxide equivalents,Actual,Kilotonnes,1068,Carbon dioxide equivalents
2020.03,CC1,"Food, beverage, and tobacco product manufacturing",Carbon dioxide equivalents,Seasonally adjusted,Kilotonnes,760,Carbon dioxide equivalents
2020.03,CC1,"Food, beverage, and tobacco product manufacturing",Carbon dioxide equivalents,Actual,Kilotonnes,833,Carbon dioxide equivalents
2020.06,CC1,"Food, beverage, and tobacco product manufacturing",Carbon dioxide equivalents,Seasonally adjusted,Kilotonnes,914,Carbon dioxide equivalents
2020.06,CC1,"Food, beverage, and tobacco product manufacturing",Carbon dioxide equivalents,Actual,Kilotonnes,749,Carbon dioxide equivalents
2020.09,CC1,"Food, beverage, and tobacco product manufacturing",Carbon dioxide equivalents,Seasonally adjusted,Kilotonnes,800,Carbon dioxide equivalents
2020.09,CC1,"Food, beverage, and tobacco product manufacturing",Carbon dioxide equivalents,Actual,Kilotonnes,704,Carbon dioxide equivalents
2020.12,CC1,"Food, beverage, and tobacco product manufacturing",Carbon dioxide equivalents,Seasonally adjusted,Kilotonnes,815,Carbon dioxide equivalents
2020.12,CC1,"Food, beverage, and tobacco product manufacturing",Carbon dioxide equivalents,Actual,Kilotonnes,983,Carbon dioxide equivalents
2021.03,CC1,"Food, beverage, and tobacco product manufacturing",Carbon dioxide equivalents,Seasonally adjusted,Kilotonnes,848,Carbon dioxide equivalents
2021.03,CC1,"Food, beverage, and tobacco product manufacturing",Carbon dioxide equivalents,Actual,Kilotonnes,923,Carbon dioxide equivalents
2021.06,CC1,"Food, beverage, and tobacco product manufacturing",Carbon dioxide equivalents,Seasonally adjusted,Kilotonnes,761,Carbon dioxide equivalents
2021.06,CC1,"Food, beverage, and tobacco product manufacturing",Carbon dioxide equivalents,Actual,Kilotonnes,628,Carbon dioxide equivalents
2021.09,CC1,"Food, beverage, and tobacco product manufacturing",Carbon dioxide equivalents,Seasonally adjusted,Kilotonnes,735,Carbon dioxide equivalents
2021.09,CC1,"Food, beverage, and tobacco product manufacturing",Carbon dioxide equivalents,Actual,Kilotonnes,648,Carbon dioxide equivalents
2021.12,CC1,"Food, beverage, and tobacco product manufacturing",Carbon dioxide equivalents,Seasonally adjusted,Kilotonnes,823,Carbon dioxide equivalents
2021.12,CC1,"Food, beverage, and tobacco product manufacturing",Carbon dioxide equivalents,Actual,Kilotonnes,994,Carbon dioxide equivalents
2022.03,CC1,"Food, beverage, and tobacco product manufacturing",Carbon dioxide equivalents,Seasonally adjusted,Kilotonnes,792,Carbon dioxide equivalents
2022.03,CC1,"Food, beverage, and tobacco product manufacturing",Carbon dioxide equivalents,Actual,Kilotonnes,858,Carbon dioxide equivalents
2022.06,CC1,"Food, beverage, and tobacco product manufacturing",Carbon dioxide equivalents,Seasonally adjusted,Kilotonnes,896,Carbon dioxide equivalents
2022.06,CC1,"Food, beverage, and tobacco product manufacturing",Carbon dioxide equivalents,Actual,Kilotonnes,742,Carbon dioxide equivalents
2022.09,CC1,"Food, beverage, and tobacco product manufacturing",Carbon dioxide equivalents,Seasonally adjusted,Kilotonnes,741,Carbon dioxide equivalents
2022.09,CC1,"Food, beverage, and tobacco product manufacturing",Carbon dioxide equivalents,Actual,Kilotonnes,654,Carbon dioxide equivalents
2022.12,CC1,"Food, beverage, and tobacco product manufacturing",Carbon dioxide equivalents,Seasonally adjusted,Kilotonnes,656,Carbon dioxide equivalents
2022.12,CC1,"Food, beverage, and tobacco product manufacturing",Carbon dioxide equivalents,Actual,Kilotonnes,791,Carbon dioxide equivalents
2023.03,CC1,"Food, beverage, and tobacco product manufacturing",Carbon dioxide equivalents,Seasonally adjusted,Kilotonnes,743,Carbon dioxide equivalents
2023.03,CC1,"Food, beverage, and tobacco product manufacturing",Carbon dioxide equivalents,Actual,Kilotonnes,802,Carbon dioxide equivalents
2023.06,CC1,"Food, beverage, and tobacco product manufacturing",Carbon dioxide equivalents,Seasonally adjusted,Kilotonnes,744,Carbon dioxide equivalents
2023.06,CC1,"Food, beverage, and tobacco product manufacturing",Carbon dioxide equivalents,Actual,Kilotonnes,619,Carbon dioxide equivalents
2023.09,CC1,"Food, beverage, and tobacco product manufacturing",Carbon dioxide equivalents,Seasonally adjusted,Kilotonnes,832,Carbon dioxide equivalents
2023.09,CC1,"Food, beverage, and tobacco product manufacturing",Carbon dioxide equivalents,Actual,Kilotonnes,737,Carbon dioxide equivalents
2023.12,CC1,"Food, beverage, and tobacco product manufacturing",Carbon dioxide equivalents,Seasonally adjusted,Kilotonnes,749,Carbon dioxide equivalents
2023.12,CC1,"Food, beverage, and tobacco product manufacturing",Carbon dioxide equivalents,Actual,Kilotonnes,899,Carbon dioxide equivalents
2024.03,CC1,"Food, beverage, and tobacco product manufacturing",Carbon dioxide equivalents,Seasonally adjusted,Kilotonnes,754,Carbon dioxide equivalents
2024.03,CC1,"Food, beverage, and tobacco product manufacturing",Carbon dioxide equivalents,Actual,Kilotonnes,815,Carbon dioxide equivalents
2024.06,CC1,"Food, beverage, and tobacco product manufacturing",Carbon dioxide equivalents,Seasonally adjusted,Kilotonnes,677,Carbon dioxide equivalents
2024.06,CC1,"Food, beverage, and tobacco product manufacturing",Carbon dioxide equivalents,Actual,Kilotonnes,561,Carbon dioxide equivalents
2024.09,CC1,"Food, beverage, and tobacco product manufacturing",Carbon dioxide equivalents,Seasonally adjusted,Kilotonnes,652,Carbon dioxide equivalents
2024.09,CC1,"Food, beverage, and tobacco product manufacturing",Carbon dioxide equivalents,Actual,Kilotonnes,581,Carbon dioxide equivalents
2024.12,CC1,"Food, beverage, and tobacco product manufacturing",Carbon dioxide equivalents,Seasonally adjusted,Kilotonnes,737,Carbon dioxide equivalents
2024.12,CC1,"Food, beverage, and tobacco product manufacturing",Carbon dioxide equivalents,Actual,Kilotonnes,884,Carbon dioxide equivalents
2025.03,CC1,"Food, beverage, and tobacco product manufacturing",Carbon dioxide equivalents,Seasonally adjusted,Kilotonnes,641,Carbon dioxide equivalents
2025.03,CC1,"Food, beverage, and tobacco product manufacturing",Carbon dioxide equivalents,Actual,Kilotonnes,692,Carbon dioxide equivalents
2025.06,CC1,"Food, beverage, and tobacco product manufacturing",Carbon dioxide equivalents,Seasonally adjusted,Kilotonnes,639,Carbon dioxide equivalents
2025.06,CC1,"Food, beverage, and tobacco product manufacturing",Carbon dioxide equivalents,Actual,Kilotonnes,528,Carbon dioxide equivalents
2025.09,CC1,"Food, beverage, and tobacco product manufacturing",Carbon dioxide equivalents,Seasonally adjusted,Kilotonnes,729,Carbon dioxide equivalents
2025.09,CC1,"Food, beverage, and tobacco product manufacturing",Carbon dioxide equivalents,Actual,Kilotonnes,655,Carbon dioxide equivalents
2025.12,CC1,"Food, beverage, and tobacco product manufacturing",Carbon dioxide equivalents,Seasonally adjusted,Kilotonnes,653,Carbon dioxide equivalents
2025.12,CC1,"Food, beverage, and tobacco product manufacturing",Carbon dioxide equivalents,Actual,Kilotonnes,780,Carbon dioxide equivalents
2026.03,CC1,"Food, beverage, and tobacco product manufacturing",Carbon dioxide equivalents,Seasonally adjusted,Kilotonnes,694,Carbon dioxide equivalents
2026.03,CC1,"Food, beverage, and tobacco product manufacturing",Carbon dioxide equivalents,Actual,Kilotonnes,750,Carbon dioxide equivalents
2010.03,CC5,"Petroleum, chemical, polymer, and rubber product manufacturing",Carbon dioxide equivalents,Seasonally adjusted,Kilotonnes,550,Carbon dioxide equivalents
2010.03,CC5,"Petroleum, chemical, polymer, and rubber product manufacturing",Carbon dioxide equivalents,Actual,Kilotonnes,550,Carbon dioxide equivalents
2010.06,CC5,"Petroleum, chemical, polymer, and rubber product manufacturing",Carbon dioxide equivalents,Seasonally adjusted,Kilotonnes,524,Carbon dioxide equivalents
2010.06,CC5,"Petroleum, chemical, polymer, and rubber product manufacturing",Carbon dioxide equivalents,Actual,Kilotonnes,524,Carbon dioxide equivalents
2010.09,CC5,"Petroleum, chemical, polymer, and rubber product manufacturing",Carbon dioxide equivalents,Seasonally adjusted,Kilotonnes,562,Carbon dioxide equivalents
2010.09,CC5,"Petroleum, chemical, polymer, and rubber product manufacturing",Carbon dioxide equivalents,Actual,Kilotonnes,562,Carbon dioxide equivalents
2010.12,CC5,"Petroleum, chemical, polymer, and rubber product manufacturing",Carbon dioxide equivalents,Seasonally adjusted,Kilotonnes,552,Carbon dioxide equivalents
2010.12,CC5,"Petroleum, chemical, polymer, and rubber product manufacturing",Carbon dioxide equivalents,Actual,Kilotonnes,552,Carbon dioxide equivalents
2011.03,CC5,"Petroleum, chemical, polymer, and rubber product manufacturing",Carbon dioxide equivalents,Seasonally adjusted,Kilotonnes,541,Carbon dioxide equivalents
2011.03,CC5,"Petroleum, chemical, polymer, and rubber product manufacturing",Carbon dioxide equivalents,Actual,Kilotonnes,541,Carbon dioxide equivalents
2011.06,CC5,"Petroleum, chemical, polymer, and rubber product manufacturing",Carbon dioxide equivalents,Seasonally adjusted,Kilotonnes,568,Carbon dioxide equivalents
2011.06,CC5,"Petroleum, chemical, polymer, and rubber product manufacturing",Carbon dioxide equivalents,Actual,Kilotonnes,568,Carbon dioxide equivalents
2011.09,CC5,"Petroleum, chemical, polymer, and rubber product manufacturing",Carbon dioxide equivalents,Seasonally adjusted,Kilotonnes,549,Carbon dioxide equivalents
2011.09,CC5,"Petroleum, chemical, polymer, and rubber product manufacturing",Carbon dioxide equivalents,Actual,Kilotonnes,549,Carbon dioxide equivalents
2011.12,CC5,"Petroleum, chemical, polymer, and rubber product manufacturing",Carbon dioxide equivalents,Seasonally adjusted,Kilotonnes,517,Carbon dioxide equivalents
2011.12,CC5,"Petroleum, chemical, polymer, and rubber product manufacturing",Carbon dioxide equivalents,Actual,Kilotonnes,517,Carbon dioxide equivalents
2012.03,CC5,"Petroleum, chemical, polymer, and rubber product manufacturing",Carbon dioxide equivalents,Seasonally adjusted,Kilotonnes,496,Carbon dioxide equivalents
2012.03,CC5,"Petroleum, chemical, polymer, and rubber product manufacturing",Carbon dioxide equivalents,Actual,Kilotonnes,496,Carbon dioxide equivalents
2012.06,CC5,"Petroleum, chemical, polymer, and rubber product manufacturing",Carbon dioxide equivalents,Seasonally adjusted,Kilotonnes,525,Carbon dioxide equivalents
2012.06,CC5,"Petroleum, chemical, polymer, and rubber product manufacturing",Carbon dioxide equivalents,Actual,Kilotonnes,525,Carbon dioxide equivalents
2012.09,CC5,"Petroleum, chemical, polymer, and rubber product manufacturing",Carbon dioxide equivalents,Seasonally adjusted,Kilotonnes,658,Carbon dioxide equivalents
2012.09,CC5,"Petroleum, chemical, polymer, and rubber product manufacturing",Carbon dioxide equivalents,Actual,Kilotonnes,658,Carbon dioxide equivalents
2012.12,CC5,"Petroleum, chemical, polymer, and rubber product manufacturing",Carbon dioxide equivalents,Seasonally adjusted,Kilotonnes,696,Carbon dioxide equivalents
2012.12,CC5,"Petroleum, chemical, polymer, and rubber product manufacturing",Carbon dioxide equivalents,Actual,Kilotonnes,696,Carbon dioxide equivalents
2013.03,CC5,"Petroleum, chemical, polymer, and rubber product manufacturing",Carbon dioxide equivalents,Seasonally adjusted,Kilotonnes,590,Carbon dioxide equivalents
2013.03,CC5,"Petroleum, chemical, polymer, and rubber product manufacturing",Carbon dioxide equivalents,Actual,Kilotonnes,590,Carbon dioxide equivalents
2013.06,CC5,"Petroleum, chemical, polymer, and rubber product manufacturing",Carbon dioxide equivalents,Seasonally adjusted,Kilotonnes,709,Carbon dioxide equivalents
2013.06,CC5,"Petroleum, chemical, polymer, and rubber product manufacturing",Carbon dioxide equivalents,Actual,Kilotonnes,709,Carbon dioxide equivalents
2013.09,CC5,"Petroleum, chemical, polymer, and rubber product manufacturing",Carbon dioxide equivalents,Seasonally adjusted,Kilotonnes,701,Carbon dioxide equivalents
2013.09,CC5,"Petroleum, chemical, polymer, and rubber product manufacturing",Carbon dioxide equivalents,Actual,Kilotonnes,701,Carbon dioxide equivalents
2013.12,CC5,"Petroleum, chemical, polymer, and rubber product manufacturing",Carbon dioxide equivalents,Seasonally adjusted,Kilotonnes,677,Carbon dioxide equivalents
2013.12,CC5,"Petroleum, chemical, polymer, and rubber product manufacturing",Carbon dioxide equivalents,Actual,Kilotonnes,677,Carbon dioxide equivalents
2014.03,CC5,"Petroleum, chemical, polymer, and rubber product manufacturing",Carbon dioxide equivalents,Seasonally adjusted,Kilotonnes,749,Carbon dioxide equivalents
2014.03,CC5,"Petroleum, chemical, polymer, and rubber product manufacturing",Carbon dioxide equivalents,Actual,Kilotonnes,749,Carbon dioxide equivalents
2014.06,CC5,"Petroleum, chemical, polymer, and rubber product manufacturing",Carbon dioxide equivalents,Seasonally adjusted,Kilotonnes,845,Carbon dioxide equivalents
2014.06,CC5,"Petroleum, chemical, polymer, and rubber product manufacturing",Carbon dioxide equivalents,Actual,Kilotonnes,845,Carbon dioxide equivalents
2014.09,CC5,"Petroleum, chemical, polymer, and rubber product manufacturing",Carbon dioxide equivalents,Seasonally adjusted,Kilotonnes,893,Carbon dioxide equivalents
2014.09,CC5,"Petroleum, chemical, polymer, and rubber product manufacturing",Carbon dioxide equivalents,Actual,Kilotonnes,893,Carbon dioxide equivalents
2014.12,CC5,"Petroleum, chemical, polymer, and rubber product manufacturing",Carbon dioxide equivalents,Seasonally adjusted,Kilotonnes,872,Carbon dioxide equivalents
2014.12,CC5,"Petroleum, chemical, polymer, and rubber product manufacturing",Carbon dioxide equivalents,Actual,Kilotonnes,872,Carbon dioxide equivalents
2015.03,CC5,"Petroleum, chemical, polymer, and rubber product manufacturing",Carbon dioxide equivalents,Seasonally adjusted,Kilotonnes,787,Carbon dioxide equivalents
2015.03,CC5,"Petroleum, chemical, polymer, and rubber product manufacturing",Carbon dioxide equivalents,Actual,Kilotonnes,787,Carbon dioxide equivalents
2015.06,CC5,"Petroleum, chemical, polymer, and rubber product manufacturing",Carbon dioxide equivalents,Seasonally adjusted,Kilotonnes,801,Carbon dioxide equivalents
2015.06,CC5,"Petroleum, chemical, polymer, and rubber product manufacturing",Carbon dioxide equivalents,Actual,Kilotonnes,801,Carbon dioxide equivalents
2015.09,CC5,"Petroleum, chemical, polymer, and rubber product manufacturing",Carbon dioxide equivalents,Seasonally adjusted,Kilotonnes,821,Carbon dioxide equivalents
2015.09,CC5,"Petroleum, chemical, polymer, and rubber product manufacturing",Carbon dioxide equivalents,Actual,Kilotonnes,821,Carbon dioxide equivalents
2015.12,CC5,"Petroleum, chemical, polymer, and rubber product manufacturing",Carbon dioxide equivalents,Seasonally adjusted,Kilotonnes,733,Carbon dioxide equivalents
2015.12,CC5,"Petroleum, chemical, polymer, and rubber product manufacturing",Carbon dioxide equivalents,Actual,Kilotonnes,733,Carbon dioxide equivalents
2016.03,CC5,"Petroleum, chemical, polymer, and rubber product manufacturing",Carbon dioxide equivalents,Seasonally adjusted,Kilotonnes,764,Carbon dioxide equivalents
2016.03,CC5,"Petroleum, chemical, polymer, and rubber product manufacturing",Carbon dioxide equivalents,Actual,Kilotonnes,764,Carbon dioxide equivalents
2016.06,CC5,"Petroleum, chemical, polymer, and rubber product manufacturing",Carbon dioxide equivalents,Seasonally adjusted,Kilotonnes,835,Carbon dioxide equivalents
2016.06,CC5,"Petroleum, chemical, polymer, and rubber product manufacturing",Carbon dioxide equivalents,Actual,Kilotonnes,835,Carbon dioxide equivalents
2016.09,CC5,"Petroleum, chemical, polymer, and rubber product manufacturing",Carbon dioxide equivalents,Seasonally adjusted,Kilotonnes,823,Carbon dioxide equivalents
2016.09,CC5,"Petroleum, chemical, polymer, and rubber product manufacturing",Carbon dioxide equivalents,Actual,Kilotonnes,823,Carbon dioxide equivalents
2016.12,CC5,"Petroleum, chemical, polymer, and rubber product manufacturing",Carbon dioxide equivalents,Seasonally adjusted,Kilotonnes,782,Carbon dioxide equivalents
2016.12,CC5,"Petroleum, chemical, polymer, and rubber product manufacturing",Carbon dioxide equivalents,Actual,Kilotonnes,782,Carbon dioxide equivalents
2017.03,CC5,"Petroleum, chemical, polymer, and rubber product manufacturing",Carbon dioxide equivalents,Seasonally adjusted,Kilotonnes,741,Carbon dioxide equivalents
2017.03,CC5,"Petroleum, chemical, polymer, and rubber product manufacturing",Carbon dioxide equivalents,Actual,Kilotonnes,741,Carbon dioxide equivalents
2017.06,CC5,"Petroleum, chemical, polymer, and rubber product manufacturing",Carbon dioxide equivalents,Seasonally adjusted,Kilotonnes,644,Carbon dioxide equivalents
2017.06,CC5,"Petroleum, chemical, polymer, and rubber product manufacturing",Carbon dioxide equivalents,Actual,Kilotonnes,644,Carbon dioxide equivalents
2017.09,CC5,"Petroleum, chemical, polymer, and rubber product manufacturing",Carbon dioxide equivalents,Seasonally adjusted,Kilotonnes,780,Carbon dioxide equivalents
2017.09,CC5,"Petroleum, chemical, polymer, and rubber product manufacturing",Carbon dioxide equivalents,Actual,Kilotonnes,780,Carbon dioxide equivalents
2017.12,CC5,"Petroleum, chemical, polymer, and rubber product manufacturing",Carbon dioxide equivalents,Seasonally adjusted,Kilotonnes,783,Carbon dioxide equivalents
2017.12,CC5,"Petroleum, chemical, polymer, and rubber product manufacturing",Carbon dioxide equivalents,Actual,Kilotonnes,783,Carbon dioxide equivalents
2018.03,CC5,"Petroleum, chemical, polymer, and rubber product manufacturing",Carbon dioxide equivalents,Seasonally adjusted,Kilotonnes,708,Carbon dioxide equivalents
2018.03,CC5,"Petroleum, chemical, polymer, and rubber product manufacturing",Carbon dioxide equivalents,Actual,Kilotonnes,708,Carbon dioxide equivalents
2018.06,CC5,"Petroleum, chemical, polymer, and rubber product manufacturing",Carbon dioxide equivalents,Seasonally adjusted,Kilotonnes,492,Carbon dioxide equivalents
2018.06,CC5,"Petroleum, chemical, polymer, and rubber product manufacturing",Carbon dioxide equivalents,Actual,Kilotonnes,492,Carbon dioxide equivalents
2018.09,CC5,"Petroleum, chemical, polymer, and rubber product manufacturing",Carbon dioxide equivalents,Seasonally adjusted,Kilotonnes,776,Carbon dioxide equivalents
2018.09,CC5,"Petroleum, chemical, polymer, and rubber product manufacturing",Carbon dioxide equivalents,Actual,Kilotonnes,776,Carbon dioxide equivalents
2018.12,CC5,"Petroleum, chemical, polymer, and rubber product manufacturing",Carbon dioxide equivalents,Seasonally adjusted,Kilotonnes,637,Carbon dioxide equivalents
2018.12,CC5,"Petroleum, chemical, polymer, and rubber product manufacturing",Carbon dioxide equivalents,Actual,Kilotonnes,637,Carbon dioxide equivalents
2019.03,CC5,"Petroleum, chemical, polymer, and rubber product manufacturing",Carbon dioxide equivalents,Seasonally adjusted,Kilotonnes,663,Carbon dioxide equivalents
2019.03,CC5,"Petroleum, chemical, polymer, and rubber product manufacturing",Carbon dioxide equivalents,Actual,Kilotonnes,663,Carbon dioxide equivalents
2019.06,CC5,"Petroleum, chemical, polymer, and rubber product manufacturing",Carbon dioxide equivalents,Seasonally adjusted,Kilotonnes,696,Carbon dioxide equivalents
2019.06,CC5,"Petroleum, chemical, polymer, and rubber product manufacturing",Carbon dioxide equivalents,Actual,Kilotonnes,696,Carbon dioxide equivalents
2019.09,CC5,"Petroleum, chemical, polymer, and rubber product manufacturing",Carbon dioxide equivalents,Seasonally adjusted,Kilotonnes,732,Carbon dioxide equivalents
2019.09,CC5,"Petroleum, chemical, polymer, and rubber product manufacturing",Carbon dioxide equivalents,Actual,Kilotonnes,732,Carbon dioxide equivalents
2019.12,CC5,"Petroleum, chemical, polymer, and rubber product manufacturing",Carbon dioxide equivalents,Seasonally adjusted,Kilotonnes,766,Carbon dioxide equivalents
2019.12,CC5,"Petroleum, chemical, polymer, and rubber product manufacturing",Carbon dioxide equivalents,Actual,Kilotonnes,766,Carbon dioxide equivalents
2020.03,CC5,"Petroleum, chemical, polymer, and rubber product manufacturing",Carbon dioxide equivalents,Seasonally adjusted,Kilotonnes,701,Carbon dioxide equivalents
2020.03,CC5,"Petroleum, chemical, polymer, and rubber product manufacturing",Carbon dioxide equivalents,Actual,Kilotonnes,701,Carbon dioxide equivalents
2020.06,CC5,"Petroleum, chemical, polymer, and rubber product manufacturing",Carbon dioxide equivalents,Seasonally adjusted,Kilotonnes,612,Carbon dioxide equivalents
2020.06,CC5,"Petroleum, chemical, polymer, and rubber product manufacturing",Carbon dioxide equivalents,Actual,Kilotonnes,612,Carbon dioxide equivalents
2020.09,CC5,"Petroleum, chemical, polymer, and rubber product manufacturing",Carbon dioxide equivalents,Seasonally adjusted,Kilotonnes,543,Carbon dioxide equivalents
2020.09,CC5,"Petroleum, chemical, polymer, and rubber product manufacturing",Carbon dioxide equivalents,Actual,Kilotonnes,543,Carbon dioxide equivalents
2020.12,CC5,"Petroleum, chemical, polymer, and rubber product manufacturing",Carbon dioxide equivalents,Seasonally adjusted,Kilotonnes,672,Carbon dioxide equivalents
2020.12,CC5,"Petroleum, chemical, polymer, and rubber product manufacturing",Carbon dioxide equivalents,Actual,Kilotonnes,672,Carbon dioxide equivalents
2021.03,CC5,"Petroleum, chemical, polymer, and rubber product manufacturing",Carbon dioxide equivalents,Seasonally adjusted,Kilotonnes,547,Carbon dioxide equivalents
2021.03,CC5,"Petroleum, chemical, polymer, and rubber product manufacturing",Carbon dioxide equivalents,Actual,Kilotonnes,547,Carbon dioxide equivalents
2021.06,CC5,"Petroleum, chemical, polymer, and rubber product manufacturing",Carbon dioxide equivalents,Seasonally adjusted,Kilotonnes,527,Carbon dioxide equivalents
2021.06,CC5,"Petroleum, chemical, polymer, and rubber product manufacturing",Carbon dioxide equivalents,Actual,Kilotonnes,527,Carbon dioxide equivalents
2021.09,CC5,"Petroleum, chemical, polymer, and rubber product manufacturing",Carbon dioxide equivalents,Seasonally adjusted,Kilotonnes,488,Carbon dioxide equivalents
2021.09,CC5,"Petroleum, chemical, polymer, and rubber product manufacturing",Carbon dioxide equivalents,Actual,Kilotonnes,488,Carbon dioxide equivalents
2021.12,CC5,"Petroleum, chemical, polymer, and rubber product manufacturing",Carbon dioxide equivalents,Seasonally adjusted,Kilotonnes,620,Carbon dioxide equivalents
2021.12,CC5,"Petroleum, chemical, polymer, and rubber product manufacturing",Carbon dioxide equivalents,Actual,Kilotonnes,620,Carbon dioxide equivalents
2022.03,CC5,"Petroleum, chemical, polymer, and rubber product manufacturing",Carbon dioxide equivalents,Seasonally adjusted,Kilotonnes,604,Carbon dioxide equivalents
2022.03,CC5,"Petroleum, chemical, polymer, and rubber product manufacturing",Carbon dioxide equivalents,Actual,Kilotonnes,604,Carbon dioxide equivalents
2022.06,CC5,"Petroleum, chemical, polymer, and rubber product manufacturing",Carbon dioxide equivalents,Seasonally adjusted,Kilotonnes,304,Carbon dioxide equivalents
2022.06,CC5,"Petroleum, chemical, polymer, and rubber product manufacturing",Carbon dioxide equivalents,Actual,Kilotonnes,304,Carbon dioxide equivalents
2022.09,CC5,"Petroleum, chemical, polymer, and rubber product manufacturing",Carbon dioxide equivalents,Seasonally adjusted,Kilotonnes,280,Carbon dioxide equivalents
2022.09,CC5,"Petroleum, chemical, polymer, and rubber product manufacturing",Carbon dioxide equivalents,Actual,Kilotonnes,280,Carbon dioxide equivalents
2022.12,CC5,"Petroleum, chemical, polymer, and rubber product manufacturing",Carbon dioxide equivalents,Seasonally adjusted,Kilotonnes,413,Carbon dioxide equivalents
2022.12,CC5,"Petroleum, chemical, polymer, and rubber product manufacturing",Carbon dioxide equivalents,Actual,Kilotonnes,413,Carbon dioxide equivalents
2023.03,CC5,"Petroleum, chemical, polymer, and rubber product manufacturing",Carbon dioxide equivalents,Seasonally adjusted,Kilotonnes,410,Carbon dioxide equivalents
2023.03,CC5,"Petroleum, chemical, polymer, and rubber product manufacturing",Carbon dioxide equivalents,Actual,Kilotonnes,410,Carbon dioxide equivalents
2023.06,CC5,"Petroleum, chemical, polymer, and rubber product manufacturing",Carbon dioxide equivalents,Seasonally adjusted,Kilotonnes,413,Carbon dioxide equivalents
2023.06,CC5,"Petroleum, chemical, polymer, and rubber product manufacturing",Carbon dioxide equivalents,Actual,Kilotonnes,413,Carbon dioxide equivalents
2023.09,CC5,"Petroleum, chemical, polymer, and rubber product manufacturing",Carbon dioxide equivalents,Seasonally adjusted,Kilotonnes,280,Carbon dioxide equivalents
2023.09,CC5,"Petroleum, chemical, polymer, and rubber product manufacturing",Carbon dioxide equivalents,Actual,Kilotonnes,280,Carbon dioxide equivalents
2023.12,CC5,"Petroleum, chemical, polymer, and rubber product manufacturing",Carbon dioxide equivalents,Seasonally adjusted,Kilotonnes,377,Carbon dioxide equivalents
2023.12,CC5,"Petroleum, chemical, polymer, and rubber product manufacturing",Carbon dioxide equivalents,Actual,Kilotonnes,377,Carbon dioxide equivalents
2024.03,CC5,"Petroleum, chemical, polymer, and rubber product manufacturing",Carbon dioxide equivalents,Seasonally adjusted,Kilotonnes,286,Carbon dioxide equivalents
2024.03,CC5,"Petroleum, chemical, polymer, and rubber product manufacturing",Carbon dioxide equivalents,Actual,Kilotonnes,286,Carbon dioxide equivalents
2024.06,CC5,"Petroleum, chemical, polymer, and rubber product manufacturing",Carbon dioxide equivalents,Seasonally adjusted,Kilotonnes,228,Carbon dioxide equivalents
2024.06,CC5,"Petroleum, chemical, polymer, and rubber product manufacturing",Carbon dioxide equivalents,Actual,Kilotonnes,228,Carbon dioxide equivalents
2024.09,CC5,"Petroleum, chemical, polymer, and rubber product manufacturing",Carbon dioxide equivalents,Seasonally adjusted,Kilotonnes,134,Carbon dioxide equivalents
2024.09,CC5,"Petroleum, chemical, polymer, and rubber product manufacturing",Carbon dioxide equivalents,Actual,Kilotonnes,134,Carbon dioxide equivalents
2024.12,CC5,"Petroleum, chemical, polymer, and rubber product manufacturing",Carbon dioxide equivalents,Seasonally adjusted,Kilotonnes,195,Carbon dioxide equivalents
2024.12,CC5,"Petroleum, chemical, polymer, and rubber product manufacturing",Carbon dioxide equivalents,Actual,Kilotonnes,195,Carbon dioxide equivalents
2025.03,CC5,"Petroleum, chemical, polymer, and rubber product manufacturing",Carbon dioxide equivalents,Seasonally adjusted,Kilotonnes,204,Carbon dioxide equivalents
2025.03,CC5,"Petroleum, chemical, polymer, and rubber product manufacturing",Carbon dioxide equivalents,Actual,Kilotonnes,204,Carbon dioxide equivalents
2025.06,CC5,"Petroleum, chemical, polymer, and rubber product manufacturing",Carbon dioxide equivalents,Seasonally adjusted,Kilotonnes,120,Carbon dioxide equivalents
2025.06,CC5,"Petroleum, chemical, polymer, and rubber product manufacturing",Carbon dioxide equivalents,Actual,Kilotonnes,120,Carbon dioxide equivalents
2025.09,CC5,"Petroleum, chemical, polymer, and rubber product manufacturing",Carbon dioxide equivalents,Seasonally adjusted,Kilotonnes,189,Carbon dioxide equivalents
2025.09,CC5,"Petroleum, chemical, polymer, and rubber product manufacturing",Carbon dioxide equivalents,Actual,Kilotonnes,189,Carbon dioxide equivalents
2025.12,CC5,"Petroleum, chemical, polymer, and rubber product manufacturing",Carbon dioxide equivalents,Seasonally adjusted,Kilotonnes,209,Carbon dioxide equivalents
2025.12,CC5,"Petroleum, chemical, polymer, and rubber product manufacturing",Carbon dioxide equivalents,Actual,Kilotonnes,209,Carbon dioxide equivalents
2026.03,CC5,"Petroleum, chemical, polymer, and rubber product manufacturing",Carbon dioxide equivalents,Seasonally adjusted,Kilotonnes,221,Carbon dioxide equivalents
2026.03,CC5,"Petroleum, chemical, polymer, and rubber product manufacturing",Carbon dioxide equivalents,Actual,Kilotonnes,221,Carbon dioxide equivalents
2010.03,CCO,Other manufacturing nec,Carbon dioxide equivalents,Seasonally adjusted,Kilotonnes,184,Carbon dioxide equivalents
2010.03,CCO,Other manufacturing nec,Carbon dioxide equivalents,Actual,Kilotonnes,174,Carbon dioxide equivalents
2010.06,CCO,Other manufacturing nec,Carbon dioxide equivalents,Seasonally adjusted,Kilotonnes,194,Carbon dioxide equivalents
2010.06,CCO,Other manufacturing nec,Carbon dioxide equivalents,Actual,Kilotonnes,194,Carbon dioxide equivalents
2010.09,CCO,Other manufacturing nec,Carbon dioxide equivalents,Seasonally adjusted,Kilotonnes,174,Carbon dioxide equivalents
2010.09,CCO,Other manufacturing nec,Carbon dioxide equivalents,Actual,Kilotonnes,178,Carbon dioxide equivalents
2010.12,CCO,Other manufacturing nec,Carbon dioxide equivalents,Seasonally adjusted,Kilotonnes,173,Carbon dioxide equivalents
2010.12,CCO,Other manufacturing nec,Carbon dioxide equivalents,Actual,Kilotonnes,179,Carbon dioxide equivalents
2011.03,CCO,Other manufacturing nec,Carbon dioxide equivalents,Seasonally adjusted,Kilotonnes,171,Carbon dioxide equivalents
2011.03,CCO,Other manufacturing nec,Carbon dioxide equivalents,Actual,Kilotonnes,162,Carbon dioxide equivalents
2011.06,CCO,Other manufacturing nec,Carbon dioxide equivalents,Seasonally adjusted,Kilotonnes,143,Carbon dioxide equivalents
2011.06,CCO,Other manufacturing nec,Carbon dioxide equivalents,Actual,Kilotonnes,143,Carbon dioxide equivalents
2011.09,CCO,Other manufacturing nec,Carbon dioxide equivalents,Seasonally adjusted,Kilotonnes,146,Carbon dioxide equivalents
2011.09,CCO,Other manufacturing nec,Carbon dioxide equivalents,Actual,Kilotonnes,149,Carbon dioxide equivalents
2011.12,CCO,Other manufacturing nec,Carbon dioxide equivalents,Seasonally adjusted,Kilotonnes,129,Carbon dioxide equivalents
2011.12,CCO,Other manufacturing nec,Carbon dioxide equivalents,Actual,Kilotonnes,134,Carbon dioxide equivalents
2012.03,CCO,Other manufacturing nec,Carbon dioxide equivalents,Seasonally adjusted,Kilotonnes,128,Carbon dioxide equivalents
2012.03,CCO,Other manufacturing nec,Carbon dioxide equivalents,Actual,Kilotonnes,121,Carbon dioxide equivalents
2012.06,CCO,Other manufacturing nec,Carbon dioxide equivalents,Seasonally adjusted,Kilotonnes,129,Carbon dioxide equivalents
2012.06,CCO,Other manufacturing nec,Carbon dioxide equivalents,Actual,Kilotonnes,128,Carbon dioxide equivalents
2012.09,CCO,Other manufacturing nec,Carbon dioxide equivalents,Seasonally adjusted,Kilotonnes,129,Carbon dioxide equivalents
2012.09,CCO,Other manufacturing nec,Carbon dioxide equivalents,Actual,Kilotonnes,133,Carbon dioxide equivalents
2012.12,CCO,Other manufacturing nec,Carbon dioxide equivalents,Seasonally adjusted,Kilotonnes,133,Carbon dioxide equivalents
2012.12,CCO,Other manufacturing nec,Carbon dioxide equivalents,Actual,Kilotonnes,138,Carbon dioxide equivalents
2013.03,CCO,Other manufacturing nec,Carbon dioxide equivalents,Seasonally adjusted,Kilotonnes,147,Carbon dioxide equivalents
2013.03,CCO,Other manufacturing nec,Carbon dioxide equivalents,Actual,Kilotonnes,138,Carbon dioxide equivalents
2013.06,CCO,Other manufacturing nec,Carbon dioxide equivalents,Seasonally adjusted,Kilotonnes,171,Carbon dioxide equivalents
2013.06,CCO,Other manufacturing nec,Carbon dioxide equivalents,Actual,Kilotonnes,169,Carbon dioxide equivalents
2013.09,CCO,Other manufacturing nec,Carbon dioxide equivalents,Seasonally adjusted,Kilotonnes,161,Carbon dioxide equivalents
2013.09,CCO,Other manufacturing nec,Carbon dioxide equivalents,Actual,Kilotonnes,167,Carbon dioxide equivalents
2013.12,CCO,Other manufacturing nec,Carbon dioxide equivalents,Seasonally adjusted,Kilotonnes,176,Carbon dioxide equivalents
2013.12,CCO,Other manufacturing nec,Carbon dioxide equivalents,Actual,Kilotonnes,183,Carbon dioxide equivalents
2014.03,CCO,Other manufacturing nec,Carbon dioxide equivalents,Seasonally adjusted,Kilotonnes,166,Carbon dioxide equivalents
2014.03,CCO,Other manufacturing nec,Carbon dioxide equivalents,Actual,Kilotonnes,155,Carbon dioxide equivalents
2014.06,CCO,Other manufacturing nec,Carbon dioxide equivalents,Seasonally adjusted,Kilotonnes,156,Carbon dioxide equivalents
2014.06,CCO,Other manufacturing nec,Carbon dioxide equivalents,Actual,Kilotonnes,153,Carbon dioxide equivalents
2014.09,CCO,Other manufacturing nec,Carbon dioxide equivalents,Seasonally adjusted,Kilotonnes,163,Carbon dioxide equivalents
2014.09,CCO,Other manufacturing nec,Carbon dioxide equivalents,Actual,Kilotonnes,169,Carbon dioxide equivalents
2014.12,CCO,Other manufacturing nec,Carbon dioxide equivalents,Seasonally adjusted,Kilotonnes,144,Carbon dioxide equivalents
2014.12,CCO,Other manufacturing nec,Carbon dioxide equivalents,Actual,Kilotonnes,152,Carbon dioxide equivalents
2015.03,CCO,Other manufacturing nec,Carbon dioxide equivalents,Seasonally adjusted,Kilotonnes,126,Carbon dioxide equivalents
2015.03,CCO,Other manufacturing nec,Carbon dioxide equivalents,Actual,Kilotonnes,117,Carbon dioxide equivalents
2015.06,CCO,Other manufacturing nec,Carbon dioxide equivalents,Seasonally adjusted,Kilotonnes,117,Carbon dioxide equivalents
2015.06,CCO,Other manufacturing nec,Carbon dioxide equivalents,Actual,Kilotonnes,114,Carbon dioxide equivalents
2015.09,CCO,Other manufacturing nec,Carbon dioxide equivalents,Seasonally adjusted,Kilotonnes,117,Carbon dioxide equivalents
2015.09,CCO,Other manufacturing nec,Carbon dioxide equivalents,Actual,Kilotonnes,121,Carbon dioxide equivalents
2015.12,CCO,Other manufacturing nec,Carbon dioxide equivalents,Seasonally adjusted,Kilotonnes,114,Carbon dioxide equivalents
2015.12,CCO,Other manufacturing nec,Carbon dioxide equivalents,Actual,Kilotonnes,121,Carbon dioxide equivalents
2016.03,CCO,Other manufacturing nec,Carbon dioxide equivalents,Seasonally adjusted,Kilotonnes,125,Carbon dioxide equivalents
2016.03,CCO,Other manufacturing nec,Carbon dioxide equivalents,Actual,Kilotonnes,116,Carbon dioxide equivalents
2016.06,CCO,Other manufacturing nec,Carbon dioxide equivalents,Seasonally adjusted,Kilotonnes,134,Carbon dioxide equivalents
2016.06,CCO,Other manufacturing nec,Carbon dioxide equivalents,Actual,Kilotonnes,130,Carbon dioxide equivalents
2016.09,CCO,Other manufacturing nec,Carbon dioxide equivalents,Seasonally adjusted,Kilotonnes,140,Carbon dioxide equivalents
2016.09,CCO,Other manufacturing nec,Carbon dioxide equivalents,Actual,Kilotonnes,145,Carbon dioxide equivalents
2016.12,CCO,Other manufacturing nec,Carbon dioxide equivalents,Seasonally adjusted,Kilotonnes,142,Carbon dioxide equivalents
2016.12,CCO,Other manufacturing nec,Carbon dioxide equivalents,Actual,Kilotonnes,152,Carbon dioxide equivalents
2017.03,CCO,Other manufacturing nec,Carbon dioxide equivalents,Seasonally adjusted,Kilotonnes,162,Carbon dioxide equivalents
2017.03,CCO,Other manufacturing nec,Carbon dioxide equivalents,Actual,Kilotonnes,150,Carbon dioxide equivalents
2017.06,CCO,Other manufacturing nec,Carbon dioxide equivalents,Seasonally adjusted,Kilotonnes,133,Carbon dioxide equivalents
2017.06,CCO,Other manufacturing nec,Carbon dioxide equivalents,Actual,Kilotonnes,128,Carbon dioxide equivalents
2017.09,CCO,Other manufacturing nec,Carbon dioxide equivalents,Seasonally adjusted,Kilotonnes,137,Carbon dioxide equivalents
2017.09,CCO,Other manufacturing nec,Carbon dioxide equivalents,Actual,Kilotonnes,142,Carbon dioxide equivalents
2017.12,CCO,Other manufacturing nec,Carbon dioxide equivalents,Seasonally adjusted,Kilotonnes,155,Carbon dioxide equivalents
2017.12,CCO,Other manufacturing nec,Carbon dioxide equivalents,Actual,Kilotonnes,167,Carbon dioxide equivalents
2018.03,CCO,Other manufacturing nec,Carbon dioxide equivalents,Seasonally adjusted,Kilotonnes,152,Carbon dioxide equivalents
2018.03,CCO,Other manufacturing nec,Carbon dioxide equivalents,Actual,Kilotonnes,141,Carbon dioxide equivalents
2018.06,CCO,Other manufacturing nec,Carbon dioxide equivalents,Seasonally adjusted,Kilotonnes,167,Carbon dioxide equivalents
2018.06,CCO,Other manufacturing nec,Carbon dioxide equivalents,Actual,Kilotonnes,161,Carbon dioxide equivalents
2018.09,CCO,Other manufacturing nec,Carbon dioxide equivalents,Seasonally adjusted,Kilotonnes,153,Carbon dioxide equivalents
2018.09,CCO,Other manufacturing nec,Carbon dioxide equivalents,Actual,Kilotonnes,157,Carbon dioxide equivalents
2018.12,CCO,Other manufacturing nec,Carbon dioxide equivalents,Seasonally adjusted,Kilotonnes,143,Carbon dioxide equivalents
2018.12,CCO,Other manufacturing nec,Carbon dioxide equivalents,Actual,Kilotonnes,155,Carbon dioxide equivalents
2019.03,CCO,Other manufacturing nec,Carbon dioxide equivalents,Seasonally adjusted,Kilotonnes,134,Carbon dioxide equivalents
2019.03,CCO,Other manufacturing nec,Carbon dioxide equivalents,Actual,Kilotonnes,125,Carbon dioxide equivalents
2019.06,CCO,Other manufacturing nec,Carbon dioxide equivalents,Seasonally adjusted,Kilotonnes,133,Carbon dioxide equivalents
2019.06,CCO,Other manufacturing nec,Carbon dioxide equivalents,Actual,Kilotonnes,128,Carbon dioxide equivalents
2019.09,CCO,Other manufacturing nec,Carbon dioxide equivalents,Seasonally adjusted,Kilotonnes,132,Carbon dioxide equivalents
2019.09,CCO,Other manufacturing nec,Carbon dioxide equivalents,Actual,Kilotonnes,136,Carbon dioxide equivalents
2019.12,CCO,Other manufacturing nec,Carbon dioxide equivalents,Seasonally adjusted,Kilotonnes,131,Carbon dioxide equivalents
2019.12,CCO,Other manufacturing nec,Carbon dioxide equivalents,Actual,Kilotonnes,141,Carbon dioxide equivalents
2020.03,CCO,Other manufacturing nec,Carbon dioxide equivalents,Seasonally adjusted,Kilotonnes,121,Carbon dioxide equivalents
2020.03,CCO,Other manufacturing nec,Carbon dioxide equivalents,Actual,Kilotonnes,114,Carbon dioxide equivalents
2020.06,CCO,Other manufacturing nec,Carbon dioxide equivalents,Seasonally adjusted,Kilotonnes,109,Carbon dioxide equivalents
2020.06,CCO,Other manufacturing nec,Carbon dioxide equivalents,Actual,Kilotonnes,105,Carbon dioxide equivalents
2020.09,CCO,Other manufacturing nec,Carbon dioxide equivalents,Seasonally adjusted,Kilotonnes,148,Carbon dioxide equivalents
2020.09,CCO,Other manufacturing nec,Carbon dioxide equivalents,Actual,Kilotonnes,152,Carbon dioxide equivalents
2020.12,CCO,Other manufacturing nec,Carbon dioxide equivalents,Seasonally adjusted,Kilotonnes,138,Carbon dioxide equivalents
2020.12,CCO,Other manufacturing nec,Carbon dioxide equivalents,Actual,Kilotonnes,149,Carbon dioxide equivalents
2021.03,CCO,Other manufacturing nec,Carbon dioxide equivalents,Seasonally adjusted,Kilotonnes,163,Carbon dioxide equivalents
2021.03,CCO,Other manufacturing nec,Carbon dioxide equivalents,Actual,Kilotonnes,153,Carbon dioxide equivalents
2021.06,CCO,Other manufacturing nec,Carbon dioxide equivalents,Seasonally adjusted,Kilotonnes,158,Carbon dioxide equivalents
2021.06,CCO,Other manufacturing nec,Carbon dioxide equivalents,Actual,Kilotonnes,152,Carbon dioxide equivalents
2021.09,CCO,Other manufacturing nec,Carbon dioxide equivalents,Seasonally adjusted,Kilotonnes,140,Carbon dioxide equivalents
2021.09,CCO,Other manufacturing nec,Carbon dioxide equivalents,Actual,Kilotonnes,144,Carbon dioxide equivalents
2021.12,CCO,Other manufacturing nec,Carbon dioxide equivalents,Seasonally adjusted,Kilotonnes,158,Carbon dioxide equivalents
2021.12,CCO,Other manufacturing nec,Carbon dioxide equivalents,Actual,Kilotonnes,168,Carbon dioxide equivalents
2022.03,CCO,Other manufacturing nec,Carbon dioxide equivalents,Seasonally adjusted,Kilotonnes,148,Carbon dioxide equivalents
2022.03,CCO,Other manufacturing nec,Carbon dioxide equivalents,Actual,Kilotonnes,139,Carbon dioxide equivalents
2022.06,CCO,Other manufacturing nec,Carbon dioxide equivalents,Seasonally adjusted,Kilotonnes,144,Carbon dioxide equivalents
2022.06,CCO,Other manufacturing nec,Carbon dioxide equivalents,Actual,Kilotonnes,139,Carbon dioxide equivalents
2022.09,CCO,Other manufacturing nec,Carbon dioxide equivalents,Seasonally adjusted,Kilotonnes,140,Carbon dioxide equivalents
2022.09,CCO,Other manufacturing nec,Carbon dioxide equivalents,Actual,Kilotonnes,145,Carbon dioxide equivalents
2022.12,CCO,Other manufacturing nec,Carbon dioxide equivalents,Seasonally adjusted,Kilotonnes,139,Carbon dioxide equivalents
2022.12,CCO,Other manufacturing nec,Carbon dioxide equivalents,Actual,Kilotonnes,146,Carbon dioxide equivalents
2023.03,CCO,Other manufacturing nec,Carbon dioxide equivalents,Seasonally adjusted,Kilotonnes,143,Carbon dioxide equivalents
2023.03,CCO,Other manufacturing nec,Carbon dioxide equivalents,Actual,Kilotonnes,134,Carbon dioxide equivalents
2023.06,CCO,Other manufacturing nec,Carbon dioxide equivalents,Seasonally adjusted,Kilotonnes,147,Carbon dioxide equivalents
2023.06,CCO,Other manufacturing nec,Carbon dioxide equivalents,Actual,Kilotonnes,144,Carbon dioxide equivalents
2023.09,CCO,Other manufacturing nec,Carbon dioxide equivalents,Seasonally adjusted,Kilotonnes,149,Carbon dioxide equivalents
2023.09,CCO,Other manufacturing nec,Carbon dioxide equivalents,Actual,Kilotonnes,155,Carbon dioxide equivalents
2023.12,CCO,Other manufacturing nec,Carbon dioxide equivalents,Seasonally adjusted,Kilotonnes,142,Carbon dioxide equivalents
2023.12,CCO,Other manufacturing nec,Carbon dioxide equivalents,Actual,Kilotonnes,148,Carbon dioxide equivalents
2024.03,CCO,Other manufacturing nec,Carbon dioxide equivalents,Seasonally adjusted,Kilotonnes,127,Carbon dioxide equivalents
2024.03,CCO,Other manufacturing nec,Carbon dioxide equivalents,Actual,Kilotonnes,119,Carbon dioxide equivalents
2024.06,CCO,Other manufacturing nec,Carbon dioxide equivalents,Seasonally adjusted,Kilotonnes,139,Carbon dioxide equivalents
2024.06,CCO,Other manufacturing nec,Carbon dioxide equivalents,Actual,Kilotonnes,137,Carbon dioxide equivalents
2024.09,CCO,Other manufacturing nec,Carbon dioxide equivalents,Seasonally adjusted,Kilotonnes,137,Carbon dioxide equivalents
2024.09,CCO,Other manufacturing nec,Carbon dioxide equivalents,Actual,Kilotonnes,144,Carbon dioxide equivalents
2024.12,CCO,Other manufacturing nec,Carbon dioxide equivalents,Seasonally adjusted,Kilotonnes,131,Carbon dioxide equivalents
2024.12,CCO,Other manufacturing nec,Carbon dioxide equivalents,Actual,Kilotonnes,136,Carbon dioxide equivalents
2025.03,CCO,Other manufacturing nec,Carbon dioxide equivalents,Seasonally adjusted,Kilotonnes,135,Carbon dioxide equivalents
2025.03,CCO,Other manufacturing nec,Carbon dioxide equivalents,Actual,Kilotonnes,126,Carbon dioxide equivalents
2025.06,CCO,Other manufacturing nec,Carbon dioxide equivalents,Seasonally adjusted,Kilotonnes,137,Carbon dioxide equivalents
2025.06,CCO,Other manufacturing nec,Carbon dioxide equivalents,Actual,Kilotonnes,135,Carbon dioxide equivalents
2025.09,CCO,Other manufacturing nec,Carbon dioxide equivalents,Seasonally adjusted,Kilotonnes,142,Carbon dioxide equivalents
2025.09,CCO,Other manufacturing nec,Carbon dioxide equivalents,Actual,Kilotonnes,150,Carbon dioxide equivalents
2025.12,CCO,Other manufacturing nec,Carbon dioxide equivalents,Seasonally adjusted,Kilotonnes,134,Carbon dioxide equivalents
2025.12,CCO,Other manufacturing nec,Carbon dioxide equivalents,Actual,Kilotonnes,137,Carbon dioxide equivalents
2026.03,CCO,Other manufacturing nec,Carbon dioxide equivalents,Seasonally adjusted,Kilotonnes,145,Carbon dioxide equivalents
2026.03,CCO,Other manufacturing nec,Carbon dioxide equivalents,Actual,Kilotonnes,136,Carbon dioxide equivalents
2010.03,CCZ,Manufacturing,Carbon dioxide equivalents,Seasonally adjusted,Kilotonnes,2512,Carbon dioxide equivalents
2010.03,CCZ,Manufacturing,Carbon dioxide equivalents,Actual,Kilotonnes,2499,Carbon dioxide equivalents
2010.06,CCZ,Manufacturing,Carbon dioxide equivalents,Seasonally adjusted,Kilotonnes,2666,Carbon dioxide equivalents
2010.06,CCZ,Manufacturing,Carbon dioxide equivalents,Actual,Kilotonnes,2603,Carbon dioxide equivalents
2010.09,CCZ,Manufacturing,Carbon dioxide equivalents,Seasonally adjusted,Kilotonnes,2503,Carbon dioxide equivalents
2010.09,CCZ,Manufacturing,Carbon dioxide equivalents,Actual,Kilotonnes,2426,Carbon dioxide equivalents
2010.12,CCZ,Manufacturing,Carbon dioxide equivalents,Seasonally adjusted,Kilotonnes,2426,Carbon dioxide equivalents
2010.12,CCZ,Manufacturing,Carbon dioxide equivalents,Actual,Kilotonnes,2572,Carbon dioxide equivalents
2011.03,CCZ,Manufacturing,Carbon dioxide equivalents,Seasonally adjusted,Kilotonnes,2512,Carbon dioxide equivalents
2011.03,CCZ,Manufacturing,Carbon dioxide equivalents,Actual,Kilotonnes,2500,Carbon dioxide equivalents
2011.06,CCZ,Manufacturing,Carbon dioxide equivalents,Seasonally adjusted,Kilotonnes,2432,Carbon dioxide equivalents
2011.06,CCZ,Manufacturing,Carbon dioxide equivalents,Actual,Kilotonnes,2368,Carbon dioxide equivalents
2011.09,CCZ,Manufacturing,Carbon dioxide equivalents,Seasonally adjusted,Kilotonnes,2426,Carbon dioxide equivalents
2011.09,CCZ,Manufacturing,Carbon dioxide equivalents,Actual,Kilotonnes,2354,Carbon dioxide equivalents
2011.12,CCZ,Manufacturing,Carbon dioxide equivalents,Seasonally adjusted,Kilotonnes,2456,Carbon dioxide equivalents
2011.12,CCZ,Manufacturing,Carbon dioxide equivalents,Actual,Kilotonnes,2610,Carbon dioxide equivalents
2012.03,CCZ,Manufacturing,Carbon dioxide equivalents,Seasonally adjusted,Kilotonnes,2469,Carbon dioxide equivalents
2012.03,CCZ,Manufacturing,Carbon dioxide equivalents,Actual,Kilotonnes,2460,Carbon dioxide equivalents
2012.06,CCZ,Manufacturing,Carbon dioxide equivalents,Seasonally adjusted,Kilotonnes,2532,Carbon dioxide equivalents
2012.06,CCZ,Manufacturing,Carbon dioxide equivalents,Actual,Kilotonnes,2446,Carbon dioxide equivalents
2012.09,CCZ,Manufacturing,Carbon dioxide equivalents,Seasonally adjusted,Kilotonnes,2594,Carbon dioxide equivalents
2012.09,CCZ,Manufacturing,Carbon dioxide equivalents,Actual,Kilotonnes,2526,Carbon dioxide equivalents
2012.12,CCZ,Manufacturing,Carbon dioxide equivalents,Seasonally adjusted,Kilotonnes,2600,Carbon dioxide equivalents
2012.12,CCZ,Manufacturing,Carbon dioxide equivalents,Actual,Kilotonnes,2775,Carbon dioxide equivalents
2013.03,CCZ,Manufacturing,Carbon dioxide equivalents,Seasonally adjusted,Kilotonnes,2547,Carbon dioxide equivalents
2013.03,CCZ,Manufacturing,Carbon dioxide equivalents,Actual,Kilotonnes,2540,Carbon dioxide equivalents
2013.06,CCZ,Manufacturing,Carbon dioxide equivalents,Seasonally adjusted,Kilotonnes,2849,Carbon dioxide equivalents
2013.06,CCZ,Manufacturing,Carbon dioxide equivalents,Actual,Kilotonnes,2723,Carbon dioxide equivalents
2013.09,CCZ,Manufacturing,Carbon dioxide equivalents,Seasonally adjusted,Kilotonnes,2751,Carbon dioxide equivalents
2013.09,CCZ,Manufacturing,Carbon dioxide equivalents,Actual,Kilotonnes,2692,Carbon dioxide equivalents
2013.12,CCZ,Manufacturing,Carbon dioxide equivalents,Seasonally adjusted,Kilotonnes,2724,Carbon dioxide equivalents
2013.12,CCZ,Manufacturing,Carbon dioxide equivalents,Actual,Kilotonnes,2919,Carbon dioxide equivalents
2014.03,CCZ,Manufacturing,Carbon dioxide equivalents,Seasonally adjusted,Kilotonnes,2770,Carbon dioxide equivalents
2014.03,CCZ,Manufacturing,Carbon dioxide equivalents,Actual,Kilotonnes,2771,Carbon dioxide equivalents
2014.06,CCZ,Manufacturing,Carbon dioxide equivalents,Seasonally adjusted,Kilotonnes,2918,Carbon dioxide equivalents
2014.06,CCZ,Manufacturing,Carbon dioxide equivalents,Actual,Kilotonnes,2751,Carbon dioxide equivalents
2014.09,CCZ,Manufacturing,Carbon dioxide equivalents,Seasonally adjusted,Kilotonnes,3021,Carbon dioxide equivalents
2014.09,CCZ,Manufacturing,Carbon dioxide equivalents,Actual,Kilotonnes,2970,Carbon dioxide equivalents
2014.12,CCZ,Manufacturing,Carbon dioxide equivalents,Seasonally adjusted,Kilotonnes,3115,Carbon dioxide equivalents
2014.12,CCZ,Manufacturing,Carbon dioxide equivalents,Actual,Kilotonnes,3358,Carbon dioxide equivalents
2015.03,CCZ,Manufacturing,Carbon dioxide equivalents,Seasonally adjusted,Kilotonnes,3022,Carbon dioxide equivalents
2015.03,CCZ,Manufacturing,Carbon dioxide equivalents,Actual,Kilotonnes,3025,Carbon dioxide equivalents
2015.06,CCZ,Manufacturing,Carbon dioxide equivalents,Seasonally adjusted,Kilotonnes,2954,Carbon dioxide equivalents
2015.06,CCZ,Manufacturing,Carbon dioxide equivalents,Actual,Kilotonnes,2752,Carbon dioxide equivalents
2015.09,CCZ,Manufacturing,Carbon dioxide equivalents,Seasonally adjusted,Kilotonnes,2924,Carbon dioxide equivalents
2015.09,CCZ,Manufacturing,Carbon dioxide equivalents,Actual,Kilotonnes,2888,Carbon dioxide equivalents
2015.12,CCZ,Manufacturing,Carbon dioxide equivalents,Seasonally adjusted,Kilotonnes,2924,Carbon dioxide equivalents
2015.12,CCZ,Manufacturing,Carbon dioxide equivalents,Actual,Kilotonnes,3164,Carbon dioxide equivalents
2016.03,CCZ,Manufacturing,Carbon dioxide equivalents,Seasonally adjusted,Kilotonnes,2957,Carbon dioxide equivalents
2016.03,CCZ,Manufacturing,Carbon dioxide equivalents,Actual,Kilotonnes,2970,Carbon dioxide equivalents
2016.06,CCZ,Manufacturing,Carbon dioxide equivalents,Seasonally adjusted,Kilotonnes,2912,Carbon dioxide equivalents
2016.06,CCZ,Manufacturing,Carbon dioxide equivalents,Actual,Kilotonnes,2683,Carbon dioxide equivalents
2016.09,CCZ,Manufacturing,Carbon dioxide equivalents,Seasonally adjusted,Kilotonnes,2937,Carbon dioxide equivalents
2016.09,CCZ,Manufacturing,Carbon dioxide equivalents,Actual,Kilotonnes,2903,Carbon dioxide equivalents
2016.12,CCZ,Manufacturing,Carbon dioxide equivalents,Seasonally adjusted,Kilotonnes,2581,Carbon dioxide equivalents
2016.12,CCZ,Manufacturing,Carbon dioxide equivalents,Actual,Kilotonnes,2810,Carbon dioxide equivalents
2017.03,CCZ,Manufacturing,Carbon dioxide equivalents,Seasonally adjusted,Kilotonnes,2918,Carbon dioxide equivalents
2017.03,CCZ,Manufacturing,Carbon dioxide equivalents,Actual,Kilotonnes,2934,Carbon dioxide equivalents
2017.06,CCZ,Manufacturing,Carbon dioxide equivalents,Seasonally adjusted,Kilotonnes,2758,Carbon dioxide equivalents
2017.06,CCZ,Manufacturing,Carbon dioxide equivalents,Actual,Kilotonnes,2521,Carbon dioxide equivalents
2017.09,CCZ,Manufacturing,Carbon dioxide equivalents,Seasonally adjusted,Kilotonnes,2787,Carbon dioxide equivalents
2017.09,CCZ,Manufacturing,Carbon dioxide equivalents,Actual,Kilotonnes,2752,Carbon dioxide equivalents
2017.12,CCZ,Manufacturing,Carbon dioxide equivalents,Seasonally adjusted,Kilotonnes,2865,Carbon dioxide equivalents
2017.12,CCZ,Manufacturing,Carbon dioxide equivalents,Actual,Kilotonnes,3134,Carbon dioxide equivalents
2018.03,CCZ,Manufacturing,Carbon dioxide equivalents,Seasonally adjusted,Kilotonnes,2699,Carbon dioxide equivalents
2018.03,CCZ,Manufacturing,Carbon dioxide equivalents,Actual,Kilotonnes,2721,Carbon dioxide equivalents
2018.06,CCZ,Manufacturing,Carbon dioxide equivalents,Seasonally adjusted,Kilotonnes,2805,Carbon dioxide equivalents
2018.06,CCZ,Manufacturing,Carbon dioxide equivalents,Actual,Kilotonnes,2559,Carbon dioxide equivalents
2018.09,CCZ,Manufacturing,Carbon dioxide equivalents,Seasonally adjusted,Kilotonnes,2924,Carbon dioxide equivalents
2018.09,CCZ,Manufacturing,Carbon dioxide equivalents,Actual,Kilotonnes,2865,Carbon dioxide equivalents
2018.12,CCZ,Manufacturing,Carbon dioxide equivalents,Seasonally adjusted,Kilotonnes,2791,Carbon dioxide equivalents
2018.12,CCZ,Manufacturing,Carbon dioxide equivalents,Actual,Kilotonnes,3070,Carbon dioxide equivalents
2019.03,CCZ,Manufacturing,Carbon dioxide equivalents,Seasonally adjusted,Kilotonnes,2938,Carbon dioxide equivalents
2019.03,CCZ,Manufacturing,Carbon dioxide equivalents,Actual,Kilotonnes,2967,Carbon dioxide equivalents
2019.06,CCZ,Manufacturing,Carbon dioxide equivalents,Seasonally adjusted,Kilotonnes,2863,Carbon dioxide equivalents
2019.06,CCZ,Manufacturing,Carbon dioxide equivalents,Actual,Kilotonnes,2618,Carbon dioxide equivalents
2019.09,CCZ,Manufacturing,Carbon dioxide equivalents,Seasonally adjusted,Kilotonnes,2826,Carbon dioxide equivalents
2019.09,CCZ,Manufacturing,Carbon dioxide equivalents,Actual,Kilotonnes,2746,Carbon dioxide equivalents
2019.12,CCZ,Manufacturing,Carbon dioxide equivalents,Seasonally adjusted,Kilotonnes,2869,Carbon dioxide equivalents
2019.12,CCZ,Manufacturing,Carbon dioxide equivalents,Actual,Kilotonnes,3155,Carbon dioxide equivalents
2020.03,CCZ,Manufacturing,Carbon dioxide equivalents,Seasonally adjusted,Kilotonnes,2588,Carbon dioxide equivalents
2020.03,CCZ,Manufacturing,Carbon dioxide equivalents,Actual,Kilotonnes,2629,Carbon dioxide equivalents
2020.06,CCZ,Manufacturing,Carbon dioxide equivalents,Seasonally adjusted,Kilotonnes,2542,Carbon dioxide equivalents
2020.06,CCZ,Manufacturing,Carbon dioxide equivalents,Actual,Kilotonnes,2337,Carbon dioxide equivalents
2020.09,CCZ,Manufacturing,Carbon dioxide equivalents,Seasonally adjusted,Kilotonnes,2594,Carbon dioxide equivalents
2020.09,CCZ,Manufacturing,Carbon dioxide equivalents,Actual,Kilotonnes,2492,Carbon dioxide equivalents
2020.12,CCZ,Manufacturing,Carbon dioxide equivalents,Seasonally adjusted,Kilotonnes,2624,Carbon dioxide equivalents
2020.12,CCZ,Manufacturing,Carbon dioxide equivalents,Actual,Kilotonnes,2883,Carbon dioxide equivalents
2021.03,CCZ,Manufacturing,Carbon dioxide equivalents,Seasonally adjusted,Kilotonnes,2583,Carbon dioxide equivalents
2021.03,CCZ,Manufacturing,Carbon dioxide equivalents,Actual,Kilotonnes,2641,Carbon dioxide equivalents
2021.06,CCZ,Manufacturing,Carbon dioxide equivalents,Seasonally adjusted,Kilotonnes,2573,Carbon dioxide equivalents
2021.06,CCZ,Manufacturing,Carbon dioxide equivalents,Actual,Kilotonnes,2381,Carbon dioxide equivalents
2021.09,CCZ,Manufacturing,Carbon dioxide equivalents,Seasonally adjusted,Kilotonnes,2484,Carbon dioxide equivalents
2021.09,CCZ,Manufacturing,Carbon dioxide equivalents,Actual,Kilotonnes,2362,Carbon dioxide equivalents
2021.12,CCZ,Manufacturing,Carbon dioxide equivalents,Seasonally adjusted,Kilotonnes,2593,Carbon dioxide equivalents
2021.12,CCZ,Manufacturing,Carbon dioxide equivalents,Actual,Kilotonnes,2839,Carbon dioxide equivalents
2022.03,CCZ,Manufacturing,Carbon dioxide equivalents,Seasonally adjusted,Kilotonnes,2626,Carbon dioxide equivalents
2022.03,CCZ,Manufacturing,Carbon dioxide equivalents,Actual,Kilotonnes,2704,Carbon dioxide equivalents
2022.06,CCZ,Manufacturing,Carbon dioxide equivalents,Seasonally adjusted,Kilotonnes,2415,Carbon dioxide equivalents
2022.06,CCZ,Manufacturing,Carbon dioxide equivalents,Actual,Kilotonnes,2245,Carbon dioxide equivalents
2022.09,CCZ,Manufacturing,Carbon dioxide equivalents,Seasonally adjusted,Kilotonnes,2263,Carbon dioxide equivalents
2022.09,CCZ,Manufacturing,Carbon dioxide equivalents,Actual,Kilotonnes,2135,Carbon dioxide equivalents
2022.12,CCZ,Manufacturing,Carbon dioxide equivalents,Seasonally adjusted,Kilotonnes,2100,Carbon dioxide equivalents
2022.12,CCZ,Manufacturing,Carbon dioxide equivalents,Actual,Kilotonnes,2293,Carbon dioxide equivalents
2023.03,CCZ,Manufacturing,Carbon dioxide equivalents,Seasonally adjusted,Kilotonnes,2191,Carbon dioxide equivalents
2023.03,CCZ,Manufacturing,Carbon dioxide equivalents,Actual,Kilotonnes,2270,Carbon dioxide equivalents
2023.06,CCZ,Manufacturing,Carbon dioxide equivalents,Seasonally adjusted,Kilotonnes,2343,Carbon dioxide equivalents
2023.06,CCZ,Manufacturing,Carbon dioxide equivalents,Actual,Kilotonnes,2178,Carbon dioxide equivalents
2023.09,CCZ,Manufacturing,Carbon dioxide equivalents,Seasonally adjusted,Kilotonnes,2320,Carbon dioxide equivalents
2023.09,CCZ,Manufacturing,Carbon dioxide equivalents,Actual,Kilotonnes,2186,Carbon dioxide equivalents
2023.12,CCZ,Manufacturing,Carbon dioxide equivalents,Seasonally adjusted,Kilotonnes,2236,Carbon dioxide equivalents
2023.12,CCZ,Manufacturing,Carbon dioxide equivalents,Actual,Kilotonnes,2433,Carbon dioxide equivalents
2024.03,CCZ,Manufacturing,Carbon dioxide equivalents,Seasonally adjusted,Kilotonnes,2157,Carbon dioxide equivalents
2024.03,CCZ,Manufacturing,Carbon dioxide equivalents,Actual,Kilotonnes,2246,Carbon dioxide equivalents
2024.06,CCZ,Manufacturing,Carbon dioxide equivalents,Seasonally adjusted,Kilotonnes,2056,Carbon dioxide equivalents
2024.06,CCZ,Manufacturing,Carbon dioxide equivalents,Actual,Kilotonnes,1907,Carbon dioxide equivalents
2024.09,CCZ,Manufacturing,Carbon dioxide equivalents,Seasonally adjusted,Kilotonnes,1898,Carbon dioxide equivalents
2024.09,CCZ,Manufacturing,Carbon dioxide equivalents,Actual,Kilotonnes,1791,Carbon dioxide equivalents
2024.12,CCZ,Manufacturing,Carbon dioxide equivalents,Seasonally adjusted,Kilotonnes,2041,Carbon dioxide equivalents
2024.12,CCZ,Manufacturing,Carbon dioxide equivalents,Actual,Kilotonnes,2218,Carbon dioxide equivalents
2025.03,CCZ,Manufacturing,Carbon dioxide equivalents,Seasonally adjusted,Kilotonnes,1924,Carbon dioxide equivalents
2025.03,CCZ,Manufacturing,Carbon dioxide equivalents,Actual,Kilotonnes,2008,Carbon dioxide equivalents
2025.06,CCZ,Manufacturing,Carbon dioxide equivalents,Seasonally adjusted,Kilotonnes,1895,Carbon dioxide equivalents
2025.06,CCZ,Manufacturing,Carbon dioxide equivalents,Actual,Kilotonnes,1752,Carbon dioxide equivalents
2025.09,CCZ,Manufacturing,Carbon dioxide equivalents,Seasonally adjusted,Kilotonnes,2046,Carbon dioxide equivalents
2025.09,CCZ,Manufacturing,Carbon dioxide equivalents,Actual,Kilotonnes,1933,Carbon dioxide equivalents
2025.12,CCZ,Manufacturing,Carbon dioxide equivalents,Seasonally adjusted,Kilotonnes,1895,Carbon dioxide equivalents
2025.12,CCZ,Manufacturing,Carbon dioxide equivalents,Actual,Kilotonnes,2061,Carbon dioxide equivalents
2026.03,CCZ,Manufacturing,Carbon dioxide equivalents,Seasonally adjusted,Kilotonnes,1935,Carbon dioxide equivalents
2026.03,CCZ,Manufacturing,Carbon dioxide equivalents,Actual,Kilotonnes,2019,Carbon dioxide equivalents
2010.03,D11,Electricity generation and gas supply,Carbon dioxide equivalents,Seasonally adjusted,Kilotonnes,1656,Carbon dioxide equivalents
2010.03,D11,Electricity generation and gas supply,Carbon dioxide equivalents,Actual,Kilotonnes,1656,Carbon dioxide equivalents
2010.06,D11,Electricity generation and gas supply,Carbon dioxide equivalents,Seasonally adjusted,Kilotonnes,1689,Carbon dioxide equivalents
2010.06,D11,Electricity generation and gas supply,Carbon dioxide equivalents,Actual,Kilotonnes,1689,Carbon dioxide equivalents
2010.09,D11,Electricity generation and gas supply,Carbon dioxide equivalents,Seasonally adjusted,Kilotonnes,1691,Carbon dioxide equivalents
2010.09,D11,Electricity generation and gas supply,Carbon dioxide equivalents,Actual,Kilotonnes,1691,Carbon dioxide equivalents
2010.12,D11,Electricity generation and gas supply,Carbon dioxide equivalents,Seasonally adjusted,Kilotonnes,1575,Carbon dioxide equivalents
2010.12,D11,Electricity generation and gas supply,Carbon dioxide equivalents,Actual,Kilotonnes,1575,Carbon dioxide equivalents
2011.03,D11,Electricity generation and gas supply,Carbon dioxide equivalents,Seasonally adjusted,Kilotonnes,1310,Carbon dioxide equivalents
2011.03,D11,Electricity generation and gas supply,Carbon dioxide equivalents,Actual,Kilotonnes,1310,Carbon dioxide equivalents
2011.06,D11,Electricity generation and gas supply,Carbon dioxide equivalents,Seasonally adjusted,Kilotonnes,1332,Carbon dioxide equivalents
2011.06,D11,Electricity generation and gas supply,Carbon dioxide equivalents,Actual,Kilotonnes,1332,Carbon dioxide equivalents
2011.09,D11,Electricity generation and gas supply,Carbon dioxide equivalents,Seasonally adjusted,Kilotonnes,1950,Carbon dioxide equivalents
2011.09,D11,Electricity generation and gas supply,Carbon dioxide equivalents,Actual,Kilotonnes,1950,Carbon dioxide equivalents
2011.12,D11,Electricity generation and gas supply,Carbon dioxide equivalents,Seasonally adjusted,Kilotonnes,1560,Carbon dioxide equivalents
2011.12,D11,Electricity generation and gas supply,Carbon dioxide equivalents,Actual,Kilotonnes,1560,Carbon dioxide equivalents
2012.03,D11,Electricity generation and gas supply,Carbon dioxide equivalents,Seasonally adjusted,Kilotonnes,1730,Carbon dioxide equivalents
2012.03,D11,Electricity generation and gas supply,Carbon dioxide equivalents,Actual,Kilotonnes,1730,Carbon dioxide equivalents
2012.06,D11,Electricity generation and gas supply,Carbon dioxide equivalents,Seasonally adjusted,Kilotonnes,2534,Carbon dioxide equivalents
2012.06,D11,Electricity generation and gas supply,Carbon dioxide equivalents,Actual,Kilotonnes,2534,Carbon dioxide equivalents
2012.09,D11,Electricity generation and gas supply,Carbon dioxide equivalents,Seasonally adjusted,Kilotonnes,1945,Carbon dioxide equivalents
2012.09,D11,Electricity generation and gas supply,Carbon dioxide equivalents,Actual,Kilotonnes,1945,Carbon dioxide equivalents
2012.12,D11,Electricity generation and gas supply,Carbon dioxide equivalents,Seasonally adjusted,Kilotonnes,1371,Carbon dioxide equivalents
2012.12,D11,Electricity generation and gas supply,Carbon dioxide equivalents,Actual,Kilotonnes,1371,Carbon dioxide equivalents
2013.03,D11,Electricity generation and gas supply,Carbon dioxide equivalents,Seasonally adjusted,Kilotonnes,1637,Carbon dioxide equivalents
2013.03,D11,Electricity generation and gas supply,Carbon dioxide equivalents,Actual,Kilotonnes,1637,Carbon dioxide equivalents
2013.06,D11,Electricity generation and gas supply,Carbon dioxide equivalents,Seasonally adjusted,Kilotonnes,2081,Carbon dioxide equivalents
2013.06,D11,Electricity generation and gas supply,Carbon dioxide equivalents,Actual,Kilotonnes,2081,Carbon dioxide equivalents
2013.09,D11,Electricity generation and gas supply,Carbon dioxide equivalents,Seasonally adjusted,Kilotonnes,1587,Carbon dioxide equivalents
2013.09,D11,Electricity generation and gas supply,Carbon dioxide equivalents,Actual,Kilotonnes,1587,Carbon dioxide equivalents
2013.12,D11,Electricity generation and gas supply,Carbon dioxide equivalents,Seasonally adjusted,Kilotonnes,988,Carbon dioxide equivalents
2013.12,D11,Electricity generation and gas supply,Carbon dioxide equivalents,Actual,Kilotonnes,988,Carbon dioxide equivalents
2014.03,D11,Electricity generation and gas supply,Carbon dioxide equivalents,Seasonally adjusted,Kilotonnes,1269,Carbon dioxide equivalents
2014.03,D11,Electricity generation and gas supply,Carbon dioxide equivalents,Actual,Kilotonnes,1269,Carbon dioxide equivalents
2014.06,D11,Electricity generation and gas supply,Carbon dioxide equivalents,Seasonally adjusted,Kilotonnes,1404,Carbon dioxide equivalents
2014.06,D11,Electricity generation and gas supply,Carbon dioxide equivalents,Actual,Kilotonnes,1404,Carbon dioxide equivalents
2014.09,D11,Electricity generation and gas supply,Carbon dioxide equivalents,Seasonally adjusted,Kilotonnes,1306,Carbon dioxide equivalents
2014.09,D11,Electricity generation and gas supply,Carbon dioxide equivalents,Actual,Kilotonnes,1306,Carbon dioxide equivalents
2014.12,D11,Electricity generation and gas supply,Carbon dioxide equivalents,Seasonally adjusted,Kilotonnes,1391,Carbon dioxide equivalents
2014.12,D11,Electricity generation and gas supply,Carbon dioxide equivalents,Actual,Kilotonnes,1391,Carbon dioxide equivalents
2015.03,D11,Electricity generation and gas supply,Carbon dioxide equivalents,Seasonally adjusted,Kilotonnes,1556,Carbon dioxide equivalents
2015.03,D11,Electricity generation and gas supply,Carbon dioxide equivalents,Actual,Kilotonnes,1556,Carbon dioxide equivalents
2015.06,D11,Electricity generation and gas supply,Carbon dioxide equivalents,Seasonally adjusted,Kilotonnes,1163,Carbon dioxide equivalents
2015.06,D11,Electricity generation and gas supply,Carbon dioxide equivalents,Actual,Kilotonnes,1163,Carbon dioxide equivalents
2015.09,D11,Electricity generation and gas supply,Carbon dioxide equivalents,Seasonally adjusted,Kilotonnes,1245,Carbon dioxide equivalents
2015.09,D11,Electricity generation and gas supply,Carbon dioxide equivalents,Actual,Kilotonnes,1245,Carbon dioxide equivalents
2015.12,D11,Electricity generation and gas supply,Carbon dioxide equivalents,Seasonally adjusted,Kilotonnes,1213,Carbon dioxide equivalents
2015.12,D11,Electricity generation and gas supply,Carbon dioxide equivalents,Actual,Kilotonnes,1213,Carbon dioxide equivalents
2016.03,D11,Electricity generation and gas supply,Carbon dioxide equivalents,Seasonally adjusted,Kilotonnes,1178,Carbon dioxide equivalents
2016.03,D11,Electricity generation and gas supply,Carbon dioxide equivalents,Actual,Kilotonnes,1178,Carbon dioxide equivalents
2016.06,D11,Electricity generation and gas supply,Carbon dioxide equivalents,Seasonally adjusted,Kilotonnes,1127,Carbon dioxide equivalents
2016.06,D11,Electricity generation and gas supply,Carbon dioxide equivalents,Actual,Kilotonnes,1127,Carbon dioxide equivalents
2016.09,D11,Electricity generation and gas supply,Carbon dioxide equivalents,Seasonally adjusted,Kilotonnes,959,Carbon dioxide equivalents
2016.09,D11,Electricity generation and gas supply,Carbon dioxide equivalents,Actual,Kilotonnes,959,Carbon dioxide equivalents
2016.12,D11,Electricity generation and gas supply,Carbon dioxide equivalents,Seasonally adjusted,Kilotonnes,792,Carbon dioxide equivalents
2016.12,D11,Electricity generation and gas supply,Carbon dioxide equivalents,Actual,Kilotonnes,792,Carbon dioxide equivalents
2017.03,D11,Electricity generation and gas supply,Carbon dioxide equivalents,Seasonally adjusted,Kilotonnes,802,Carbon dioxide equivalents
2017.03,D11,Electricity generation and gas supply,Carbon dioxide equivalents,Actual,Kilotonnes,802,Carbon dioxide equivalents
2017.06,D11,Electricity generation and gas supply,Carbon dioxide equivalents,Seasonally adjusted,Kilotonnes,1256,Carbon dioxide equivalents
2017.06,D11,Electricity generation and gas supply,Carbon dioxide equivalents,Actual,Kilotonnes,1256,Carbon dioxide equivalents
2017.09,D11,Electricity generation and gas supply,Carbon dioxide equivalents,Seasonally adjusted,Kilotonnes,1309,Carbon dioxide equivalents
2017.09,D11,Electricity generation and gas supply,Carbon dioxide equivalents,Actual,Kilotonnes,1309,Carbon dioxide equivalents
2017.12,D11,Electricity generation and gas supply,Carbon dioxide equivalents,Seasonally adjusted,Kilotonnes,1200,Carbon dioxide equivalents
2017.12,D11,Electricity generation and gas supply,Carbon dioxide equivalents,Actual,Kilotonnes,1200,Carbon dioxide equivalents
2018.03,D11,Electricity generation and gas supply,Carbon dioxide equivalents,Seasonally adjusted,Kilotonnes,1136,Carbon dioxide equivalents
2018.03,D11,Electricity generation and gas supply,Carbon dioxide equivalents,Actual,Kilotonnes,1136,Carbon dioxide equivalents
2018.06,D11,Electricity generation and gas supply,Carbon dioxide equivalents,Seasonally adjusted,Kilotonnes,987,Carbon dioxide equivalents
2018.06,D11,Electricity generation and gas supply,Carbon dioxide equivalents,Actual,Kilotonnes,987,Carbon dioxide equivalents
2018.09,D11,Electricity generation and gas supply,Carbon dioxide equivalents,Seasonally adjusted,Kilotonnes,1043,Carbon dioxide equivalents
2018.09,D11,Electricity generation and gas supply,Carbon dioxide equivalents,Actual,Kilotonnes,1043,Carbon dioxide equivalents
2018.12,D11,Electricity generation and gas supply,Carbon dioxide equivalents,Seasonally adjusted,Kilotonnes,1276,Carbon dioxide equivalents
2018.12,D11,Electricity generation and gas supply,Carbon dioxide equivalents,Actual,Kilotonnes,1276,Carbon dioxide equivalents
2019.03,D11,Electricity generation and gas supply,Carbon dioxide equivalents,Seasonally adjusted,Kilotonnes,1375,Carbon dioxide equivalents
2019.03,D11,Electricity generation and gas supply,Carbon dioxide equivalents,Actual,Kilotonnes,1375,Carbon dioxide equivalents
2019.06,D11,Electricity generation and gas supply,Carbon dioxide equivalents,Seasonally adjusted,Kilotonnes,1144,Carbon dioxide equivalents
2019.06,D11,Electricity generation and gas supply,Carbon dioxide equivalents,Actual,Kilotonnes,1144,Carbon dioxide equivalents
2019.09,D11,Electricity generation and gas supply,Carbon dioxide equivalents,Seasonally adjusted,Kilotonnes,1355,Carbon dioxide equivalents
2019.09,D11,Electricity generation and gas supply,Carbon dioxide equivalents,Actual,Kilotonnes,1355,Carbon dioxide equivalents
2019.12,D11,Electricity generation and gas supply,Carbon dioxide equivalents,Seasonally adjusted,Kilotonnes,1048,Carbon dioxide equivalents
2019.12,D11,Electricity generation and gas supply,Carbon dioxide equivalents,Actual,Kilotonnes,1048,Carbon dioxide equivalents
2020.03,D11,Electricity generation and gas supply,Carbon dioxide equivalents,Seasonally adjusted,Kilotonnes,1256,Carbon dioxide equivalents
2020.03,D11,Electricity generation and gas supply,Carbon dioxide equivalents,Actual,Kilotonnes,1256,Carbon dioxide equivalents
2020.06,D11,Electricity generation and gas supply,Carbon dioxide equivalents,Seasonally adjusted,Kilotonnes,1212,Carbon dioxide equivalents
2020.06,D11,Electricity generation and gas supply,Carbon dioxide equivalents,Actual,Kilotonnes,1212,Carbon dioxide equivalents
2020.09,D11,Electricity generation and gas supply,Carbon dioxide equivalents,Seasonally adjusted,Kilotonnes,1710,Carbon dioxide equivalents
2020.09,D11,Electricity generation and gas supply,Carbon dioxide equivalents,Actual,Kilotonnes,1710,Carbon dioxide equivalents
2020.12,D11,Electricity generation and gas supply,Carbon dioxide equivalents,Seasonally adjusted,Kilotonnes,1119,Carbon dioxide equivalents
2020.12,D11,Electricity generation and gas supply,Carbon dioxide equivalents,Actual,Kilotonnes,1119,Carbon dioxide equivalents
2021.03,D11,Electricity generation and gas supply,Carbon dioxide equivalents,Seasonally adjusted,Kilotonnes,1575,Carbon dioxide equivalents
2021.03,D11,Electricity generation and gas supply,Carbon dioxide equivalents,Actual,Kilotonnes,1575,Carbon dioxide equivalents
2021.06,D11,Electricity generation and gas supply,Carbon dioxide equivalents,Seasonally adjusted,Kilotonnes,1962,Carbon dioxide equivalents
2021.06,D11,Electricity generation and gas supply,Carbon dioxide equivalents,Actual,Kilotonnes,1962,Carbon dioxide equivalents
2021.09,D11,Electricity generation and gas supply,Carbon dioxide equivalents,Seasonally adjusted,Kilotonnes,1183,Carbon dioxide equivalents
2021.09,D11,Electricity generation and gas supply,Carbon dioxide equivalents,Actual,Kilotonnes,1183,Carbon dioxide equivalents
2021.12,D11,Electricity generation and gas supply,Carbon dioxide equivalents,Seasonally adjusted,Kilotonnes,606,Carbon dioxide equivalents
2021.12,D11,Electricity generation and gas supply,Carbon dioxide equivalents,Actual,Kilotonnes,606,Carbon dioxide equivalents
2022.03,D11,Electricity generation and gas supply,Carbon dioxide equivalents,Seasonally adjusted,Kilotonnes,1129,Carbon dioxide equivalents
2022.03,D11,Electricity generation and gas supply,Carbon dioxide equivalents,Actual,Kilotonnes,1129,Carbon dioxide equivalents
2022.06,D11,Electricity generation and gas supply,Carbon dioxide equivalents,Seasonally adjusted,Kilotonnes,1288,Carbon dioxide equivalents
2022.06,D11,Electricity generation and gas supply,Carbon dioxide equivalents,Actual,Kilotonnes,1288,Carbon dioxide equivalents
2022.09,D11,Electricity generation and gas supply,Carbon dioxide equivalents,Seasonally adjusted,Kilotonnes,752,Carbon dioxide equivalents
2022.09,D11,Electricity generation and gas supply,Carbon dioxide equivalents,Actual,Kilotonnes,752,Carbon dioxide equivalents
2022.12,D11,Electricity generation and gas supply,Carbon dioxide equivalents,Seasonally adjusted,Kilotonnes,446,Carbon dioxide equivalents
2022.12,D11,Electricity generation and gas supply,Carbon dioxide equivalents,Actual,Kilotonnes,446,Carbon dioxide equivalents
2023.03,D11,Electricity generation and gas supply,Carbon dioxide equivalents,Seasonally adjusted,Kilotonnes,789,Carbon dioxide equivalents
2023.03,D11,Electricity generation and gas supply,Carbon dioxide equivalents,Actual,Kilotonnes,789,Carbon dioxide equivalents
2023.06,D11,Electricity generation and gas supply,Carbon dioxide equivalents,Seasonally adjusted,Kilotonnes,598,Carbon dioxide equivalents
2023.06,D11,Electricity generation and gas supply,Carbon dioxide equivalents,Actual,Kilotonnes,598,Carbon dioxide equivalents
2023.09,D11,Electricity generation and gas supply,Carbon dioxide equivalents,Seasonally adjusted,Kilotonnes,1183,Carbon dioxide equivalents
2023.09,D11,Electricity generation and gas supply,Carbon dioxide equivalents,Actual,Kilotonnes,1183,Carbon dioxide equivalents
2023.12,D11,Electricity generation and gas supply,Carbon dioxide equivalents,Seasonally adjusted,Kilotonnes,794,Carbon dioxide equivalents
2023.12,D11,Electricity generation and gas supply,Carbon dioxide equivalents,Actual,Kilotonnes,794,Carbon dioxide equivalents
2024.03,D11,Electricity generation and gas supply,Carbon dioxide equivalents,Seasonally adjusted,Kilotonnes,930,Carbon dioxide equivalents
2024.03,D11,Electricity generation and gas supply,Carbon dioxide equivalents,Actual,Kilotonnes,930,Carbon dioxide equivalents
2024.06,D11,Electricity generation and gas supply,Carbon dioxide equivalents,Seasonally adjusted,Kilotonnes,1500,Carbon dioxide equivalents
2024.06,D11,Electricity generation and gas supply,Carbon dioxide equivalents,Actual,Kilotonnes,1500,Carbon dioxide equivalents
2024.09,D11,Electricity generation and gas supply,Carbon dioxide equivalents,Seasonally adjusted,Kilotonnes,1497,Carbon dioxide equivalents
2024.09,D11,Electricity generation and gas supply,Carbon dioxide equivalents,Actual,Kilotonnes,1497,Carbon dioxide equivalents
2024.12,D11,Electricity generation and gas supply,Carbon dioxide equivalents,Seasonally adjusted,Kilotonnes,429,Carbon dioxide equivalents
2024.12,D11,Electricity generation and gas supply,Carbon dioxide equivalents,Actual,Kilotonnes,429,Carbon dioxide equivalents
2025.03,D11,Electricity generation and gas supply,Carbon dioxide equivalents,Seasonally adjusted,Kilotonnes,1172,Carbon dioxide equivalents
2025.03,D11,Electricity generation and gas supply,Carbon dioxide equivalents,Actual,Kilotonnes,1172,Carbon dioxide equivalents
2025.06,D11,Electricity generation and gas supply,Carbon dioxide equivalents,Seasonally adjusted,Kilotonnes,1186,Carbon dioxide equivalents
2025.06,D11,Electricity generation and gas supply,Carbon dioxide equivalents,Actual,Kilotonnes,1186,Carbon dioxide equivalents
2025.09,D11,Electricity generation and gas supply,Carbon dioxide equivalents,Seasonally adjusted,Kilotonnes,811,Carbon dioxide equivalents
2025.09,D11,Electricity generation and gas supply,Carbon dioxide equivalents,Actual,Kilotonnes,811,Carbon dioxide equivalents
2025.12,D11,Electricity generation and gas supply,Carbon dioxide equivalents,Seasonally adjusted,Kilotonnes,322,Carbon dioxide equivalents
2025.12,D11,Electricity generation and gas supply,Carbon dioxide equivalents,Actual,Kilotonnes,322,Carbon dioxide equivalents
2026.03,D11,Electricity generation and gas supply,Carbon dioxide equivalents,Seasonally adjusted,Kilotonnes,469,Carbon dioxide equivalents
2026.03,D11,Electricity generation and gas supply,Carbon dioxide equivalents,Actual,Kilotonnes,469,Carbon dioxide equivalents
2010.03,D12,"Water, sewerage, drainage, and waste services",Carbon dioxide equivalents,Seasonally adjusted,Kilotonnes,675,Carbon dioxide equivalents
2010.03,D12,"Water, sewerage, drainage, and waste services",Carbon dioxide equivalents,Actual,Kilotonnes,675,Carbon dioxide equivalents
2010.06,D12,"Water, sewerage, drainage, and waste services",Carbon dioxide equivalents,Seasonally adjusted,Kilotonnes,679,Carbon dioxide equivalents
2010.06,D12,"Water, sewerage, drainage, and waste services",Carbon dioxide equivalents,Actual,Kilotonnes,679,Carbon dioxide equivalents
2010.09,D12,"Water, sewerage, drainage, and waste services",Carbon dioxide equivalents,Seasonally adjusted,Kilotonnes,676,Carbon dioxide equivalents
2010.09,D12,"Water, sewerage, drainage, and waste services",Carbon dioxide equivalents,Actual,Kilotonnes,676,Carbon dioxide equivalents
2010.12,D12,"Water, sewerage, drainage, and waste services",Carbon dioxide equivalents,Seasonally adjusted,Kilotonnes,673,Carbon dioxide equivalents
2010.12,D12,"Water, sewerage, drainage, and waste services",Carbon dioxide equivalents,Actual,Kilotonnes,673,Carbon dioxide equivalents
2011.03,D12,"Water, sewerage, drainage, and waste services",Carbon dioxide equivalents,Seasonally adjusted,Kilotonnes,668,Carbon dioxide equivalents
2011.03,D12,"Water, sewerage, drainage, and waste services",Carbon dioxide equivalents,Actual,Kilotonnes,668,Carbon dioxide equivalents
2011.06,D12,"Water, sewerage, drainage, and waste services",Carbon dioxide equivalents,Seasonally adjusted,Kilotonnes,666,Carbon dioxide equivalents
2011.06,D12,"Water, sewerage, drainage, and waste services",Carbon dioxide equivalents,Actual,Kilotonnes,666,Carbon dioxide equivalents
2011.09,D12,"Water, sewerage, drainage, and waste services",Carbon dioxide equivalents,Seasonally adjusted,Kilotonnes,662,Carbon dioxide equivalents
2011.09,D12,"Water, sewerage, drainage, and waste services",Carbon dioxide equivalents,Actual,Kilotonnes,662,Carbon dioxide equivalents
2011.12,D12,"Water, sewerage, drainage, and waste services",Carbon dioxide equivalents,Seasonally adjusted,Kilotonnes,658,Carbon dioxide equivalents
2011.12,D12,"Water, sewerage, drainage, and waste services",Carbon dioxide equivalents,Actual,Kilotonnes,658,Carbon dioxide equivalents
2012.03,D12,"Water, sewerage, drainage, and waste services",Carbon dioxide equivalents,Seasonally adjusted,Kilotonnes,655,Carbon dioxide equivalents
2012.03,D12,"Water, sewerage, drainage, and waste services",Carbon dioxide equivalents,Actual,Kilotonnes,655,Carbon dioxide equivalents
2012.06,D12,"Water, sewerage, drainage, and waste services",Carbon dioxide equivalents,Seasonally adjusted,Kilotonnes,654,Carbon dioxide equivalents
2012.06,D12,"Water, sewerage, drainage, and waste services",Carbon dioxide equivalents,Actual,Kilotonnes,654,Carbon dioxide equivalents
2012.09,D12,"Water, sewerage, drainage, and waste services",Carbon dioxide equivalents,Seasonally adjusted,Kilotonnes,652,Carbon dioxide equivalents
2012.09,D12,"Water, sewerage, drainage, and waste services",Carbon dioxide equivalents,Actual,Kilotonnes,652,Carbon dioxide equivalents
2012.12,D12,"Water, sewerage, drainage, and waste services",Carbon dioxide equivalents,Seasonally adjusted,Kilotonnes,651,Carbon dioxide equivalents
2012.12,D12,"Water, sewerage, drainage, and waste services",Carbon dioxide equivalents,Actual,Kilotonnes,651,Carbon dioxide equivalents
2013.03,D12,"Water, sewerage, drainage, and waste services",Carbon dioxide equivalents,Seasonally adjusted,Kilotonnes,652,Carbon dioxide equivalents
2013.03,D12,"Water, sewerage, drainage, and waste services",Carbon dioxide equivalents,Actual,Kilotonnes,652,Carbon dioxide equivalents
2013.06,D12,"Water, sewerage, drainage, and waste services",Carbon dioxide equivalents,Seasonally adjusted,Kilotonnes,654,Carbon dioxide equivalents
2013.06,D12,"Water, sewerage, drainage, and waste services",Carbon dioxide equivalents,Actual,Kilotonnes,654,Carbon dioxide equivalents
2013.09,D12,"Water, sewerage, drainage, and waste services",Carbon dioxide equivalents,Seasonally adjusted,Kilotonnes,654,Carbon dioxide equivalents
2013.09,D12,"Water, sewerage, drainage, and waste services",Carbon dioxide equivalents,Actual,Kilotonnes,654,Carbon dioxide equivalents
2013.12,D12,"Water, sewerage, drainage, and waste services",Carbon dioxide equivalents,Seasonally adjusted,Kilotonnes,654,Carbon dioxide equivalents
2013.12,D12,"Water, sewerage, drainage, and waste services",Carbon dioxide equivalents,Actual,Kilotonnes,654,Carbon dioxide equivalents
2014.03,D12,"Water, sewerage, drainage, and waste services",Carbon dioxide equivalents,Seasonally adjusted,Kilotonnes,652,Carbon dioxide equivalents
2014.03,D12,"Water, sewerage, drainage, and waste services",Carbon dioxide equivalents,Actual,Kilotonnes,652,Carbon dioxide equivalents
2014.06,D12,"Water, sewerage, drainage, and waste services",Carbon dioxide equivalents,Seasonally adjusted,Kilotonnes,654,Carbon dioxide equivalents
2014.06,D12,"Water, sewerage, drainage, and waste services",Carbon dioxide equivalents,Actual,Kilotonnes,654,Carbon dioxide equivalents
2014.09,D12,"Water, sewerage, drainage, and waste services",Carbon dioxide equivalents,Seasonally adjusted,Kilotonnes,660,Carbon dioxide equivalents
2014.09,D12,"Water, sewerage, drainage, and waste services",Carbon dioxide equivalents,Actual,Kilotonnes,660,Carbon dioxide equivalents
2014.12,D12,"Water, sewerage, drainage, and waste services",Carbon dioxide equivalents,Seasonally adjusted,Kilotonnes,662,Carbon dioxide equivalents
2014.12,D12,"Water, sewerage, drainage, and waste services",Carbon dioxide equivalents,Actual,Kilotonnes,662,Carbon dioxide equivalents
2015.03,D12,"Water, sewerage, drainage, and waste services",Carbon dioxide equivalents,Seasonally adjusted,Kilotonnes,671,Carbon dioxide equivalents
2015.03,D12,"Water, sewerage, drainage, and waste services",Carbon dioxide equivalents,Actual,Kilotonnes,671,Carbon dioxide equivalents
2015.06,D12,"Water, sewerage, drainage, and waste services",Carbon dioxide equivalents,Seasonally adjusted,Kilotonnes,677,Carbon dioxide equivalents
2015.06,D12,"Water, sewerage, drainage, and waste services",Carbon dioxide equivalents,Actual,Kilotonnes,677,Carbon dioxide equivalents
2015.09,D12,"Water, sewerage, drainage, and waste services",Carbon dioxide equivalents,Seasonally adjusted,Kilotonnes,677,Carbon dioxide equivalents
2015.09,D12,"Water, sewerage, drainage, and waste services",Carbon dioxide equivalents,Actual,Kilotonnes,677,Carbon dioxide equivalents
2015.12,D12,"Water, sewerage, drainage, and waste services",Carbon dioxide equivalents,Seasonally adjusted,Kilotonnes,674,Carbon dioxide equivalents
2015.12,D12,"Water, sewerage, drainage, and waste services",Carbon dioxide equivalents,Actual,Kilotonnes,674,Carbon dioxide equivalents
2016.03,D12,"Water, sewerage, drainage, and waste services",Carbon dioxide equivalents,Seasonally adjusted,Kilotonnes,665,Carbon dioxide equivalents
2016.03,D12,"Water, sewerage, drainage, and waste services",Carbon dioxide equivalents,Actual,Kilotonnes,665,Carbon dioxide equivalents
2016.06,D12,"Water, sewerage, drainage, and waste services",Carbon dioxide equivalents,Seasonally adjusted,Kilotonnes,665,Carbon dioxide equivalents
2016.06,D12,"Water, sewerage, drainage, and waste services",Carbon dioxide equivalents,Actual,Kilotonnes,665,Carbon dioxide equivalents
2016.09,D12,"Water, sewerage, drainage, and waste services",Carbon dioxide equivalents,Seasonally adjusted,Kilotonnes,664,Carbon dioxide equivalents
2016.09,D12,"Water, sewerage, drainage, and waste services",Carbon dioxide equivalents,Actual,Kilotonnes,664,Carbon dioxide equivalents
2016.12,D12,"Water, sewerage, drainage, and waste services",Carbon dioxide equivalents,Seasonally adjusted,Kilotonnes,666,Carbon dioxide equivalents
2016.12,D12,"Water, sewerage, drainage, and waste services",Carbon dioxide equivalents,Actual,Kilotonnes,666,Carbon dioxide equivalents
2017.03,D12,"Water, sewerage, drainage, and waste services",Carbon dioxide equivalents,Seasonally adjusted,Kilotonnes,671,Carbon dioxide equivalents
2017.03,D12,"Water, sewerage, drainage, and waste services",Carbon dioxide equivalents,Actual,Kilotonnes,671,Carbon dioxide equivalents
2017.06,D12,"Water, sewerage, drainage, and waste services",Carbon dioxide equivalents,Seasonally adjusted,Kilotonnes,684,Carbon dioxide equivalents
2017.06,D12,"Water, sewerage, drainage, and waste services",Carbon dioxide equivalents,Actual,Kilotonnes,684,Carbon dioxide equivalents
2017.09,D12,"Water, sewerage, drainage, and waste services",Carbon dioxide equivalents,Seasonally adjusted,Kilotonnes,693,Carbon dioxide equivalents
2017.09,D12,"Water, sewerage, drainage, and waste services",Carbon dioxide equivalents,Actual,Kilotonnes,693,Carbon dioxide equivalents
2017.12,D12,"Water, sewerage, drainage, and waste services",Carbon dioxide equivalents,Seasonally adjusted,Kilotonnes,704,Carbon dioxide equivalents
2017.12,D12,"Water, sewerage, drainage, and waste services",Carbon dioxide equivalents,Actual,Kilotonnes,704,Carbon dioxide equivalents
2018.03,D12,"Water, sewerage, drainage, and waste services",Carbon dioxide equivalents,Seasonally adjusted,Kilotonnes,719,Carbon dioxide equivalents
2018.03,D12,"Water, sewerage, drainage, and waste services",Carbon dioxide equivalents,Actual,Kilotonnes,719,Carbon dioxide equivalents
2018.06,D12,"Water, sewerage, drainage, and waste services",Carbon dioxide equivalents,Seasonally adjusted,Kilotonnes,729,Carbon dioxide equivalents
2018.06,D12,"Water, sewerage, drainage, and waste services",Carbon dioxide equivalents,Actual,Kilotonnes,729,Carbon dioxide equivalents
2018.09,D12,"Water, sewerage, drainage, and waste services",Carbon dioxide equivalents,Seasonally adjusted,Kilotonnes,729,Carbon dioxide equivalents
2018.09,D12,"Water, sewerage, drainage, and waste services",Carbon dioxide equivalents,Actual,Kilotonnes,729,Carbon dioxide equivalents
2018.12,D12,"Water, sewerage, drainage, and waste services",Carbon dioxide equivalents,Seasonally adjusted,Kilotonnes,725,Carbon dioxide equivalents
2018.12,D12,"Water, sewerage, drainage, and waste services",Carbon dioxide equivalents,Actual,Kilotonnes,725,Carbon dioxide equivalents
2019.03,D12,"Water, sewerage, drainage, and waste services",Carbon dioxide equivalents,Seasonally adjusted,Kilotonnes,700,Carbon dioxide equivalents
2019.03,D12,"Water, sewerage, drainage, and waste services",Carbon dioxide equivalents,Actual,Kilotonnes,700,Carbon dioxide equivalents
2019.06,D12,"Water, sewerage, drainage, and waste services",Carbon dioxide equivalents,Seasonally adjusted,Kilotonnes,692,Carbon dioxide equivalents
2019.06,D12,"Water, sewerage, drainage, and waste services",Carbon dioxide equivalents,Actual,Kilotonnes,692,Carbon dioxide equivalents
2019.09,D12,"Water, sewerage, drainage, and waste services",Carbon dioxide equivalents,Seasonally adjusted,Kilotonnes,687,Carbon dioxide equivalents
2019.09,D12,"Water, sewerage, drainage, and waste services",Carbon dioxide equivalents,Actual,Kilotonnes,687,Carbon dioxide equivalents
2019.12,D12,"Water, sewerage, drainage, and waste services",Carbon dioxide equivalents,Seasonally adjusted,Kilotonnes,686,Carbon dioxide equivalents
2019.12,D12,"Water, sewerage, drainage, and waste services",Carbon dioxide equivalents,Actual,Kilotonnes,686,Carbon dioxide equivalents
2020.03,D12,"Water, sewerage, drainage, and waste services",Carbon dioxide equivalents,Seasonally adjusted,Kilotonnes,691,Carbon dioxide equivalents
2020.03,D12,"Water, sewerage, drainage, and waste services",Carbon dioxide equivalents,Actual,Kilotonnes,691,Carbon dioxide equivalents
2020.06,D12,"Water, sewerage, drainage, and waste services",Carbon dioxide equivalents,Seasonally adjusted,Kilotonnes,702,Carbon dioxide equivalents
2020.06,D12,"Water, sewerage, drainage, and waste services",Carbon dioxide equivalents,Actual,Kilotonnes,702,Carbon dioxide equivalents
2020.09,D12,"Water, sewerage, drainage, and waste services",Carbon dioxide equivalents,Seasonally adjusted,Kilotonnes,723,Carbon dioxide equivalents
2020.09,D12,"Water, sewerage, drainage, and waste services",Carbon dioxide equivalents,Actual,Kilotonnes,723,Carbon dioxide equivalents
2020.12,D12,"Water, sewerage, drainage, and waste services",Carbon dioxide equivalents,Seasonally adjusted,Kilotonnes,747,Carbon dioxide equivalents
2020.12,D12,"Water, sewerage, drainage, and waste services",Carbon dioxide equivalents,Actual,Kilotonnes,747,Carbon dioxide equivalents
2021.03,D12,"Water, sewerage, drainage, and waste services",Carbon dioxide equivalents,Seasonally adjusted,Kilotonnes,774,Carbon dioxide equivalents
2021.03,D12,"Water, sewerage, drainage, and waste services",Carbon dioxide equivalents,Actual,Kilotonnes,774,Carbon dioxide equivalents
2021.06,D12,"Water, sewerage, drainage, and waste services",Carbon dioxide equivalents,Seasonally adjusted,Kilotonnes,793,Carbon dioxide equivalents
2021.06,D12,"Water, sewerage, drainage, and waste services",Carbon dioxide equivalents,Actual,Kilotonnes,793,Carbon dioxide equivalents
2021.09,D12,"Water, sewerage, drainage, and waste services",Carbon dioxide equivalents,Seasonally adjusted,Kilotonnes,801,Carbon dioxide equivalents
2021.09,D12,"Water, sewerage, drainage, and waste services",Carbon dioxide equivalents,Actual,Kilotonnes,801,Carbon dioxide equivalents
2021.12,D12,"Water, sewerage, drainage, and waste services",Carbon dioxide equivalents,Seasonally adjusted,Kilotonnes,806,Carbon dioxide equivalents
2021.12,D12,"Water, sewerage, drainage, and waste services",Carbon dioxide equivalents,Actual,Kilotonnes,806,Carbon dioxide equivalents
2022.03,D12,"Water, sewerage, drainage, and waste services",Carbon dioxide equivalents,Seasonally adjusted,Kilotonnes,801,Carbon dioxide equivalents
2022.03,D12,"Water, sewerage, drainage, and waste services",Carbon dioxide equivalents,Actual,Kilotonnes,801,Carbon dioxide equivalents
2022.06,D12,"Water, sewerage, drainage, and waste services",Carbon dioxide equivalents,Seasonally adjusted,Kilotonnes,786,Carbon dioxide equivalents
2022.06,D12,"Water, sewerage, drainage, and waste services",Carbon dioxide equivalents,Actual,Kilotonnes,786,Carbon dioxide equivalents
2022.09,D12,"Water, sewerage, drainage, and waste services",Carbon dioxide equivalents,Seasonally adjusted,Kilotonnes,771,Carbon dioxide equivalents
2022.09,D12,"Water, sewerage, drainage, and waste services",Carbon dioxide equivalents,Actual,Kilotonnes,771,Carbon dioxide equivalents
2022.12,D12,"Water, sewerage, drainage, and waste services",Carbon dioxide equivalents,Seasonally adjusted,Kilotonnes,747,Carbon dioxide equivalents
2022.12,D12,"Water, sewerage, drainage, and waste services",Carbon dioxide equivalents,Actual,Kilotonnes,747,Carbon dioxide equivalents
2023.03,D12,"Water, sewerage, drainage, and waste services",Carbon dioxide equivalents,Seasonally adjusted,Kilotonnes,721,Carbon dioxide equivalents
2023.03,D12,"Water, sewerage, drainage, and waste services",Carbon dioxide equivalents,Actual,Kilotonnes,721,Carbon dioxide equivalents
2023.06,D12,"Water, sewerage, drainage, and waste services",Carbon dioxide equivalents,Seasonally adjusted,Kilotonnes,703,Carbon dioxide equivalents
2023.06,D12,"Water, sewerage, drainage, and waste services",Carbon dioxide equivalents,Actual,Kilotonnes,703,Carbon dioxide equivalents
2023.09,D12,"Water, sewerage, drainage, and waste services",Carbon dioxide equivalents,Seasonally adjusted,Kilotonnes,693,Carbon dioxide equivalents
2023.09,D12,"Water, sewerage, drainage, and waste services",Carbon dioxide equivalents,Actual,Kilotonnes,693,Carbon dioxide equivalents
2023.12,D12,"Water, sewerage, drainage, and waste services",Carbon dioxide equivalents,Seasonally adjusted,Kilotonnes,686,Carbon dioxide equivalents
2023.12,D12,"Water, sewerage, drainage, and waste services",Carbon dioxide equivalents,Actual,Kilotonnes,686,Carbon dioxide equivalents
2024.03,D12,"Water, sewerage, drainage, and waste services",Carbon dioxide equivalents,Seasonally adjusted,Kilotonnes,689,Carbon dioxide equivalents
2024.03,D12,"Water, sewerage, drainage, and waste services",Carbon dioxide equivalents,Actual,Kilotonnes,689,Carbon dioxide equivalents
2024.06,D12,"Water, sewerage, drainage, and waste services",Carbon dioxide equivalents,Seasonally adjusted,Kilotonnes,692,Carbon dioxide equivalents
2024.06,D12,"Water, sewerage, drainage, and waste services",Carbon dioxide equivalents,Actual,Kilotonnes,692,Carbon dioxide equivalents
2024.09,D12,"Water, sewerage, drainage, and waste services",Carbon dioxide equivalents,Seasonally adjusted,Kilotonnes,694,Carbon dioxide equivalents
2024.09,D12,"Water, sewerage, drainage, and waste services",Carbon dioxide equivalents,Actual,Kilotonnes,694,Carbon dioxide equivalents
2024.12,D12,"Water, sewerage, drainage, and waste services",Carbon dioxide equivalents,Seasonally adjusted,Kilotonnes,695,Carbon dioxide equivalents
2024.12,D12,"Water, sewerage, drainage, and waste services",Carbon dioxide equivalents,Actual,Kilotonnes,695,Carbon dioxide equivalents
2025.03,D12,"Water, sewerage, drainage, and waste services",Carbon dioxide equivalents,Seasonally adjusted,Kilotonnes,697,Carbon dioxide equivalents
2025.03,D12,"Water, sewerage, drainage, and waste services",Carbon dioxide equivalents,Actual,Kilotonnes,697,Carbon dioxide equivalents
2025.06,D12,"Water, sewerage, drainage, and waste services",Carbon dioxide equivalents,Seasonally adjusted,Kilotonnes,700,Carbon dioxide equivalents
2025.06,D12,"Water, sewerage, drainage, and waste services",Carbon dioxide equivalents,Actual,Kilotonnes,700,Carbon dioxide equivalents
2025.09,D12,"Water, sewerage, drainage, and waste services",Carbon dioxide equivalents,Seasonally adjusted,Kilotonnes,699,Carbon dioxide equivalents
2025.09,D12,"Water, sewerage, drainage, and waste services",Carbon dioxide equivalents,Actual,Kilotonnes,699,Carbon dioxide equivalents
2025.12,D12,"Water, sewerage, drainage, and waste services",Carbon dioxide equivalents,Seasonally adjusted,Kilotonnes,696,Carbon dioxide equivalents
2025.12,D12,"Water, sewerage, drainage, and waste services",Carbon dioxide equivalents,Actual,Kilotonnes,696,Carbon dioxide equivalents
2026.03,D12,"Water, sewerage, drainage, and waste services",Carbon dioxide equivalents,Seasonally adjusted,Kilotonnes,692,Carbon dioxide equivalents
2026.03,D12,"Water, sewerage, drainage, and waste services",Carbon dioxide equivalents,Actual,Kilotonnes,692,Carbon dioxide equivalents
2010.03,DD1,"Electricity, gas, water, and waste services",Carbon dioxide equivalents,Seasonally adjusted,Kilotonnes,2331,Carbon dioxide equivalents
2010.03,DD1,"Electricity, gas, water, and waste services",Carbon dioxide equivalents,Actual,Kilotonnes,2331,Carbon dioxide equivalents
2010.06,DD1,"Electricity, gas, water, and waste services",Carbon dioxide equivalents,Seasonally adjusted,Kilotonnes,2367,Carbon dioxide equivalents
2010.06,DD1,"Electricity, gas, water, and waste services",Carbon dioxide equivalents,Actual,Kilotonnes,2367,Carbon dioxide equivalents
2010.09,DD1,"Electricity, gas, water, and waste services",Carbon dioxide equivalents,Seasonally adjusted,Kilotonnes,2367,Carbon dioxide equivalents
2010.09,DD1,"Electricity, gas, water, and waste services",Carbon dioxide equivalents,Actual,Kilotonnes,2367,Carbon dioxide equivalents
2010.12,DD1,"Electricity, gas, water, and waste services",Carbon dioxide equivalents,Seasonally adjusted,Kilotonnes,2248,Carbon dioxide equivalents
2010.12,DD1,"Electricity, gas, water, and waste services",Carbon dioxide equivalents,Actual,Kilotonnes,2248,Carbon dioxide equivalents
2011.03,DD1,"Electricity, gas, water, and waste services",Carbon dioxide equivalents,Seasonally adjusted,Kilotonnes,1979,Carbon dioxide equivalents
2011.03,DD1,"Electricity, gas, water, and waste services",Carbon dioxide equivalents,Actual,Kilotonnes,1979,Carbon dioxide equivalents
2011.06,DD1,"Electricity, gas, water, and waste services",Carbon dioxide equivalents,Seasonally adjusted,Kilotonnes,1998,Carbon dioxide equivalents
2011.06,DD1,"Electricity, gas, water, and waste services",Carbon dioxide equivalents,Actual,Kilotonnes,1998,Carbon dioxide equivalents
2011.09,DD1,"Electricity, gas, water, and waste services",Carbon dioxide equivalents,Seasonally adjusted,Kilotonnes,2612,Carbon dioxide equivalents
2011.09,DD1,"Electricity, gas, water, and waste services",Carbon dioxide equivalents,Actual,Kilotonnes,2612,Carbon dioxide equivalents
2011.12,DD1,"Electricity, gas, water, and waste services",Carbon dioxide equivalents,Seasonally adjusted,Kilotonnes,2218,Carbon dioxide equivalents
2011.12,DD1,"Electricity, gas, water, and waste services",Carbon dioxide equivalents,Actual,Kilotonnes,2218,Carbon dioxide equivalents
2012.03,DD1,"Electricity, gas, water, and waste services",Carbon dioxide equivalents,Seasonally adjusted,Kilotonnes,2385,Carbon dioxide equivalents
2012.03,DD1,"Electricity, gas, water, and waste services",Carbon dioxide equivalents,Actual,Kilotonnes,2385,Carbon dioxide equivalents
2012.06,DD1,"Electricity, gas, water, and waste services",Carbon dioxide equivalents,Seasonally adjusted,Kilotonnes,3188,Carbon dioxide equivalents
2012.06,DD1,"Electricity, gas, water, and waste services",Carbon dioxide equivalents,Actual,Kilotonnes,3188,Carbon dioxide equivalents
2012.09,DD1,"Electricity, gas, water, and waste services",Carbon dioxide equivalents,Seasonally adjusted,Kilotonnes,2598,Carbon dioxide equivalents
2012.09,DD1,"Electricity, gas, water, and waste services",Carbon dioxide equivalents,Actual,Kilotonnes,2598,Carbon dioxide equivalents
2012.12,DD1,"Electricity, gas, water, and waste services",Carbon dioxide equivalents,Seasonally adjusted,Kilotonnes,2022,Carbon dioxide equivalents
2012.12,DD1,"Electricity, gas, water, and waste services",Carbon dioxide equivalents,Actual,Kilotonnes,2022,Carbon dioxide equivalents
2013.03,DD1,"Electricity, gas, water, and waste services",Carbon dioxide equivalents,Seasonally adjusted,Kilotonnes,2289,Carbon dioxide equivalents
2013.03,DD1,"Electricity, gas, water, and waste services",Carbon dioxide equivalents,Actual,Kilotonnes,2289,Carbon dioxide equivalents
2013.06,DD1,"Electricity, gas, water, and waste services",Carbon dioxide equivalents,Seasonally adjusted,Kilotonnes,2734,Carbon dioxide equivalents
2013.06,DD1,"Electricity, gas, water, and waste services",Carbon dioxide equivalents,Actual,Kilotonnes,2734,Carbon dioxide equivalents
2013.09,DD1,"Electricity, gas, water, and waste services",Carbon dioxide equivalents,Seasonally adjusted,Kilotonnes,2241,Carbon dioxide equivalents
2013.09,DD1,"Electricity, gas, water, and waste services",Carbon dioxide equivalents,Actual,Kilotonnes,2241,Carbon dioxide equivalents
2013.12,DD1,"Electricity, gas, water, and waste services",Carbon dioxide equivalents,Seasonally adjusted,Kilotonnes,1643,Carbon dioxide equivalents
2013.12,DD1,"Electricity, gas, water, and waste services",Carbon dioxide equivalents,Actual,Kilotonnes,1643,Carbon dioxide equivalents
2014.03,DD1,"Electricity, gas, water, and waste services",Carbon dioxide equivalents,Seasonally adjusted,Kilotonnes,1921,Carbon dioxide equivalents
2014.03,DD1,"Electricity, gas, water, and waste services",Carbon dioxide equivalents,Actual,Kilotonnes,1921,Carbon dioxide equivalents
2014.06,DD1,"Electricity, gas, water, and waste services",Carbon dioxide equivalents,Seasonally adjusted,Kilotonnes,2058,Carbon dioxide equivalents
2014.06,DD1,"Electricity, gas, water, and waste services",Carbon dioxide equivalents,Actual,Kilotonnes,2058,Carbon dioxide equivalents
2014.09,DD1,"Electricity, gas, water, and waste services",Carbon dioxide equivalents,Seasonally adjusted,Kilotonnes,1966,Carbon dioxide equivalents
2014.09,DD1,"Electricity, gas, water, and waste services",Carbon dioxide equivalents,Actual,Kilotonnes,1966,Carbon dioxide equivalents
2014.12,DD1,"Electricity, gas, water, and waste services",Carbon dioxide equivalents,Seasonally adjusted,Kilotonnes,2053,Carbon dioxide equivalents
2014.12,DD1,"Electricity, gas, water, and waste services",Carbon dioxide equivalents,Actual,Kilotonnes,2053,Carbon dioxide equivalents
2015.03,DD1,"Electricity, gas, water, and waste services",Carbon dioxide equivalents,Seasonally adjusted,Kilotonnes,2226,Carbon dioxide equivalents
2015.03,DD1,"Electricity, gas, water, and waste services",Carbon dioxide equivalents,Actual,Kilotonnes,2226,Carbon dioxide equivalents
2015.06,DD1,"Electricity, gas, water, and waste services",Carbon dioxide equivalents,Seasonally adjusted,Kilotonnes,1840,Carbon dioxide equivalents
2015.06,DD1,"Electricity, gas, water, and waste services",Carbon dioxide equivalents,Actual,Kilotonnes,1840,Carbon dioxide equivalents
2015.09,DD1,"Electricity, gas, water, and waste services",Carbon dioxide equivalents,Seasonally adjusted,Kilotonnes,1923,Carbon dioxide equivalents
2015.09,DD1,"Electricity, gas, water, and waste services",Carbon dioxide equivalents,Actual,Kilotonnes,1923,Carbon dioxide equivalents
2015.12,DD1,"Electricity, gas, water, and waste services",Carbon dioxide equivalents,Seasonally adjusted,Kilotonnes,1887,Carbon dioxide equivalents
2015.12,DD1,"Electricity, gas, water, and waste services",Carbon dioxide equivalents,Actual,Kilotonnes,1887,Carbon dioxide equivalents
2016.03,DD1,"Electricity, gas, water, and waste services",Carbon dioxide equivalents,Seasonally adjusted,Kilotonnes,1844,Carbon dioxide equivalents
2016.03,DD1,"Electricity, gas, water, and waste services",Carbon dioxide equivalents,Actual,Kilotonnes,1844,Carbon dioxide equivalents
2016.06,DD1,"Electricity, gas, water, and waste services",Carbon dioxide equivalents,Seasonally adjusted,Kilotonnes,1792,Carbon dioxide equivalents
2016.06,DD1,"Electricity, gas, water, and waste services",Carbon dioxide equivalents,Actual,Kilotonnes,1792,Carbon dioxide equivalents
2016.09,DD1,"Electricity, gas, water, and waste services",Carbon dioxide equivalents,Seasonally adjusted,Kilotonnes,1623,Carbon dioxide equivalents
2016.09,DD1,"Electricity, gas, water, and waste services",Carbon dioxide equivalents,Actual,Kilotonnes,1623,Carbon dioxide equivalents
2016.12,DD1,"Electricity, gas, water, and waste services",Carbon dioxide equivalents,Seasonally adjusted,Kilotonnes,1458,Carbon dioxide equivalents
2016.12,DD1,"Electricity, gas, water, and waste services",Carbon dioxide equivalents,Actual,Kilotonnes,1458,Carbon dioxide equivalents
2017.03,DD1,"Electricity, gas, water, and waste services",Carbon dioxide equivalents,Seasonally adjusted,Kilotonnes,1473,Carbon dioxide equivalents
2017.03,DD1,"Electricity, gas, water, and waste services",Carbon dioxide equivalents,Actual,Kilotonnes,1473,Carbon dioxide equivalents
2017.06,DD1,"Electricity, gas, water, and waste services",Carbon dioxide equivalents,Seasonally adjusted,Kilotonnes,1939,Carbon dioxide equivalents
2017.06,DD1,"Electricity, gas, water, and waste services",Carbon dioxide equivalents,Actual,Kilotonnes,1939,Carbon dioxide equivalents
2017.09,DD1,"Electricity, gas, water, and waste services",Carbon dioxide equivalents,Seasonally adjusted,Kilotonnes,2003,Carbon dioxide equivalents
2017.09,DD1,"Electricity, gas, water, and waste services",Carbon dioxide equivalents,Actual,Kilotonnes,2003,Carbon dioxide equivalents
2017.12,DD1,"Electricity, gas, water, and waste services",Carbon dioxide equivalents,Seasonally adjusted,Kilotonnes,1904,Carbon dioxide equivalents
2017.12,DD1,"Electricity, gas, water, and waste services",Carbon dioxide equivalents,Actual,Kilotonnes,1904,Carbon dioxide equivalents
2018.03,DD1,"Electricity, gas, water, and waste services",Carbon dioxide equivalents,Seasonally adjusted,Kilotonnes,1855,Carbon dioxide equivalents
2018.03,DD1,"Electricity, gas, water, and waste services",Carbon dioxide equivalents,Actual,Kilotonnes,1855,Carbon dioxide equivalents
2018.06,DD1,"Electricity, gas, water, and waste services",Carbon dioxide equivalents,Seasonally adjusted,Kilotonnes,1716,Carbon dioxide equivalents
2018.06,DD1,"Electricity, gas, water, and waste services",Carbon dioxide equivalents,Actual,Kilotonnes,1716,Carbon dioxide equivalents
2018.09,DD1,"Electricity, gas, water, and waste services",Carbon dioxide equivalents,Seasonally adjusted,Kilotonnes,1772,Carbon dioxide equivalents
2018.09,DD1,"Electricity, gas, water, and waste services",Carbon dioxide equivalents,Actual,Kilotonnes,1772,Carbon dioxide equivalents
2018.12,DD1,"Electricity, gas, water, and waste services",Carbon dioxide equivalents,Seasonally adjusted,Kilotonnes,2001,Carbon dioxide equivalents
2018.12,DD1,"Electricity, gas, water, and waste services",Carbon dioxide equivalents,Actual,Kilotonnes,2001,Carbon dioxide equivalents
2019.03,DD1,"Electricity, gas, water, and waste services",Carbon dioxide equivalents,Seasonally adjusted,Kilotonnes,2075,Carbon dioxide equivalents
2019.03,DD1,"Electricity, gas, water, and waste services",Carbon dioxide equivalents,Actual,Kilotonnes,2075,Carbon dioxide equivalents
2019.06,DD1,"Electricity, gas, water, and waste services",Carbon dioxide equivalents,Seasonally adjusted,Kilotonnes,1835,Carbon dioxide equivalents
2019.06,DD1,"Electricity, gas, water, and waste services",Carbon dioxide equivalents,Actual,Kilotonnes,1835,Carbon dioxide equivalents
2019.09,DD1,"Electricity, gas, water, and waste services",Carbon dioxide equivalents,Seasonally adjusted,Kilotonnes,2042,Carbon dioxide equivalents
2019.09,DD1,"Electricity, gas, water, and waste services",Carbon dioxide equivalents,Actual,Kilotonnes,2042,Carbon dioxide equivalents
2019.12,DD1,"Electricity, gas, water, and waste services",Carbon dioxide equivalents,Seasonally adjusted,Kilotonnes,1734,Carbon dioxide equivalents
2019.12,DD1,"Electricity, gas, water, and waste services",Carbon dioxide equivalents,Actual,Kilotonnes,1734,Carbon dioxide equivalents
2020.03,DD1,"Electricity, gas, water, and waste services",Carbon dioxide equivalents,Seasonally adjusted,Kilotonnes,1948,Carbon dioxide equivalents
2020.03,DD1,"Electricity, gas, water, and waste services",Carbon dioxide equivalents,Actual,Kilotonnes,1948,Carbon dioxide equivalents
2020.06,DD1,"Electricity, gas, water, and waste services",Carbon dioxide equivalents,Seasonally adjusted,Kilotonnes,1914,Carbon dioxide equivalents
2020.06,DD1,"Electricity, gas, water, and waste services",Carbon dioxide equivalents,Actual,Kilotonnes,1914,Carbon dioxide equivalents
2020.09,DD1,"Electricity, gas, water, and waste services",Carbon dioxide equivalents,Seasonally adjusted,Kilotonnes,2433,Carbon dioxide equivalents
2020.09,DD1,"Electricity, gas, water, and waste services",Carbon dioxide equivalents,Actual,Kilotonnes,2433,Carbon dioxide equivalents
2020.12,DD1,"Electricity, gas, water, and waste services",Carbon dioxide equivalents,Seasonally adjusted,Kilotonnes,1866,Carbon dioxide equivalents
2020.12,DD1,"Electricity, gas, water, and waste services",Carbon dioxide equivalents,Actual,Kilotonnes,1866,Carbon dioxide equivalents
2021.03,DD1,"Electricity, gas, water, and waste services",Carbon dioxide equivalents,Seasonally adjusted,Kilotonnes,2349,Carbon dioxide equivalents
2021.03,DD1,"Electricity, gas, water, and waste services",Carbon dioxide equivalents,Actual,Kilotonnes,2349,Carbon dioxide equivalents
2021.06,DD1,"Electricity, gas, water, and waste services",Carbon dioxide equivalents,Seasonally adjusted,Kilotonnes,2756,Carbon dioxide equivalents
2021.06,DD1,"Electricity, gas, water, and waste services",Carbon dioxide equivalents,Actual,Kilotonnes,2756,Carbon dioxide equivalents
2021.09,DD1,"Electricity, gas, water, and waste services",Carbon dioxide equivalents,Seasonally adjusted,Kilotonnes,1984,Carbon dioxide equivalents
2021.09,DD1,"Electricity, gas, water, and waste services",Carbon dioxide equivalents,Actual,Kilotonnes,1984,Carbon dioxide equivalents
2021.12,DD1,"Electricity, gas, water, and waste services",Carbon dioxide equivalents,Seasonally adjusted,Kilotonnes,1412,Carbon dioxide equivalents
2021.12,DD1,"Electricity, gas, water, and waste services",Carbon dioxide equivalents,Actual,Kilotonnes,1412,Carbon dioxide equivalents
2022.03,DD1,"Electricity, gas, water, and waste services",Carbon dioxide equivalents,Seasonally adjusted,Kilotonnes,1930,Carbon dioxide equivalents
2022.03,DD1,"Electricity, gas, water, and waste services",Carbon dioxide equivalents,Actual,Kilotonnes,1930,Carbon dioxide equivalents
2022.06,DD1,"Electricity, gas, water, and waste services",Carbon dioxide equivalents,Seasonally adjusted,Kilotonnes,2075,Carbon dioxide equivalents
2022.06,DD1,"Electricity, gas, water, and waste services",Carbon dioxide equivalents,Actual,Kilotonnes,2075,Carbon dioxide equivalents
2022.09,DD1,"Electricity, gas, water, and waste services",Carbon dioxide equivalents,Seasonally adjusted,Kilotonnes,1522,Carbon dioxide equivalents
2022.09,DD1,"Electricity, gas, water, and waste services",Carbon dioxide equivalents,Actual,Kilotonnes,1522,Carbon dioxide equivalents
2022.12,DD1,"Electricity, gas, water, and waste services",Carbon dioxide equivalents,Seasonally adjusted,Kilotonnes,1193,Carbon dioxide equivalents
2022.12,DD1,"Electricity, gas, water, and waste services",Carbon dioxide equivalents,Actual,Kilotonnes,1193,Carbon dioxide equivalents
2023.03,DD1,"Electricity, gas, water, and waste services",Carbon dioxide equivalents,Seasonally adjusted,Kilotonnes,1510,Carbon dioxide equivalents
2023.03,DD1,"Electricity, gas, water, and waste services",Carbon dioxide equivalents,Actual,Kilotonnes,1510,Carbon dioxide equivalents
2023.06,DD1,"Electricity, gas, water, and waste services",Carbon dioxide equivalents,Seasonally adjusted,Kilotonnes,1301,Carbon dioxide equivalents
2023.06,DD1,"Electricity, gas, water, and waste services",Carbon dioxide equivalents,Actual,Kilotonnes,1301,Carbon dioxide equivalents
2023.09,DD1,"Electricity, gas, water, and waste services",Carbon dioxide equivalents,Seasonally adjusted,Kilotonnes,1876,Carbon dioxide equivalents
2023.09,DD1,"Electricity, gas, water, and waste services",Carbon dioxide equivalents,Actual,Kilotonnes,1876,Carbon dioxide equivalents
2023.12,DD1,"Electricity, gas, water, and waste services",Carbon dioxide equivalents,Seasonally adjusted,Kilotonnes,1480,Carbon dioxide equivalents
2023.12,DD1,"Electricity, gas, water, and waste services",Carbon dioxide equivalents,Actual,Kilotonnes,1480,Carbon dioxide equivalents
2024.03,DD1,"Electricity, gas, water, and waste services",Carbon dioxide equivalents,Seasonally adjusted,Kilotonnes,1620,Carbon dioxide equivalents
2024.03,DD1,"Electricity, gas, water, and waste services",Carbon dioxide equivalents,Actual,Kilotonnes,1620,Carbon dioxide equivalents
2024.06,DD1,"Electricity, gas, water, and waste services",Carbon dioxide equivalents,Seasonally adjusted,Kilotonnes,2192,Carbon dioxide equivalents
2024.06,DD1,"Electricity, gas, water, and waste services",Carbon dioxide equivalents,Actual,Kilotonnes,2192,Carbon dioxide equivalents
2024.09,DD1,"Electricity, gas, water, and waste services",Carbon dioxide equivalents,Seasonally adjusted,Kilotonnes,2191,Carbon dioxide equivalents
2024.09,DD1,"Electricity, gas, water, and waste services",Carbon dioxide equivalents,Actual,Kilotonnes,2191,Carbon dioxide equivalents
2024.12,DD1,"Electricity, gas, water, and waste services",Carbon dioxide equivalents,Seasonally adjusted,Kilotonnes,1125,Carbon dioxide equivalents
2024.12,DD1,"Electricity, gas, water, and waste services",Carbon dioxide equivalents,Actual,Kilotonnes,1125,Carbon dioxide equivalents
2025.03,DD1,"Electricity, gas, water, and waste services",Carbon dioxide equivalents,Seasonally adjusted,Kilotonnes,1868,Carbon dioxide equivalents
2025.03,DD1,"Electricity, gas, water, and waste services",Carbon dioxide equivalents,Actual,Kilotonnes,1868,Carbon dioxide equivalents
2025.06,DD1,"Electricity, gas, water, and waste services",Carbon dioxide equivalents,Seasonally adjusted,Kilotonnes,1887,Carbon dioxide equivalents
2025.06,DD1,"Electricity, gas, water, and waste services",Carbon dioxide equivalents,Actual,Kilotonnes,1887,Carbon dioxide equivalents
2025.09,DD1,"Electricity, gas, water, and waste services",Carbon dioxide equivalents,Seasonally adjusted,Kilotonnes,1510,Carbon dioxide equivalents
2025.09,DD1,"Electricity, gas, water, and waste services",Carbon dioxide equivalents,Actual,Kilotonnes,1510,Carbon dioxide equivalents
2025.12,DD1,"Electricity, gas, water, and waste services",Carbon dioxide equivalents,Seasonally adjusted,Kilotonnes,1018,Carbon dioxide equivalents
2025.12,DD1,"Electricity, gas, water, and waste services",Carbon dioxide equivalents,Actual,Kilotonnes,1018,Carbon dioxide equivalents
2026.03,DD1,"Electricity, gas, water, and waste services",Carbon dioxide equivalents,Seasonally adjusted,Kilotonnes,1161,Carbon dioxide equivalents
2026.03,DD1,"Electricity, gas, water, and waste services",Carbon dioxide equivalents,Actual,Kilotonnes,1161,Carbon dioxide equivalents
2010.03,EE1,Construction,Carbon dioxide equivalents,Seasonally adjusted,Kilotonnes,252,Carbon dioxide equivalents
2010.03,EE1,Construction,Carbon dioxide equivalents,Actual,Kilotonnes,252,Carbon dioxide equivalents
2010.06,EE1,Construction,Carbon dioxide equivalents,Seasonally adjusted,Kilotonnes,296,Carbon dioxide equivalents
2010.06,EE1,Construction,Carbon dioxide equivalents,Actual,Kilotonnes,296,Carbon dioxide equivalents
2010.09,EE1,Construction,Carbon dioxide equivalents,Seasonally adjusted,Kilotonnes,277,Carbon dioxide equivalents
2010.09,EE1,Construction,Carbon dioxide equivalents,Actual,Kilotonnes,277,Carbon dioxide equivalents
2010.12,EE1,Construction,Carbon dioxide equivalents,Seasonally adjusted,Kilotonnes,296,Carbon dioxide equivalents
2010.12,EE1,Construction,Carbon dioxide equivalents,Actual,Kilotonnes,296,Carbon dioxide equivalents
2011.03,EE1,Construction,Carbon dioxide equivalents,Seasonally adjusted,Kilotonnes,284,Carbon dioxide equivalents
2011.03,EE1,Construction,Carbon dioxide equivalents,Actual,Kilotonnes,284,Carbon dioxide equivalents
2011.06,EE1,Construction,Carbon dioxide equivalents,Seasonally adjusted,Kilotonnes,307,Carbon dioxide equivalents
2011.06,EE1,Construction,Carbon dioxide equivalents,Actual,Kilotonnes,307,Carbon dioxide equivalents
2011.09,EE1,Construction,Carbon dioxide equivalents,Seasonally adjusted,Kilotonnes,288,Carbon dioxide equivalents
2011.09,EE1,Construction,Carbon dioxide equivalents,Actual,Kilotonnes,288,Carbon dioxide equivalents
2011.12,EE1,Construction,Carbon dioxide equivalents,Seasonally adjusted,Kilotonnes,293,Carbon dioxide equivalents
2011.12,EE1,Construction,Carbon dioxide equivalents,Actual,Kilotonnes,293,Carbon dioxide equivalents
2012.03,EE1,Construction,Carbon dioxide equivalents,Seasonally adjusted,Kilotonnes,275,Carbon dioxide equivalents
2012.03,EE1,Construction,Carbon dioxide equivalents,Actual,Kilotonnes,275,Carbon dioxide equivalents
2012.06,EE1,Construction,Carbon dioxide equivalents,Seasonally adjusted,Kilotonnes,310,Carbon dioxide equivalents
2012.06,EE1,Construction,Carbon dioxide equivalents,Actual,Kilotonnes,310,Carbon dioxide equivalents
2012.09,EE1,Construction,Carbon dioxide equivalents,Seasonally adjusted,Kilotonnes,304,Carbon dioxide equivalents
2012.09,EE1,Construction,Carbon dioxide equivalents,Actual,Kilotonnes,304,Carbon dioxide equivalents
2012.12,EE1,Construction,Carbon dioxide equivalents,Seasonally adjusted,Kilotonnes,308,Carbon dioxide equivalents
2012.12,EE1,Construction,Carbon dioxide equivalents,Actual,Kilotonnes,308,Carbon dioxide equivalents
2013.03,EE1,Construction,Carbon dioxide equivalents,Seasonally adjusted,Kilotonnes,287,Carbon dioxide equivalents
2013.03,EE1,Construction,Carbon dioxide equivalents,Actual,Kilotonnes,287,Carbon dioxide equivalents
2013.06,EE1,Construction,Carbon dioxide equivalents,Seasonally adjusted,Kilotonnes,319,Carbon dioxide equivalents
2013.06,EE1,Construction,Carbon dioxide equivalents,Actual,Kilotonnes,319,Carbon dioxide equivalents
2013.09,EE1,Construction,Carbon dioxide equivalents,Seasonally adjusted,Kilotonnes,299,Carbon dioxide equivalents
2013.09,EE1,Construction,Carbon dioxide equivalents,Actual,Kilotonnes,299,Carbon dioxide equivalents
2013.12,EE1,Construction,Carbon dioxide equivalents,Seasonally adjusted,Kilotonnes,301,Carbon dioxide equivalents
2013.12,EE1,Construction,Carbon dioxide equivalents,Actual,Kilotonnes,301,Carbon dioxide equivalents
2014.03,EE1,Construction,Carbon dioxide equivalents,Seasonally adjusted,Kilotonnes,289,Carbon dioxide equivalents
2014.03,EE1,Construction,Carbon dioxide equivalents,Actual,Kilotonnes,289,Carbon dioxide equivalents
2014.06,EE1,Construction,Carbon dioxide equivalents,Seasonally adjusted,Kilotonnes,325,Carbon dioxide equivalents
2014.06,EE1,Construction,Carbon dioxide equivalents,Actual,Kilotonnes,325,Carbon dioxide equivalents
2014.09,EE1,Construction,Carbon dioxide equivalents,Seasonally adjusted,Kilotonnes,342,Carbon dioxide equivalents
2014.09,EE1,Construction,Carbon dioxide equivalents,Actual,Kilotonnes,342,Carbon dioxide equivalents
2014.12,EE1,Construction,Carbon dioxide equivalents,Seasonally adjusted,Kilotonnes,295,Carbon dioxide equivalents
2014.12,EE1,Construction,Carbon dioxide equivalents,Actual,Kilotonnes,295,Carbon dioxide equivalents
2015.03,EE1,Construction,Carbon dioxide equivalents,Seasonally adjusted,Kilotonnes,305,Carbon dioxide equivalents
2015.03,EE1,Construction,Carbon dioxide equivalents,Actual,Kilotonnes,305,Carbon dioxide equivalents
2015.06,EE1,Construction,Carbon dioxide equivalents,Seasonally adjusted,Kilotonnes,338,Carbon dioxide equivalents
2015.06,EE1,Construction,Carbon dioxide equivalents,Actual,Kilotonnes,338,Carbon dioxide equivalents
2015.09,EE1,Construction,Carbon dioxide equivalents,Seasonally adjusted,Kilotonnes,312,Carbon dioxide equivalents
2015.09,EE1,Construction,Carbon dioxide equivalents,Actual,Kilotonnes,312,Carbon dioxide equivalents
2015.12,EE1,Construction,Carbon dioxide equivalents,Seasonally adjusted,Kilotonnes,311,Carbon dioxide equivalents
2015.12,EE1,Construction,Carbon dioxide equivalents,Actual,Kilotonnes,311,Carbon dioxide equivalents
2016.03,EE1,Construction,Carbon dioxide equivalents,Seasonally adjusted,Kilotonnes,308,Carbon dioxide equivalents
2016.03,EE1,Construction,Carbon dioxide equivalents,Actual,Kilotonnes,308,Carbon dioxide equivalents
2016.06,EE1,Construction,Carbon dioxide equivalents,Seasonally adjusted,Kilotonnes,351,Carbon dioxide equivalents
2016.06,EE1,Construction,Carbon dioxide equivalents,Actual,Kilotonnes,351,Carbon dioxide equivalents
2016.09,EE1,Construction,Carbon dioxide equivalents,Seasonally adjusted,Kilotonnes,338,Carbon dioxide equivalents
2016.09,EE1,Construction,Carbon dioxide equivalents,Actual,Kilotonnes,338,Carbon dioxide equivalents
2016.12,EE1,Construction,Carbon dioxide equivalents,Seasonally adjusted,Kilotonnes,357,Carbon dioxide equivalents
2016.12,EE1,Construction,Carbon dioxide equivalents,Actual,Kilotonnes,357,Carbon dioxide equivalents
2017.03,EE1,Construction,Carbon dioxide equivalents,Seasonally adjusted,Kilotonnes,363,Carbon dioxide equivalents
2017.03,EE1,Construction,Carbon dioxide equivalents,Actual,Kilotonnes,363,Carbon dioxide equivalents
2017.06,EE1,Construction,Carbon dioxide equivalents,Seasonally adjusted,Kilotonnes,400,Carbon dioxide equivalents
2017.06,EE1,Construction,Carbon dioxide equivalents,Actual,Kilotonnes,400,Carbon dioxide equivalents
2017.09,EE1,Construction,Carbon dioxide equivalents,Seasonally adjusted,Kilotonnes,422,Carbon dioxide equivalents
2017.09,EE1,Construction,Carbon dioxide equivalents,Actual,Kilotonnes,422,Carbon dioxide equivalents
2017.12,EE1,Construction,Carbon dioxide equivalents,Seasonally adjusted,Kilotonnes,443,Carbon dioxide equivalents
2017.12,EE1,Construction,Carbon dioxide equivalents,Actual,Kilotonnes,443,Carbon dioxide equivalents
2018.03,EE1,Construction,Carbon dioxide equivalents,Seasonally adjusted,Kilotonnes,432,Carbon dioxide equivalents
2018.03,EE1,Construction,Carbon dioxide equivalents,Actual,Kilotonnes,432,Carbon dioxide equivalents
2018.06,EE1,Construction,Carbon dioxide equivalents,Seasonally adjusted,Kilotonnes,485,Carbon dioxide equivalents
2018.06,EE1,Construction,Carbon dioxide equivalents,Actual,Kilotonnes,485,Carbon dioxide equivalents
2018.09,EE1,Construction,Carbon dioxide equivalents,Seasonally adjusted,Kilotonnes,460,Carbon dioxide equivalents
2018.09,EE1,Construction,Carbon dioxide equivalents,Actual,Kilotonnes,460,Carbon dioxide equivalents
2018.12,EE1,Construction,Carbon dioxide equivalents,Seasonally adjusted,Kilotonnes,471,Carbon dioxide equivalents
2018.12,EE1,Construction,Carbon dioxide equivalents,Actual,Kilotonnes,471,Carbon dioxide equivalents
2019.03,EE1,Construction,Carbon dioxide equivalents,Seasonally adjusted,Kilotonnes,436,Carbon dioxide equivalents
2019.03,EE1,Construction,Carbon dioxide equivalents,Actual,Kilotonnes,436,Carbon dioxide equivalents
2019.06,EE1,Construction,Carbon dioxide equivalents,Seasonally adjusted,Kilotonnes,448,Carbon dioxide equivalents
2019.06,EE1,Construction,Carbon dioxide equivalents,Actual,Kilotonnes,448,Carbon dioxide equivalents
2019.09,EE1,Construction,Carbon dioxide equivalents,Seasonally adjusted,Kilotonnes,439,Carbon dioxide equivalents
2019.09,EE1,Construction,Carbon dioxide equivalents,Actual,Kilotonnes,439,Carbon dioxide equivalents
2019.12,EE1,Construction,Carbon dioxide equivalents,Seasonally adjusted,Kilotonnes,439,Carbon dioxide equivalents
2019.12,EE1,Construction,Carbon dioxide equivalents,Actual,Kilotonnes,439,Carbon dioxide equivalents
2020.03,EE1,Construction,Carbon dioxide equivalents,Seasonally adjusted,Kilotonnes,395,Carbon dioxide equivalents
2020.03,EE1,Construction,Carbon dioxide equivalents,Actual,Kilotonnes,395,Carbon dioxide equivalents
2020.06,EE1,Construction,Carbon dioxide equivalents,Seasonally adjusted,Kilotonnes,330,Carbon dioxide equivalents
2020.06,EE1,Construction,Carbon dioxide equivalents,Actual,Kilotonnes,330,Carbon dioxide equivalents
2020.09,EE1,Construction,Carbon dioxide equivalents,Seasonally adjusted,Kilotonnes,459,Carbon dioxide equivalents
2020.09,EE1,Construction,Carbon dioxide equivalents,Actual,Kilotonnes,459,Carbon dioxide equivalents
2020.12,EE1,Construction,Carbon dioxide equivalents,Seasonally adjusted,Kilotonnes,469,Carbon dioxide equivalents
2020.12,EE1,Construction,Carbon dioxide equivalents,Actual,Kilotonnes,469,Carbon dioxide equivalents
2021.03,EE1,Construction,Carbon dioxide equivalents,Seasonally adjusted,Kilotonnes,479,Carbon dioxide equivalents
2021.03,EE1,Construction,Carbon dioxide equivalents,Actual,Kilotonnes,479,Carbon dioxide equivalents
2021.06,EE1,Construction,Carbon dioxide equivalents,Seasonally adjusted,Kilotonnes,501,Carbon dioxide equivalents
2021.06,EE1,Construction,Carbon dioxide equivalents,Actual,Kilotonnes,501,Carbon dioxide equivalents
2021.09,EE1,Construction,Carbon dioxide equivalents,Seasonally adjusted,Kilotonnes,449,Carbon dioxide equivalents
2021.09,EE1,Construction,Carbon dioxide equivalents,Actual,Kilotonnes,449,Carbon dioxide equivalents
2021.12,EE1,Construction,Carbon dioxide equivalents,Seasonally adjusted,Kilotonnes,510,Carbon dioxide equivalents
2021.12,EE1,Construction,Carbon dioxide equivalents,Actual,Kilotonnes,510,Carbon dioxide equivalents
2022.03,EE1,Construction,Carbon dioxide equivalents,Seasonally adjusted,Kilotonnes,484,Carbon dioxide equivalents
2022.03,EE1,Construction,Carbon dioxide equivalents,Actual,Kilotonnes,484,Carbon dioxide equivalents
2022.06,EE1,Construction,Carbon dioxide equivalents,Seasonally adjusted,Kilotonnes,480,Carbon dioxide equivalents
2022.06,EE1,Construction,Carbon dioxide equivalents,Actual,Kilotonnes,480,Carbon dioxide equivalents
2022.09,EE1,Construction,Carbon dioxide equivalents,Seasonally adjusted,Kilotonnes,505,Carbon dioxide equivalents
2022.09,EE1,Construction,Carbon dioxide equivalents,Actual,Kilotonnes,505,Carbon dioxide equivalents
2022.12,EE1,Construction,Carbon dioxide equivalents,Seasonally adjusted,Kilotonnes,482,Carbon dioxide equivalents
2022.12,EE1,Construction,Carbon dioxide equivalents,Actual,Kilotonnes,482,Carbon dioxide equivalents
2023.03,EE1,Construction,Carbon dioxide equivalents,Seasonally adjusted,Kilotonnes,455,Carbon dioxide equivalents
2023.03,EE1,Construction,Carbon dioxide equivalents,Actual,Kilotonnes,455,Carbon dioxide equivalents
2023.06,EE1,Construction,Carbon dioxide equivalents,Seasonally adjusted,Kilotonnes,488,Carbon dioxide equivalents
2023.06,EE1,Construction,Carbon dioxide equivalents,Actual,Kilotonnes,488,Carbon dioxide equivalents
2023.09,EE1,Construction,Carbon dioxide equivalents,Seasonally adjusted,Kilotonnes,480,Carbon dioxide equivalents
2023.09,EE1,Construction,Carbon dioxide equivalents,Actual,Kilotonnes,480,Carbon dioxide equivalents
2023.12,EE1,Construction,Carbon dioxide equivalents,Seasonally adjusted,Kilotonnes,488,Carbon dioxide equivalents
2023.12,EE1,Construction,Carbon dioxide equivalents,Actual,Kilotonnes,488,Carbon dioxide equivalents
2024.03,EE1,Construction,Carbon dioxide equivalents,Seasonally adjusted,Kilotonnes,437,Carbon dioxide equivalents
2024.03,EE1,Construction,Carbon dioxide equivalents,Actual,Kilotonnes,437,Carbon dioxide equivalents
2024.06,EE1,Construction,Carbon dioxide equivalents,Seasonally adjusted,Kilotonnes,474,Carbon dioxide equivalents
2024.06,EE1,Construction,Carbon dioxide equivalents,Actual,Kilotonnes,474,Carbon dioxide equivalents
2024.09,EE1,Construction,Carbon dioxide equivalents,Seasonally adjusted,Kilotonnes,470,Carbon dioxide equivalents
2024.09,EE1,Construction,Carbon dioxide equivalents,Actual,Kilotonnes,470,Carbon dioxide equivalents
2024.12,EE1,Construction,Carbon dioxide equivalents,Seasonally adjusted,Kilotonnes,453,Carbon dioxide equivalents
2024.12,EE1,Construction,Carbon dioxide equivalents,Actual,Kilotonnes,453,Carbon dioxide equivalents
2025.03,EE1,Construction,Carbon dioxide equivalents,Seasonally adjusted,Kilotonnes,426,Carbon dioxide equivalents
2025.03,EE1,Construction,Carbon dioxide equivalents,Actual,Kilotonnes,426,Carbon dioxide equivalents
2025.06,EE1,Construction,Carbon dioxide equivalents,Seasonally adjusted,Kilotonnes,448,Carbon dioxide equivalents
2025.06,EE1,Construction,Carbon dioxide equivalents,Actual,Kilotonnes,448,Carbon dioxide equivalents
2025.09,EE1,Construction,Carbon dioxide equivalents,Seasonally adjusted,Kilotonnes,458,Carbon dioxide equivalents
2025.09,EE1,Construction,Carbon dioxide equivalents,Actual,Kilotonnes,458,Carbon dioxide equivalents
2025.12,EE1,Construction,Carbon dioxide equivalents,Seasonally adjusted,Kilotonnes,442,Carbon dioxide equivalents
2025.12,EE1,Construction,Carbon dioxide equivalents,Actual,Kilotonnes,442,Carbon dioxide equivalents
2026.03,EE1,Construction,Carbon dioxide equivalents,Seasonally adjusted,Kilotonnes,429,Carbon dioxide equivalents
2026.03,EE1,Construction,Carbon dioxide equivalents,Actual,Kilotonnes,429,Carbon dioxide equivalents
2010.03,HH1,Households (transport),Carbon dioxide equivalents,Seasonally adjusted,Kilotonnes,1781,Carbon dioxide equivalents
2010.03,HH1,Households (transport),Carbon dioxide equivalents,Actual,Kilotonnes,1804,Carbon dioxide equivalents
2010.06,HH1,Households (transport),Carbon dioxide equivalents,Seasonally adjusted,Kilotonnes,1780,Carbon dioxide equivalents
2010.06,HH1,Households (transport),Carbon dioxide equivalents,Actual,Kilotonnes,1739,Carbon dioxide equivalents
2010.09,HH1,Households (transport),Carbon dioxide equivalents,Seasonally adjusted,Kilotonnes,1771,Carbon dioxide equivalents
2010.09,HH1,Households (transport),Carbon dioxide equivalents,Actual,Kilotonnes,1728,Carbon dioxide equivalents
2010.12,HH1,Households (transport),Carbon dioxide equivalents,Seasonally adjusted,Kilotonnes,1769,Carbon dioxide equivalents
2010.12,HH1,Households (transport),Carbon dioxide equivalents,Actual,Kilotonnes,1830,Carbon dioxide equivalents
2011.03,HH1,Households (transport),Carbon dioxide equivalents,Seasonally adjusted,Kilotonnes,1785,Carbon dioxide equivalents
2011.03,HH1,Households (transport),Carbon dioxide equivalents,Actual,Kilotonnes,1808,Carbon dioxide equivalents
2011.06,HH1,Households (transport),Carbon dioxide equivalents,Seasonally adjusted,Kilotonnes,1767,Carbon dioxide equivalents
2011.06,HH1,Households (transport),Carbon dioxide equivalents,Actual,Kilotonnes,1726,Carbon dioxide equivalents
2011.09,HH1,Households (transport),Carbon dioxide equivalents,Seasonally adjusted,Kilotonnes,1782,Carbon dioxide equivalents
2011.09,HH1,Households (transport),Carbon dioxide equivalents,Actual,Kilotonnes,1738,Carbon dioxide equivalents
2011.12,HH1,Households (transport),Carbon dioxide equivalents,Seasonally adjusted,Kilotonnes,1751,Carbon dioxide equivalents
2011.12,HH1,Households (transport),Carbon dioxide equivalents,Actual,Kilotonnes,1812,Carbon dioxide equivalents
2012.03,HH1,Households (transport),Carbon dioxide equivalents,Seasonally adjusted,Kilotonnes,1744,Carbon dioxide equivalents
2012.03,HH1,Households (transport),Carbon dioxide equivalents,Actual,Kilotonnes,1767,Carbon dioxide equivalents
2012.06,HH1,Households (transport),Carbon dioxide equivalents,Seasonally adjusted,Kilotonnes,1769,Carbon dioxide equivalents
2012.06,HH1,Households (transport),Carbon dioxide equivalents,Actual,Kilotonnes,1727,Carbon dioxide equivalents
2012.09,HH1,Households (transport),Carbon dioxide equivalents,Seasonally adjusted,Kilotonnes,1746,Carbon dioxide equivalents
2012.09,HH1,Households (transport),Carbon dioxide equivalents,Actual,Kilotonnes,1702,Carbon dioxide equivalents
2012.12,HH1,Households (transport),Carbon dioxide equivalents,Seasonally adjusted,Kilotonnes,1758,Carbon dioxide equivalents
2012.12,HH1,Households (transport),Carbon dioxide equivalents,Actual,Kilotonnes,1820,Carbon dioxide equivalents
2013.03,HH1,Households (transport),Carbon dioxide equivalents,Seasonally adjusted,Kilotonnes,1755,Carbon dioxide equivalents
2013.03,HH1,Households (transport),Carbon dioxide equivalents,Actual,Kilotonnes,1779,Carbon dioxide equivalents
2013.06,HH1,Households (transport),Carbon dioxide equivalents,Seasonally adjusted,Kilotonnes,1693,Carbon dioxide equivalents
2013.06,HH1,Households (transport),Carbon dioxide equivalents,Actual,Kilotonnes,1652,Carbon dioxide equivalents
2013.09,HH1,Households (transport),Carbon dioxide equivalents,Seasonally adjusted,Kilotonnes,1778,Carbon dioxide equivalents
2013.09,HH1,Households (transport),Carbon dioxide equivalents,Actual,Kilotonnes,1731,Carbon dioxide equivalents
2013.12,HH1,Households (transport),Carbon dioxide equivalents,Seasonally adjusted,Kilotonnes,1760,Carbon dioxide equivalents
2013.12,HH1,Households (transport),Carbon dioxide equivalents,Actual,Kilotonnes,1824,Carbon dioxide equivalents
2014.03,HH1,Households (transport),Carbon dioxide equivalents,Seasonally adjusted,Kilotonnes,1740,Carbon dioxide equivalents
2014.03,HH1,Households (transport),Carbon dioxide equivalents,Actual,Kilotonnes,1767,Carbon dioxide equivalents
2014.06,HH1,Households (transport),Carbon dioxide equivalents,Seasonally adjusted,Kilotonnes,1778,Carbon dioxide equivalents
2014.06,HH1,Households (transport),Carbon dioxide equivalents,Actual,Kilotonnes,1733,Carbon dioxide equivalents
2014.09,HH1,Households (transport),Carbon dioxide equivalents,Seasonally adjusted,Kilotonnes,1791,Carbon dioxide equivalents
2014.09,HH1,Households (transport),Carbon dioxide equivalents,Actual,Kilotonnes,1741,Carbon dioxide equivalents
2014.12,HH1,Households (transport),Carbon dioxide equivalents,Seasonally adjusted,Kilotonnes,1812,Carbon dioxide equivalents
2014.12,HH1,Households (transport),Carbon dioxide equivalents,Actual,Kilotonnes,1880,Carbon dioxide equivalents
2015.03,HH1,Households (transport),Carbon dioxide equivalents,Seasonally adjusted,Kilotonnes,1849,Carbon dioxide equivalents
2015.03,HH1,Households (transport),Carbon dioxide equivalents,Actual,Kilotonnes,1879,Carbon dioxide equivalents
2015.06,HH1,Households (transport),Carbon dioxide equivalents,Seasonally adjusted,Kilotonnes,1851,Carbon dioxide equivalents
2015.06,HH1,Households (transport),Carbon dioxide equivalents,Actual,Kilotonnes,1804,Carbon dioxide equivalents
2015.09,HH1,Households (transport),Carbon dioxide equivalents,Seasonally adjusted,Kilotonnes,1876,Carbon dioxide equivalents
2015.09,HH1,Households (transport),Carbon dioxide equivalents,Actual,Kilotonnes,1820,Carbon dioxide equivalents
2015.12,HH1,Households (transport),Carbon dioxide equivalents,Seasonally adjusted,Kilotonnes,1899,Carbon dioxide equivalents
2015.12,HH1,Households (transport),Carbon dioxide equivalents,Actual,Kilotonnes,1972,Carbon dioxide equivalents
2016.03,HH1,Households (transport),Carbon dioxide equivalents,Seasonally adjusted,Kilotonnes,1908,Carbon dioxide equivalents
2016.03,HH1,Households (transport),Carbon dioxide equivalents,Actual,Kilotonnes,1941,Carbon dioxide equivalents
2016.06,HH1,Households (transport),Carbon dioxide equivalents,Seasonally adjusted,Kilotonnes,1886,Carbon dioxide equivalents
2016.06,HH1,Households (transport),Carbon dioxide equivalents,Actual,Kilotonnes,1839,Carbon dioxide equivalents
2016.09,HH1,Households (transport),Carbon dioxide equivalents,Seasonally adjusted,Kilotonnes,1955,Carbon dioxide equivalents
2016.09,HH1,Households (transport),Carbon dioxide equivalents,Actual,Kilotonnes,1892,Carbon dioxide equivalents
2016.12,HH1,Households (transport),Carbon dioxide equivalents,Seasonally adjusted,Kilotonnes,1933,Carbon dioxide equivalents
2016.12,HH1,Households (transport),Carbon dioxide equivalents,Actual,Kilotonnes,2010,Carbon dioxide equivalents
2017.03,HH1,Households (transport),Carbon dioxide equivalents,Seasonally adjusted,Kilotonnes,1982,Carbon dioxide equivalents
2017.03,HH1,Households (transport),Carbon dioxide equivalents,Actual,Kilotonnes,2016,Carbon dioxide equivalents
2017.06,HH1,Households (transport),Carbon dioxide equivalents,Seasonally adjusted,Kilotonnes,2013,Carbon dioxide equivalents
2017.06,HH1,Households (transport),Carbon dioxide equivalents,Actual,Kilotonnes,1964,Carbon dioxide equivalents
2017.09,HH1,Households (transport),Carbon dioxide equivalents,Seasonally adjusted,Kilotonnes,1988,Carbon dioxide equivalents
2017.09,HH1,Households (transport),Carbon dioxide equivalents,Actual,Kilotonnes,1919,Carbon dioxide equivalents
2017.12,HH1,Households (transport),Carbon dioxide equivalents,Seasonally adjusted,Kilotonnes,2001,Carbon dioxide equivalents
2017.12,HH1,Households (transport),Carbon dioxide equivalents,Actual,Kilotonnes,2084,Carbon dioxide equivalents
2018.03,HH1,Households (transport),Carbon dioxide equivalents,Seasonally adjusted,Kilotonnes,1981,Carbon dioxide equivalents
2018.03,HH1,Households (transport),Carbon dioxide equivalents,Actual,Kilotonnes,2015,Carbon dioxide equivalents
2018.06,HH1,Households (transport),Carbon dioxide equivalents,Seasonally adjusted,Kilotonnes,1988,Carbon dioxide equivalents
2018.06,HH1,Households (transport),Carbon dioxide equivalents,Actual,Kilotonnes,1940,Carbon dioxide equivalents
2018.09,HH1,Households (transport),Carbon dioxide equivalents,Seasonally adjusted,Kilotonnes,1969,Carbon dioxide equivalents
2018.09,HH1,Households (transport),Carbon dioxide equivalents,Actual,Kilotonnes,1899,Carbon dioxide equivalents
2018.12,HH1,Households (transport),Carbon dioxide equivalents,Seasonally adjusted,Kilotonnes,1976,Carbon dioxide equivalents
2018.12,HH1,Households (transport),Carbon dioxide equivalents,Actual,Kilotonnes,2062,Carbon dioxide equivalents
2019.03,HH1,Households (transport),Carbon dioxide equivalents,Seasonally adjusted,Kilotonnes,1980,Carbon dioxide equivalents
2019.03,HH1,Households (transport),Carbon dioxide equivalents,Actual,Kilotonnes,2010,Carbon dioxide equivalents
2019.06,HH1,Households (transport),Carbon dioxide equivalents,Seasonally adjusted,Kilotonnes,1988,Carbon dioxide equivalents
2019.06,HH1,Households (transport),Carbon dioxide equivalents,Actual,Kilotonnes,1939,Carbon dioxide equivalents
2019.09,HH1,Households (transport),Carbon dioxide equivalents,Seasonally adjusted,Kilotonnes,1975,Carbon dioxide equivalents
2019.09,HH1,Households (transport),Carbon dioxide equivalents,Actual,Kilotonnes,1907,Carbon dioxide equivalents
2019.12,HH1,Households (transport),Carbon dioxide equivalents,Seasonally adjusted,Kilotonnes,1975,Carbon dioxide equivalents
2019.12,HH1,Households (transport),Carbon dioxide equivalents,Actual,Kilotonnes,2061,Carbon dioxide equivalents
2020.03,HH1,Households (transport),Carbon dioxide equivalents,Seasonally adjusted,Kilotonnes,1957,Carbon dioxide equivalents
2020.03,HH1,Households (transport),Carbon dioxide equivalents,Actual,Kilotonnes,1987,Carbon dioxide equivalents
2020.06,HH1,Households (transport),Carbon dioxide equivalents,Seasonally adjusted,Kilotonnes,1336,Carbon dioxide equivalents
2020.06,HH1,Households (transport),Carbon dioxide equivalents,Actual,Kilotonnes,1302,Carbon dioxide equivalents
2020.09,HH1,Households (transport),Carbon dioxide equivalents,Seasonally adjusted,Kilotonnes,1980,Carbon dioxide equivalents
2020.09,HH1,Households (transport),Carbon dioxide equivalents,Actual,Kilotonnes,1914,Carbon dioxide equivalents
2020.12,HH1,Households (transport),Carbon dioxide equivalents,Seasonally adjusted,Kilotonnes,2054,Carbon dioxide equivalents
2020.12,HH1,Households (transport),Carbon dioxide equivalents,Actual,Kilotonnes,2143,Carbon dioxide equivalents
2021.03,HH1,Households (transport),Carbon dioxide equivalents,Seasonally adjusted,Kilotonnes,1989,Carbon dioxide equivalents
2021.03,HH1,Households (transport),Carbon dioxide equivalents,Actual,Kilotonnes,2020,Carbon dioxide equivalents
2021.06,HH1,Households (transport),Carbon dioxide equivalents,Seasonally adjusted,Kilotonnes,2083,Carbon dioxide equivalents
2021.06,HH1,Households (transport),Carbon dioxide equivalents,Actual,Kilotonnes,2026,Carbon dioxide equivalents
2021.09,HH1,Households (transport),Carbon dioxide equivalents,Seasonally adjusted,Kilotonnes,1673,Carbon dioxide equivalents
2021.09,HH1,Households (transport),Carbon dioxide equivalents,Actual,Kilotonnes,1621,Carbon dioxide equivalents
2021.12,HH1,Households (transport),Carbon dioxide equivalents,Seasonally adjusted,Kilotonnes,1775,Carbon dioxide equivalents
2021.12,HH1,Households (transport),Carbon dioxide equivalents,Actual,Kilotonnes,1850,Carbon dioxide equivalents
2022.03,HH1,Households (transport),Carbon dioxide equivalents,Seasonally adjusted,Kilotonnes,1751,Carbon dioxide equivalents
2022.03,HH1,Households (transport),Carbon dioxide equivalents,Actual,Kilotonnes,1780,Carbon dioxide equivalents
2022.06,HH1,Households (transport),Carbon dioxide equivalents,Seasonally adjusted,Kilotonnes,1800,Carbon dioxide equivalents
2022.06,HH1,Households (transport),Carbon dioxide equivalents,Actual,Kilotonnes,1748,Carbon dioxide equivalents
2022.09,HH1,Households (transport),Carbon dioxide equivalents,Seasonally adjusted,Kilotonnes,1848,Carbon dioxide equivalents
2022.09,HH1,Households (transport),Carbon dioxide equivalents,Actual,Kilotonnes,1793,Carbon dioxide equivalents
2022.12,HH1,Households (transport),Carbon dioxide equivalents,Seasonally adjusted,Kilotonnes,1829,Carbon dioxide equivalents
2022.12,HH1,Households (transport),Carbon dioxide equivalents,Actual,Kilotonnes,1904,Carbon dioxide equivalents
2023.03,HH1,Households (transport),Carbon dioxide equivalents,Seasonally adjusted,Kilotonnes,1837,Carbon dioxide equivalents
2023.03,HH1,Households (transport),Carbon dioxide equivalents,Actual,Kilotonnes,1869,Carbon dioxide equivalents
2023.06,HH1,Households (transport),Carbon dioxide equivalents,Seasonally adjusted,Kilotonnes,1924,Carbon dioxide equivalents
2023.06,HH1,Households (transport),Carbon dioxide equivalents,Actual,Kilotonnes,1868,Carbon dioxide equivalents
2023.09,HH1,Households (transport),Carbon dioxide equivalents,Seasonally adjusted,Kilotonnes,1797,Carbon dioxide equivalents
2023.09,HH1,Households (transport),Carbon dioxide equivalents,Actual,Kilotonnes,1745,Carbon dioxide equivalents
2023.12,HH1,Households (transport),Carbon dioxide equivalents,Seasonally adjusted,Kilotonnes,1839,Carbon dioxide equivalents
2023.12,HH1,Households (transport),Carbon dioxide equivalents,Actual,Kilotonnes,1912,Carbon dioxide equivalents
2024.03,HH1,Households (transport),Carbon dioxide equivalents,Seasonally adjusted,Kilotonnes,1856,Carbon dioxide equivalents
2024.03,HH1,Households (transport),Carbon dioxide equivalents,Actual,Kilotonnes,1891,Carbon dioxide equivalents
2024.06,HH1,Households (transport),Carbon dioxide equivalents,Seasonally adjusted,Kilotonnes,1814,Carbon dioxide equivalents
2024.06,HH1,Households (transport),Carbon dioxide equivalents,Actual,Kilotonnes,1762,Carbon dioxide equivalents
2024.09,HH1,Households (transport),Carbon dioxide equivalents,Seasonally adjusted,Kilotonnes,1831,Carbon dioxide equivalents
2024.09,HH1,Households (transport),Carbon dioxide equivalents,Actual,Kilotonnes,1778,Carbon dioxide equivalents
2024.12,HH1,Households (transport),Carbon dioxide equivalents,Seasonally adjusted,Kilotonnes,1817,Carbon dioxide equivalents
2024.12,HH1,Households (transport),Carbon dioxide equivalents,Actual,Kilotonnes,1888,Carbon dioxide equivalents
2025.03,HH1,Households (transport),Carbon dioxide equivalents,Seasonally adjusted,Kilotonnes,1796,Carbon dioxide equivalents
2025.03,HH1,Households (transport),Carbon dioxide equivalents,Actual,Kilotonnes,1830,Carbon dioxide equivalents
2025.06,HH1,Households (transport),Carbon dioxide equivalents,Seasonally adjusted,Kilotonnes,1797,Carbon dioxide equivalents
2025.06,HH1,Households (transport),Carbon dioxide equivalents,Actual,Kilotonnes,1745,Carbon dioxide equivalents
2025.09,HH1,Households (transport),Carbon dioxide equivalents,Seasonally adjusted,Kilotonnes,1790,Carbon dioxide equivalents
2025.09,HH1,Households (transport),Carbon dioxide equivalents,Actual,Kilotonnes,1737,Carbon dioxide equivalents
2025.12,HH1,Households (transport),Carbon dioxide equivalents,Seasonally adjusted,Kilotonnes,1775,Carbon dioxide equivalents
2025.12,HH1,Households (transport),Carbon dioxide equivalents,Actual,Kilotonnes,1844,Carbon dioxide equivalents
2026.03,HH1,Households (transport),Carbon dioxide equivalents,Seasonally adjusted,Kilotonnes,1785,Carbon dioxide equivalents
2026.03,HH1,Households (transport),Carbon dioxide equivalents,Actual,Kilotonnes,1820,Carbon dioxide equivalents
2010.03,HH2,Households (heating/cooling),Carbon dioxide equivalents,Seasonally adjusted,Kilotonnes,152,Carbon dioxide equivalents
2010.03,HH2,Households (heating/cooling),Carbon dioxide equivalents,Actual,Kilotonnes,89,Carbon dioxide equivalents
2010.06,HH2,Households (heating/cooling),Carbon dioxide equivalents,Seasonally adjusted,Kilotonnes,152,Carbon dioxide equivalents
2010.06,HH2,Households (heating/cooling),Carbon dioxide equivalents,Actual,Kilotonnes,171,Carbon dioxide equivalents
2010.09,HH2,Households (heating/cooling),Carbon dioxide equivalents,Seasonally adjusted,Kilotonnes,153,Carbon dioxide equivalents
2010.09,HH2,Households (heating/cooling),Carbon dioxide equivalents,Actual,Kilotonnes,233,Carbon dioxide equivalents
2010.12,HH2,Households (heating/cooling),Carbon dioxide equivalents,Seasonally adjusted,Kilotonnes,144,Carbon dioxide equivalents
2010.12,HH2,Households (heating/cooling),Carbon dioxide equivalents,Actual,Kilotonnes,111,Carbon dioxide equivalents
2011.03,HH2,Households (heating/cooling),Carbon dioxide equivalents,Seasonally adjusted,Kilotonnes,180,Carbon dioxide equivalents
2011.03,HH2,Households (heating/cooling),Carbon dioxide equivalents,Actual,Kilotonnes,105,Carbon dioxide equivalents
2011.06,HH2,Households (heating/cooling),Carbon dioxide equivalents,Seasonally adjusted,Kilotonnes,144,Carbon dioxide equivalents
2011.06,HH2,Households (heating/cooling),Carbon dioxide equivalents,Actual,Kilotonnes,161,Carbon dioxide equivalents
2011.09,HH2,Households (heating/cooling),Carbon dioxide equivalents,Seasonally adjusted,Kilotonnes,149,Carbon dioxide equivalents
2011.09,HH2,Households (heating/cooling),Carbon dioxide equivalents,Actual,Kilotonnes,227,Carbon dioxide equivalents
2011.12,HH2,Households (heating/cooling),Carbon dioxide equivalents,Seasonally adjusted,Kilotonnes,147,Carbon dioxide equivalents
2011.12,HH2,Households (heating/cooling),Carbon dioxide equivalents,Actual,Kilotonnes,114,Carbon dioxide equivalents
2012.03,HH2,Households (heating/cooling),Carbon dioxide equivalents,Seasonally adjusted,Kilotonnes,155,Carbon dioxide equivalents
2012.03,HH2,Households (heating/cooling),Carbon dioxide equivalents,Actual,Kilotonnes,90,Carbon dioxide equivalents
2012.06,HH2,Households (heating/cooling),Carbon dioxide equivalents,Seasonally adjusted,Kilotonnes,159,Carbon dioxide equivalents
2012.06,HH2,Households (heating/cooling),Carbon dioxide equivalents,Actual,Kilotonnes,178,Carbon dioxide equivalents
2012.09,HH2,Households (heating/cooling),Carbon dioxide equivalents,Seasonally adjusted,Kilotonnes,153,Carbon dioxide equivalents
2012.09,HH2,Households (heating/cooling),Carbon dioxide equivalents,Actual,Kilotonnes,233,Carbon dioxide equivalents
2012.12,HH2,Households (heating/cooling),Carbon dioxide equivalents,Seasonally adjusted,Kilotonnes,157,Carbon dioxide equivalents
2012.12,HH2,Households (heating/cooling),Carbon dioxide equivalents,Actual,Kilotonnes,124,Carbon dioxide equivalents
2013.03,HH2,Households (heating/cooling),Carbon dioxide equivalents,Seasonally adjusted,Kilotonnes,135,Carbon dioxide equivalents
2013.03,HH2,Households (heating/cooling),Carbon dioxide equivalents,Actual,Kilotonnes,77,Carbon dioxide equivalents
2013.06,HH2,Households (heating/cooling),Carbon dioxide equivalents,Seasonally adjusted,Kilotonnes,158,Carbon dioxide equivalents
2013.06,HH2,Households (heating/cooling),Carbon dioxide equivalents,Actual,Kilotonnes,175,Carbon dioxide equivalents
2013.09,HH2,Households (heating/cooling),Carbon dioxide equivalents,Seasonally adjusted,Kilotonnes,151,Carbon dioxide equivalents
2013.09,HH2,Households (heating/cooling),Carbon dioxide equivalents,Actual,Kilotonnes,231,Carbon dioxide equivalents
2013.12,HH2,Households (heating/cooling),Carbon dioxide equivalents,Seasonally adjusted,Kilotonnes,149,Carbon dioxide equivalents
2013.12,HH2,Households (heating/cooling),Carbon dioxide equivalents,Actual,Kilotonnes,119,Carbon dioxide equivalents
2014.03,HH2,Households (heating/cooling),Carbon dioxide equivalents,Seasonally adjusted,Kilotonnes,161,Carbon dioxide equivalents
2014.03,HH2,Households (heating/cooling),Carbon dioxide equivalents,Actual,Kilotonnes,91,Carbon dioxide equivalents
2014.06,HH2,Households (heating/cooling),Carbon dioxide equivalents,Seasonally adjusted,Kilotonnes,153,Carbon dioxide equivalents
2014.06,HH2,Households (heating/cooling),Carbon dioxide equivalents,Actual,Kilotonnes,168,Carbon dioxide equivalents
2014.09,HH2,Households (heating/cooling),Carbon dioxide equivalents,Seasonally adjusted,Kilotonnes,158,Carbon dioxide equivalents
2014.09,HH2,Households (heating/cooling),Carbon dioxide equivalents,Actual,Kilotonnes,242,Carbon dioxide equivalents
2014.12,HH2,Households (heating/cooling),Carbon dioxide equivalents,Seasonally adjusted,Kilotonnes,166,Carbon dioxide equivalents
2014.12,HH2,Households (heating/cooling),Carbon dioxide equivalents,Actual,Kilotonnes,135,Carbon dioxide equivalents
2015.03,HH2,Households (heating/cooling),Carbon dioxide equivalents,Seasonally adjusted,Kilotonnes,158,Carbon dioxide equivalents
2015.03,HH2,Households (heating/cooling),Carbon dioxide equivalents,Actual,Kilotonnes,90,Carbon dioxide equivalents
2015.06,HH2,Households (heating/cooling),Carbon dioxide equivalents,Seasonally adjusted,Kilotonnes,163,Carbon dioxide equivalents
2015.06,HH2,Households (heating/cooling),Carbon dioxide equivalents,Actual,Kilotonnes,178,Carbon dioxide equivalents
2015.09,HH2,Households (heating/cooling),Carbon dioxide equivalents,Seasonally adjusted,Kilotonnes,172,Carbon dioxide equivalents
2015.09,HH2,Households (heating/cooling),Carbon dioxide equivalents,Actual,Kilotonnes,262,Carbon dioxide equivalents
2015.12,HH2,Households (heating/cooling),Carbon dioxide equivalents,Seasonally adjusted,Kilotonnes,167,Carbon dioxide equivalents
2015.12,HH2,Households (heating/cooling),Carbon dioxide equivalents,Actual,Kilotonnes,137,Carbon dioxide equivalents
2016.03,HH2,Households (heating/cooling),Carbon dioxide equivalents,Seasonally adjusted,Kilotonnes,156,Carbon dioxide equivalents
2016.03,HH2,Households (heating/cooling),Carbon dioxide equivalents,Actual,Kilotonnes,89,Carbon dioxide equivalents
2016.06,HH2,Households (heating/cooling),Carbon dioxide equivalents,Seasonally adjusted,Kilotonnes,154,Carbon dioxide equivalents
2016.06,HH2,Households (heating/cooling),Carbon dioxide equivalents,Actual,Kilotonnes,167,Carbon dioxide equivalents
2016.09,HH2,Households (heating/cooling),Carbon dioxide equivalents,Seasonally adjusted,Kilotonnes,162,Carbon dioxide equivalents
2016.09,HH2,Households (heating/cooling),Carbon dioxide equivalents,Actual,Kilotonnes,246,Carbon dioxide equivalents
2016.12,HH2,Households (heating/cooling),Carbon dioxide equivalents,Seasonally adjusted,Kilotonnes,168,Carbon dioxide equivalents
2016.12,HH2,Households (heating/cooling),Carbon dioxide equivalents,Actual,Kilotonnes,138,Carbon dioxide equivalents
2017.03,HH2,Households (heating/cooling),Carbon dioxide equivalents,Seasonally adjusted,Kilotonnes,178,Carbon dioxide equivalents
2017.03,HH2,Households (heating/cooling),Carbon dioxide equivalents,Actual,Kilotonnes,102,Carbon dioxide equivalents
2017.06,HH2,Households (heating/cooling),Carbon dioxide equivalents,Seasonally adjusted,Kilotonnes,171,Carbon dioxide equivalents
2017.06,HH2,Households (heating/cooling),Carbon dioxide equivalents,Actual,Kilotonnes,186,Carbon dioxide equivalents
2017.09,HH2,Households (heating/cooling),Carbon dioxide equivalents,Seasonally adjusted,Kilotonnes,167,Carbon dioxide equivalents
2017.09,HH2,Households (heating/cooling),Carbon dioxide equivalents,Actual,Kilotonnes,253,Carbon dioxide equivalents
2017.12,HH2,Households (heating/cooling),Carbon dioxide equivalents,Seasonally adjusted,Kilotonnes,159,Carbon dioxide equivalents
2017.12,HH2,Households (heating/cooling),Carbon dioxide equivalents,Actual,Kilotonnes,132,Carbon dioxide equivalents
2018.03,HH2,Households (heating/cooling),Carbon dioxide equivalents,Seasonally adjusted,Kilotonnes,164,Carbon dioxide equivalents
2018.03,HH2,Households (heating/cooling),Carbon dioxide equivalents,Actual,Kilotonnes,95,Carbon dioxide equivalents
2018.06,HH2,Households (heating/cooling),Carbon dioxide equivalents,Seasonally adjusted,Kilotonnes,173,Carbon dioxide equivalents
2018.06,HH2,Households (heating/cooling),Carbon dioxide equivalents,Actual,Kilotonnes,188,Carbon dioxide equivalents
2018.09,HH2,Households (heating/cooling),Carbon dioxide equivalents,Seasonally adjusted,Kilotonnes,167,Carbon dioxide equivalents
2018.09,HH2,Households (heating/cooling),Carbon dioxide equivalents,Actual,Kilotonnes,251,Carbon dioxide equivalents
2018.12,HH2,Households (heating/cooling),Carbon dioxide equivalents,Seasonally adjusted,Kilotonnes,171,Carbon dioxide equivalents
2018.12,HH2,Households (heating/cooling),Carbon dioxide equivalents,Actual,Kilotonnes,142,Carbon dioxide equivalents
2019.03,HH2,Households (heating/cooling),Carbon dioxide equivalents,Seasonally adjusted,Kilotonnes,163,Carbon dioxide equivalents
2019.03,HH2,Households (heating/cooling),Carbon dioxide equivalents,Actual,Kilotonnes,96,Carbon dioxide equivalents
2019.06,HH2,Households (heating/cooling),Carbon dioxide equivalents,Seasonally adjusted,Kilotonnes,171,Carbon dioxide equivalents
2019.06,HH2,Households (heating/cooling),Carbon dioxide equivalents,Actual,Kilotonnes,184,Carbon dioxide equivalents
2019.09,HH2,Households (heating/cooling),Carbon dioxide equivalents,Seasonally adjusted,Kilotonnes,169,Carbon dioxide equivalents
2019.09,HH2,Households (heating/cooling),Carbon dioxide equivalents,Actual,Kilotonnes,253,Carbon dioxide equivalents
2019.12,HH2,Households (heating/cooling),Carbon dioxide equivalents,Seasonally adjusted,Kilotonnes,175,Carbon dioxide equivalents
2019.12,HH2,Households (heating/cooling),Carbon dioxide equivalents,Actual,Kilotonnes,146,Carbon dioxide equivalents
2020.03,HH2,Households (heating/cooling),Carbon dioxide equivalents,Seasonally adjusted,Kilotonnes,176,Carbon dioxide equivalents
2020.03,HH2,Households (heating/cooling),Carbon dioxide equivalents,Actual,Kilotonnes,104,Carbon dioxide equivalents
2020.06,HH2,Households (heating/cooling),Carbon dioxide equivalents,Seasonally adjusted,Kilotonnes,169,Carbon dioxide equivalents
2020.06,HH2,Households (heating/cooling),Carbon dioxide equivalents,Actual,Kilotonnes,181,Carbon dioxide equivalents
2020.09,HH2,Households (heating/cooling),Carbon dioxide equivalents,Seasonally adjusted,Kilotonnes,175,Carbon dioxide equivalents
2020.09,HH2,Households (heating/cooling),Carbon dioxide equivalents,Actual,Kilotonnes,261,Carbon dioxide equivalents
2020.12,HH2,Households (heating/cooling),Carbon dioxide equivalents,Seasonally adjusted,Kilotonnes,171,Carbon dioxide equivalents
2020.12,HH2,Households (heating/cooling),Carbon dioxide equivalents,Actual,Kilotonnes,143,Carbon dioxide equivalents
2021.03,HH2,Households (heating/cooling),Carbon dioxide equivalents,Seasonally adjusted,Kilotonnes,172,Carbon dioxide equivalents
2021.03,HH2,Households (heating/cooling),Carbon dioxide equivalents,Actual,Kilotonnes,103,Carbon dioxide equivalents
2021.06,HH2,Households (heating/cooling),Carbon dioxide equivalents,Seasonally adjusted,Kilotonnes,172,Carbon dioxide equivalents
2021.06,HH2,Households (heating/cooling),Carbon dioxide equivalents,Actual,Kilotonnes,184,Carbon dioxide equivalents
2021.09,HH2,Households (heating/cooling),Carbon dioxide equivalents,Seasonally adjusted,Kilotonnes,175,Carbon dioxide equivalents
2021.09,HH2,Households (heating/cooling),Carbon dioxide equivalents,Actual,Kilotonnes,261,Carbon dioxide equivalents
2021.12,HH2,Households (heating/cooling),Carbon dioxide equivalents,Seasonally adjusted,Kilotonnes,173,Carbon dioxide equivalents
2021.12,HH2,Households (heating/cooling),Carbon dioxide equivalents,Actual,Kilotonnes,146,Carbon dioxide equivalents
2022.03,HH2,Households (heating/cooling),Carbon dioxide equivalents,Seasonally adjusted,Kilotonnes,166,Carbon dioxide equivalents
2022.03,HH2,Households (heating/cooling),Carbon dioxide equivalents,Actual,Kilotonnes,101,Carbon dioxide equivalents
2022.06,HH2,Households (heating/cooling),Carbon dioxide equivalents,Seasonally adjusted,Kilotonnes,166,Carbon dioxide equivalents
2022.06,HH2,Households (heating/cooling),Carbon dioxide equivalents,Actual,Kilotonnes,176,Carbon dioxide equivalents
2022.09,HH2,Households (heating/cooling),Carbon dioxide equivalents,Seasonally adjusted,Kilotonnes,166,Carbon dioxide equivalents
2022.09,HH2,Households (heating/cooling),Carbon dioxide equivalents,Actual,Kilotonnes,248,Carbon dioxide equivalents
2022.12,HH2,Households (heating/cooling),Carbon dioxide equivalents,Seasonally adjusted,Kilotonnes,171,Carbon dioxide equivalents
2022.12,HH2,Households (heating/cooling),Carbon dioxide equivalents,Actual,Kilotonnes,143,Carbon dioxide equivalents
2023.03,HH2,Households (heating/cooling),Carbon dioxide equivalents,Seasonally adjusted,Kilotonnes,171,Carbon dioxide equivalents
2023.03,HH2,Households (heating/cooling),Carbon dioxide equivalents,Actual,Kilotonnes,105,Carbon dioxide equivalents
2023.06,HH2,Households (heating/cooling),Carbon dioxide equivalents,Seasonally adjusted,Kilotonnes,170,Carbon dioxide equivalents
2023.06,HH2,Households (heating/cooling),Carbon dioxide equivalents,Actual,Kilotonnes,180,Carbon dioxide equivalents
2023.09,HH2,Households (heating/cooling),Carbon dioxide equivalents,Seasonally adjusted,Kilotonnes,172,Carbon dioxide equivalents
2023.09,HH2,Households (heating/cooling),Carbon dioxide equivalents,Actual,Kilotonnes,256,Carbon dioxide equivalents
2023.12,HH2,Households (heating/cooling),Carbon dioxide equivalents,Seasonally adjusted,Kilotonnes,177,Carbon dioxide equivalents
2023.12,HH2,Households (heating/cooling),Carbon dioxide equivalents,Actual,Kilotonnes,148,Carbon dioxide equivalents
2024.03,HH2,Households (heating/cooling),Carbon dioxide equivalents,Seasonally adjusted,Kilotonnes,181,Carbon dioxide equivalents
2024.03,HH2,Households (heating/cooling),Carbon dioxide equivalents,Actual,Kilotonnes,112,Carbon dioxide equivalents
2024.06,HH2,Households (heating/cooling),Carbon dioxide equivalents,Seasonally adjusted,Kilotonnes,185,Carbon dioxide equivalents
2024.06,HH2,Households (heating/cooling),Carbon dioxide equivalents,Actual,Kilotonnes,197,Carbon dioxide equivalents
2024.09,HH2,Households (heating/cooling),Carbon dioxide equivalents,Seasonally adjusted,Kilotonnes,168,Carbon dioxide equivalents
2024.09,HH2,Households (heating/cooling),Carbon dioxide equivalents,Actual,Kilotonnes,249,Carbon dioxide equivalents
2024.12,HH2,Households (heating/cooling),Carbon dioxide equivalents,Seasonally adjusted,Kilotonnes,170,Carbon dioxide equivalents
2024.12,HH2,Households (heating/cooling),Carbon dioxide equivalents,Actual,Kilotonnes,141,Carbon dioxide equivalents
2025.03,HH2,Households (heating/cooling),Carbon dioxide equivalents,Seasonally adjusted,Kilotonnes,167,Carbon dioxide equivalents
2025.03,HH2,Households (heating/cooling),Carbon dioxide equivalents,Actual,Kilotonnes,104,Carbon dioxide equivalents
2025.06,HH2,Households (heating/cooling),Carbon dioxide equivalents,Seasonally adjusted,Kilotonnes,161,Carbon dioxide equivalents
2025.06,HH2,Households (heating/cooling),Carbon dioxide equivalents,Actual,Kilotonnes,172,Carbon dioxide equivalents
2025.09,HH2,Households (heating/cooling),Carbon dioxide equivalents,Seasonally adjusted,Kilotonnes,162,Carbon dioxide equivalents
2025.09,HH2,Households (heating/cooling),Carbon dioxide equivalents,Actual,Kilotonnes,239,Carbon dioxide equivalents
2025.12,HH2,Households (heating/cooling),Carbon dioxide equivalents,Seasonally adjusted,Kilotonnes,160,Carbon dioxide equivalents
2025.12,HH2,Households (heating/cooling),Carbon dioxide equivalents,Actual,Kilotonnes,132,Carbon dioxide equivalents
2026.03,HH2,Households (heating/cooling),Carbon dioxide equivalents,Seasonally adjusted,Kilotonnes,164,Carbon dioxide equivalents
2026.03,HH2,Households (heating/cooling),Carbon dioxide equivalents,Actual,Kilotonnes,103,Carbon dioxide equivalents
2010.03,HH3,Households (other),Carbon dioxide equivalents,Seasonally adjusted,Kilotonnes,50,Carbon dioxide equivalents
2010.03,HH3,Households (other),Carbon dioxide equivalents,Actual,Kilotonnes,50,Carbon dioxide equivalents
2010.06,HH3,Households (other),Carbon dioxide equivalents,Seasonally adjusted,Kilotonnes,50,Carbon dioxide equivalents
2010.06,HH3,Households (other),Carbon dioxide equivalents,Actual,Kilotonnes,50,Carbon dioxide equivalents
2010.09,HH3,Households (other),Carbon dioxide equivalents,Seasonally adjusted,Kilotonnes,50,Carbon dioxide equivalents
2010.09,HH3,Households (other),Carbon dioxide equivalents,Actual,Kilotonnes,50,Carbon dioxide equivalents
2010.12,HH3,Households (other),Carbon dioxide equivalents,Seasonally adjusted,Kilotonnes,52,Carbon dioxide equivalents
2010.12,HH3,Households (other),Carbon dioxide equivalents,Actual,Kilotonnes,52,Carbon dioxide equivalents
2011.03,HH3,Households (other),Carbon dioxide equivalents,Seasonally adjusted,Kilotonnes,53,Carbon dioxide equivalents
2011.03,HH3,Households (other),Carbon dioxide equivalents,Actual,Kilotonnes,53,Carbon dioxide equivalents
2011.06,HH3,Households (other),Carbon dioxide equivalents,Seasonally adjusted,Kilotonnes,53,Carbon dioxide equivalents
2011.06,HH3,Households (other),Carbon dioxide equivalents,Actual,Kilotonnes,53,Carbon dioxide equivalents
2011.09,HH3,Households (other),Carbon dioxide equivalents,Seasonally adjusted,Kilotonnes,53,Carbon dioxide equivalents
2011.09,HH3,Households (other),Carbon dioxide equivalents,Actual,Kilotonnes,53,Carbon dioxide equivalents
2011.12,HH3,Households (other),Carbon dioxide equivalents,Seasonally adjusted,Kilotonnes,54,Carbon dioxide equivalents
2011.12,HH3,Households (other),Carbon dioxide equivalents,Actual,Kilotonnes,54,Carbon dioxide equivalents
2012.03,HH3,Households (other),Carbon dioxide equivalents,Seasonally adjusted,Kilotonnes,54,Carbon dioxide equivalents
2012.03,HH3,Households (other),Carbon dioxide equivalents,Actual,Kilotonnes,54,Carbon dioxide equivalents
2012.06,HH3,Households (other),Carbon dioxide equivalents,Seasonally adjusted,Kilotonnes,54,Carbon dioxide equivalents
2012.06,HH3,Households (other),Carbon dioxide equivalents,Actual,Kilotonnes,54,Carbon dioxide equivalents
2012.09,HH3,Households (other),Carbon dioxide equivalents,Seasonally adjusted,Kilotonnes,54,Carbon dioxide equivalents
2012.09,HH3,Households (other),Carbon dioxide equivalents,Actual,Kilotonnes,54,Carbon dioxide equivalents
2012.12,HH3,Households (other),Carbon dioxide equivalents,Seasonally adjusted,Kilotonnes,55,Carbon dioxide equivalents
2012.12,HH3,Households (other),Carbon dioxide equivalents,Actual,Kilotonnes,55,Carbon dioxide equivalents
2013.03,HH3,Households (other),Carbon dioxide equivalents,Seasonally adjusted,Kilotonnes,56,Carbon dioxide equivalents
2013.03,HH3,Households (other),Carbon dioxide equivalents,Actual,Kilotonnes,56,Carbon dioxide equivalents
2013.06,HH3,Households (other),Carbon dioxide equivalents,Seasonally adjusted,Kilotonnes,55,Carbon dioxide equivalents
2013.06,HH3,Households (other),Carbon dioxide equivalents,Actual,Kilotonnes,55,Carbon dioxide equivalents
2013.09,HH3,Households (other),Carbon dioxide equivalents,Seasonally adjusted,Kilotonnes,56,Carbon dioxide equivalents
2013.09,HH3,Households (other),Carbon dioxide equivalents,Actual,Kilotonnes,56,Carbon dioxide equivalents
2013.12,HH3,Households (other),Carbon dioxide equivalents,Seasonally adjusted,Kilotonnes,57,Carbon dioxide equivalents
2013.12,HH3,Households (other),Carbon dioxide equivalents,Actual,Kilotonnes,57,Carbon dioxide equivalents
2014.03,HH3,Households (other),Carbon dioxide equivalents,Seasonally adjusted,Kilotonnes,56,Carbon dioxide equivalents
2014.03,HH3,Households (other),Carbon dioxide equivalents,Actual,Kilotonnes,56,Carbon dioxide equivalents
2014.06,HH3,Households (other),Carbon dioxide equivalents,Seasonally adjusted,Kilotonnes,56,Carbon dioxide equivalents
2014.06,HH3,Households (other),Carbon dioxide equivalents,Actual,Kilotonnes,56,Carbon dioxide equivalents
2014.09,HH3,Households (other),Carbon dioxide equivalents,Seasonally adjusted,Kilotonnes,57,Carbon dioxide equivalents
2014.09,HH3,Households (other),Carbon dioxide equivalents,Actual,Kilotonnes,57,Carbon dioxide equivalents
2014.12,HH3,Households (other),Carbon dioxide equivalents,Seasonally adjusted,Kilotonnes,59,Carbon dioxide equivalents
2014.12,HH3,Households (other),Carbon dioxide equivalents,Actual,Kilotonnes,59,Carbon dioxide equivalents
2015.03,HH3,Households (other),Carbon dioxide equivalents,Seasonally adjusted,Kilotonnes,61,Carbon dioxide equivalents
2015.03,HH3,Households (other),Carbon dioxide equivalents,Actual,Kilotonnes,61,Carbon dioxide equivalents
2015.06,HH3,Households (other),Carbon dioxide equivalents,Seasonally adjusted,Kilotonnes,62,Carbon dioxide equivalents
2015.06,HH3,Households (other),Carbon dioxide equivalents,Actual,Kilotonnes,62,Carbon dioxide equivalents
2015.09,HH3,Households (other),Carbon dioxide equivalents,Seasonally adjusted,Kilotonnes,63,Carbon dioxide equivalents
2015.09,HH3,Households (other),Carbon dioxide equivalents,Actual,Kilotonnes,63,Carbon dioxide equivalents
2015.12,HH3,Households (other),Carbon dioxide equivalents,Seasonally adjusted,Kilotonnes,65,Carbon dioxide equivalents
2015.12,HH3,Households (other),Carbon dioxide equivalents,Actual,Kilotonnes,65,Carbon dioxide equivalents
2016.03,HH3,Households (other),Carbon dioxide equivalents,Seasonally adjusted,Kilotonnes,65,Carbon dioxide equivalents
2016.03,HH3,Households (other),Carbon dioxide equivalents,Actual,Kilotonnes,65,Carbon dioxide equivalents
2016.06,HH3,Households (other),Carbon dioxide equivalents,Seasonally adjusted,Kilotonnes,65,Carbon dioxide equivalents
2016.06,HH3,Households (other),Carbon dioxide equivalents,Actual,Kilotonnes,65,Carbon dioxide equivalents
2016.09,HH3,Households (other),Carbon dioxide equivalents,Seasonally adjusted,Kilotonnes,65,Carbon dioxide equivalents
2016.09,HH3,Households (other),Carbon dioxide equivalents,Actual,Kilotonnes,65,Carbon dioxide equivalents
2016.12,HH3,Households (other),Carbon dioxide equivalents,Seasonally adjusted,Kilotonnes,65,Carbon dioxide equivalents
2016.12,HH3,Households (other),Carbon dioxide equivalents,Actual,Kilotonnes,65,Carbon dioxide equivalents
2017.03,HH3,Households (other),Carbon dioxide equivalents,Seasonally adjusted,Kilotonnes,65,Carbon dioxide equivalents
2017.03,HH3,Households (other),Carbon dioxide equivalents,Actual,Kilotonnes,65,Carbon dioxide equivalents
2017.06,HH3,Households (other),Carbon dioxide equivalents,Seasonally adjusted,Kilotonnes,63,Carbon dioxide equivalents
2017.06,HH3,Households (other),Carbon dioxide equivalents,Actual,Kilotonnes,63,Carbon dioxide equivalents
2017.09,HH3,Households (other),Carbon dioxide equivalents,Seasonally adjusted,Kilotonnes,63,Carbon dioxide equivalents
2017.09,HH3,Households (other),Carbon dioxide equivalents,Actual,Kilotonnes,63,Carbon dioxide equivalents
2017.12,HH3,Households (other),Carbon dioxide equivalents,Seasonally adjusted,Kilotonnes,65,Carbon dioxide equivalents
2017.12,HH3,Households (other),Carbon dioxide equivalents,Actual,Kilotonnes,65,Carbon dioxide equivalents
2018.03,HH3,Households (other),Carbon dioxide equivalents,Seasonally adjusted,Kilotonnes,64,Carbon dioxide equivalents
2018.03,HH3,Households (other),Carbon dioxide equivalents,Actual,Kilotonnes,64,Carbon dioxide equivalents
2018.06,HH3,Households (other),Carbon dioxide equivalents,Seasonally adjusted,Kilotonnes,64,Carbon dioxide equivalents
2018.06,HH3,Households (other),Carbon dioxide equivalents,Actual,Kilotonnes,64,Carbon dioxide equivalents
2018.09,HH3,Households (other),Carbon dioxide equivalents,Seasonally adjusted,Kilotonnes,63,Carbon dioxide equivalents
2018.09,HH3,Households (other),Carbon dioxide equivalents,Actual,Kilotonnes,63,Carbon dioxide equivalents
2018.12,HH3,Households (other),Carbon dioxide equivalents,Seasonally adjusted,Kilotonnes,65,Carbon dioxide equivalents
2018.12,HH3,Households (other),Carbon dioxide equivalents,Actual,Kilotonnes,65,Carbon dioxide equivalents
2019.03,HH3,Households (other),Carbon dioxide equivalents,Seasonally adjusted,Kilotonnes,63,Carbon dioxide equivalents
2019.03,HH3,Households (other),Carbon dioxide equivalents,Actual,Kilotonnes,63,Carbon dioxide equivalents
2019.06,HH3,Households (other),Carbon dioxide equivalents,Seasonally adjusted,Kilotonnes,62,Carbon dioxide equivalents
2019.06,HH3,Households (other),Carbon dioxide equivalents,Actual,Kilotonnes,62,Carbon dioxide equivalents
2019.09,HH3,Households (other),Carbon dioxide equivalents,Seasonally adjusted,Kilotonnes,61,Carbon dioxide equivalents
2019.09,HH3,Households (other),Carbon dioxide equivalents,Actual,Kilotonnes,61,Carbon dioxide equivalents
2019.12,HH3,Households (other),Carbon dioxide equivalents,Seasonally adjusted,Kilotonnes,62,Carbon dioxide equivalents
2019.12,HH3,Households (other),Carbon dioxide equivalents,Actual,Kilotonnes,62,Carbon dioxide equivalents
2020.03,HH3,Households (other),Carbon dioxide equivalents,Seasonally adjusted,Kilotonnes,61,Carbon dioxide equivalents
2020.03,HH3,Households (other),Carbon dioxide equivalents,Actual,Kilotonnes,61,Carbon dioxide equivalents
2020.06,HH3,Households (other),Carbon dioxide equivalents,Seasonally adjusted,Kilotonnes,54,Carbon dioxide equivalents
2020.06,HH3,Households (other),Carbon dioxide equivalents,Actual,Kilotonnes,54,Carbon dioxide equivalents
2020.09,HH3,Households (other),Carbon dioxide equivalents,Seasonally adjusted,Kilotonnes,60,Carbon dioxide equivalents
2020.09,HH3,Households (other),Carbon dioxide equivalents,Actual,Kilotonnes,60,Carbon dioxide equivalents
2020.12,HH3,Households (other),Carbon dioxide equivalents,Seasonally adjusted,Kilotonnes,61,Carbon dioxide equivalents
2020.12,HH3,Households (other),Carbon dioxide equivalents,Actual,Kilotonnes,61,Carbon dioxide equivalents
2021.03,HH3,Households (other),Carbon dioxide equivalents,Seasonally adjusted,Kilotonnes,59,Carbon dioxide equivalents
2021.03,HH3,Households (other),Carbon dioxide equivalents,Actual,Kilotonnes,59,Carbon dioxide equivalents
2021.06,HH3,Households (other),Carbon dioxide equivalents,Seasonally adjusted,Kilotonnes,59,Carbon dioxide equivalents
2021.06,HH3,Households (other),Carbon dioxide equivalents,Actual,Kilotonnes,59,Carbon dioxide equivalents
2021.09,HH3,Households (other),Carbon dioxide equivalents,Seasonally adjusted,Kilotonnes,55,Carbon dioxide equivalents
2021.09,HH3,Households (other),Carbon dioxide equivalents,Actual,Kilotonnes,55,Carbon dioxide equivalents
2021.12,HH3,Households (other),Carbon dioxide equivalents,Seasonally adjusted,Kilotonnes,58,Carbon dioxide equivalents
2021.12,HH3,Households (other),Carbon dioxide equivalents,Actual,Kilotonnes,58,Carbon dioxide equivalents
2022.03,HH3,Households (other),Carbon dioxide equivalents,Seasonally adjusted,Kilotonnes,58,Carbon dioxide equivalents
2022.03,HH3,Households (other),Carbon dioxide equivalents,Actual,Kilotonnes,58,Carbon dioxide equivalents
2022.06,HH3,Households (other),Carbon dioxide equivalents,Seasonally adjusted,Kilotonnes,59,Carbon dioxide equivalents
2022.06,HH3,Households (other),Carbon dioxide equivalents,Actual,Kilotonnes,59,Carbon dioxide equivalents
2022.09,HH3,Households (other),Carbon dioxide equivalents,Seasonally adjusted,Kilotonnes,60,Carbon dioxide equivalents
2022.09,HH3,Households (other),Carbon dioxide equivalents,Actual,Kilotonnes,60,Carbon dioxide equivalents
2022.12,HH3,Households (other),Carbon dioxide equivalents,Seasonally adjusted,Kilotonnes,60,Carbon dioxide equivalents
2022.12,HH3,Households (other),Carbon dioxide equivalents,Actual,Kilotonnes,60,Carbon dioxide equivalents
2023.03,HH3,Households (other),Carbon dioxide equivalents,Seasonally adjusted,Kilotonnes,59,Carbon dioxide equivalents
2023.03,HH3,Households (other),Carbon dioxide equivalents,Actual,Kilotonnes,59,Carbon dioxide equivalents
2023.06,HH3,Households (other),Carbon dioxide equivalents,Seasonally adjusted,Kilotonnes,59,Carbon dioxide equivalents
2023.06,HH3,Households (other),Carbon dioxide equivalents,Actual,Kilotonnes,59,Carbon dioxide equivalents
2023.09,HH3,Households (other),Carbon dioxide equivalents,Seasonally adjusted,Kilotonnes,57,Carbon dioxide equivalents
2023.09,HH3,Households (other),Carbon dioxide equivalents,Actual,Kilotonnes,57,Carbon dioxide equivalents
2023.12,HH3,Households (other),Carbon dioxide equivalents,Seasonally adjusted,Kilotonnes,59,Carbon dioxide equivalents
2023.12,HH3,Households (other),Carbon dioxide equivalents,Actual,Kilotonnes,59,Carbon dioxide equivalents
2024.03,HH3,Households (other),Carbon dioxide equivalents,Seasonally adjusted,Kilotonnes,58,Carbon dioxide equivalents
2024.03,HH3,Households (other),Carbon dioxide equivalents,Actual,Kilotonnes,58,Carbon dioxide equivalents
2024.06,HH3,Households (other),Carbon dioxide equivalents,Seasonally adjusted,Kilotonnes,57,Carbon dioxide equivalents
2024.06,HH3,Households (other),Carbon dioxide equivalents,Actual,Kilotonnes,57,Carbon dioxide equivalents
2024.09,HH3,Households (other),Carbon dioxide equivalents,Seasonally adjusted,Kilotonnes,58,Carbon dioxide equivalents
2024.09,HH3,Households (other),Carbon dioxide equivalents,Actual,Kilotonnes,58,Carbon dioxide equivalents
2024.12,HH3,Households (other),Carbon dioxide equivalents,Seasonally adjusted,Kilotonnes,59,Carbon dioxide equivalents
2024.12,HH3,Households (other),Carbon dioxide equivalents,Actual,Kilotonnes,59,Carbon dioxide equivalents
2025.03,HH3,Households (other),Carbon dioxide equivalents,Seasonally adjusted,Kilotonnes,59,Carbon dioxide equivalents
2025.03,HH3,Households (other),Carbon dioxide equivalents,Actual,Kilotonnes,59,Carbon dioxide equivalents
2025.06,HH3,Households (other),Carbon dioxide equivalents,Seasonally adjusted,Kilotonnes,58,Carbon dioxide equivalents
2025.06,HH3,Households (other),Carbon dioxide equivalents,Actual,Kilotonnes,58,Carbon dioxide equivalents
2025.09,HH3,Households (other),Carbon dioxide equivalents,Seasonally adjusted,Kilotonnes,58,Carbon dioxide equivalents
2025.09,HH3,Households (other),Carbon dioxide equivalents,Actual,Kilotonnes,58,Carbon dioxide equivalents
2025.12,HH3,Households (other),Carbon dioxide equivalents,Seasonally adjusted,Kilotonnes,59,Carbon dioxide equivalents
2025.12,HH3,Households (other),Carbon dioxide equivalents,Actual,Kilotonnes,59,Carbon dioxide equivalents
2026.03,HH3,Households (other),Carbon dioxide equivalents,Seasonally adjusted,Kilotonnes,59,Carbon dioxide equivalents
2026.03,HH3,Households (other),Carbon dioxide equivalents,Actual,Kilotonnes,59,Carbon dioxide equivalents
2010.03,HHD,Households,Methane,Seasonally adjusted,Kilotonnes,44,Carbon dioxide equivalents
2010.03,HHD,Households,Carbon dioxide,Seasonally adjusted,Kilotonnes,1882,Carbon dioxide equivalents
2010.03,HHD,Households,Carbon dioxide equivalents,Seasonally adjusted,Kilotonnes,1983,Carbon dioxide equivalents
2010.03,HHD,Households,Fluorinated gases,Seasonally adjusted,Kilotonnes,26,Carbon dioxide equivalents
2010.03,HHD,Households,Nitrous oxide,Seasonally adjusted,Kilotonnes,30,Carbon dioxide equivalents
2010.03,HHD,Households,Methane,Actual,Kilotonnes,32,Carbon dioxide equivalents
2010.03,HHD,Households,Carbon dioxide,Actual,Kilotonnes,1856,Carbon dioxide equivalents
2010.03,HHD,Households,Carbon dioxide equivalents,Actual,Kilotonnes,1943,Carbon dioxide equivalents
2010.03,HHD,Households,Fluorinated gases,Actual,Kilotonnes,26,Carbon dioxide equivalents
2010.03,HHD,Households,Nitrous oxide,Actual,Kilotonnes,29,Carbon dioxide equivalents
2010.06,HHD,Households,Methane,Seasonally adjusted,Kilotonnes,46,Carbon dioxide equivalents
2010.06,HHD,Households,Carbon dioxide,Seasonally adjusted,Kilotonnes,1879,Carbon dioxide equivalents
2010.06,HHD,Households,Carbon dioxide equivalents,Seasonally adjusted,Kilotonnes,1982,Carbon dioxide equivalents
2010.06,HHD,Households,Fluorinated gases,Seasonally adjusted,Kilotonnes,26,Carbon dioxide equivalents
2010.06,HHD,Households,Nitrous oxide,Seasonally adjusted,Kilotonnes,30,Carbon dioxide equivalents
2010.06,HHD,Households,Methane,Actual,Kilotonnes,54,Carbon dioxide equivalents
2010.06,HHD,Households,Carbon dioxide,Actual,Kilotonnes,1848,Carbon dioxide equivalents
2010.06,HHD,Households,Carbon dioxide equivalents,Actual,Kilotonnes,1959,Carbon dioxide equivalents
2010.06,HHD,Households,Fluorinated gases,Actual,Kilotonnes,26,Carbon dioxide equivalents
2010.06,HHD,Households,Nitrous oxide,Actual,Kilotonnes,31,Carbon dioxide equivalents
2010.09,HHD,Households,Methane,Seasonally adjusted,Kilotonnes,46,Carbon dioxide equivalents
2010.09,HHD,Households,Carbon dioxide,Seasonally adjusted,Kilotonnes,1871,Carbon dioxide equivalents
2010.09,HHD,Households,Carbon dioxide equivalents,Seasonally adjusted,Kilotonnes,1974,Carbon dioxide equivalents
2010.09,HHD,Households,Fluorinated gases,Seasonally adjusted,Kilotonnes,26,Carbon dioxide equivalents
2010.09,HHD,Households,Nitrous oxide,Seasonally adjusted,Kilotonnes,30,Carbon dioxide equivalents
2010.09,HHD,Households,Methane,Actual,Kilotonnes,66,Carbon dioxide equivalents
2010.09,HHD,Households,Carbon dioxide,Actual,Kilotonnes,1888,Carbon dioxide equivalents
2010.09,HHD,Households,Carbon dioxide equivalents,Actual,Kilotonnes,2012,Carbon dioxide equivalents
2010.09,HHD,Households,Fluorinated gases,Actual,Kilotonnes,26,Carbon dioxide equivalents
2010.09,HHD,Households,Nitrous oxide,Actual,Kilotonnes,32,Carbon dioxide equivalents
2010.12,HHD,Households,Methane,Seasonally adjusted,Kilotonnes,46,Carbon dioxide equivalents
2010.12,HHD,Households,Carbon dioxide,Seasonally adjusted,Kilotonnes,1863,Carbon dioxide equivalents
2010.12,HHD,Households,Carbon dioxide equivalents,Seasonally adjusted,Kilotonnes,1966,Carbon dioxide equivalents
2010.12,HHD,Households,Fluorinated gases,Seasonally adjusted,Kilotonnes,28,Carbon dioxide equivalents
2010.12,HHD,Households,Nitrous oxide,Seasonally adjusted,Kilotonnes,29,Carbon dioxide equivalents
2010.12,HHD,Households,Methane,Actual,Kilotonnes,32,Carbon dioxide equivalents
2010.12,HHD,Households,Carbon dioxide,Actual,Kilotonnes,1905,Carbon dioxide equivalents
2010.12,HHD,Households,Carbon dioxide equivalents,Actual,Kilotonnes,1993,Carbon dioxide equivalents
2010.12,HHD,Households,Fluorinated gases,Actual,Kilotonnes,28,Carbon dioxide equivalents
2010.12,HHD,Households,Nitrous oxide,Actual,Kilotonnes,29,Carbon dioxide equivalents
2011.03,HHD,Households,Methane,Seasonally adjusted,Kilotonnes,63,Carbon dioxide equivalents
2011.03,HHD,Households,Carbon dioxide,Seasonally adjusted,Kilotonnes,1910,Carbon dioxide equivalents
2011.03,HHD,Households,Carbon dioxide equivalents,Seasonally adjusted,Kilotonnes,2018,Carbon dioxide equivalents
2011.03,HHD,Households,Fluorinated gases,Seasonally adjusted,Kilotonnes,28,Carbon dioxide equivalents
2011.03,HHD,Households,Nitrous oxide,Seasonally adjusted,Kilotonnes,30,Carbon dioxide equivalents
2011.03,HHD,Households,Methane,Actual,Kilotonnes,33,Carbon dioxide equivalents
2011.03,HHD,Households,Carbon dioxide,Actual,Kilotonnes,1876,Carbon dioxide equivalents
2011.03,HHD,Households,Carbon dioxide equivalents,Actual,Kilotonnes,1966,Carbon dioxide equivalents
2011.03,HHD,Households,Fluorinated gases,Actual,Kilotonnes,28,Carbon dioxide equivalents
2011.03,HHD,Households,Nitrous oxide,Actual,Kilotonnes,28,Carbon dioxide equivalents
2011.06,HHD,Households,Methane,Seasonally adjusted,Kilotonnes,45,Carbon dioxide equivalents
2011.06,HHD,Households,Carbon dioxide,Seasonally adjusted,Kilotonnes,1860,Carbon dioxide equivalents
2011.06,HHD,Households,Carbon dioxide equivalents,Seasonally adjusted,Kilotonnes,1964,Carbon dioxide equivalents
2011.06,HHD,Households,Fluorinated gases,Seasonally adjusted,Kilotonnes,29,Carbon dioxide equivalents
2011.06,HHD,Households,Nitrous oxide,Seasonally adjusted,Kilotonnes,29,Carbon dioxide equivalents
2011.06,HHD,Households,Methane,Actual,Kilotonnes,54,Carbon dioxide equivalents
2011.06,HHD,Households,Carbon dioxide,Actual,Kilotonnes,1829,Carbon dioxide equivalents
2011.06,HHD,Households,Carbon dioxide equivalents,Actual,Kilotonnes,1940,Carbon dioxide equivalents
2011.06,HHD,Households,Fluorinated gases,Actual,Kilotonnes,29,Carbon dioxide equivalents
2011.06,HHD,Households,Nitrous oxide,Actual,Kilotonnes,29,Carbon dioxide equivalents
2011.09,HHD,Households,Methane,Seasonally adjusted,Kilotonnes,46,Carbon dioxide equivalents
2011.09,HHD,Households,Carbon dioxide,Seasonally adjusted,Kilotonnes,1880,Carbon dioxide equivalents
2011.09,HHD,Households,Carbon dioxide equivalents,Seasonally adjusted,Kilotonnes,1984,Carbon dioxide equivalents
2011.09,HHD,Households,Fluorinated gases,Seasonally adjusted,Kilotonnes,29,Carbon dioxide equivalents
2011.09,HHD,Households,Nitrous oxide,Seasonally adjusted,Kilotonnes,29,Carbon dioxide equivalents
2011.09,HHD,Households,Methane,Actual,Kilotonnes,65,Carbon dioxide equivalents
2011.09,HHD,Households,Carbon dioxide,Actual,Kilotonnes,1894,Carbon dioxide equivalents
2011.09,HHD,Households,Carbon dioxide equivalents,Actual,Kilotonnes,2019,Carbon dioxide equivalents
2011.09,HHD,Households,Fluorinated gases,Actual,Kilotonnes,29,Carbon dioxide equivalents
2011.09,HHD,Households,Nitrous oxide,Actual,Kilotonnes,31,Carbon dioxide equivalents
2011.12,HHD,Households,Methane,Seasonally adjusted,Kilotonnes,46,Carbon dioxide equivalents
2011.12,HHD,Households,Carbon dioxide,Seasonally adjusted,Kilotonnes,1849,Carbon dioxide equivalents
2011.12,HHD,Households,Carbon dioxide equivalents,Seasonally adjusted,Kilotonnes,1952,Carbon dioxide equivalents
2011.12,HHD,Households,Fluorinated gases,Seasonally adjusted,Kilotonnes,30,Carbon dioxide equivalents
2011.12,HHD,Households,Nitrous oxide,Seasonally adjusted,Kilotonnes,28,Carbon dioxide equivalents
2011.12,HHD,Households,Methane,Actual,Kilotonnes,32,Carbon dioxide equivalents
2011.12,HHD,Households,Carbon dioxide,Actual,Kilotonnes,1891,Carbon dioxide equivalents
2011.12,HHD,Households,Carbon dioxide equivalents,Actual,Kilotonnes,1980,Carbon dioxide equivalents
2011.12,HHD,Households,Fluorinated gases,Actual,Kilotonnes,30,Carbon dioxide equivalents
2011.12,HHD,Households,Nitrous oxide,Actual,Kilotonnes,27,Carbon dioxide equivalents
2012.03,HHD,Households,Methane,Seasonally adjusted,Kilotonnes,47,Carbon dioxide equivalents
2012.03,HHD,Households,Carbon dioxide,Seasonally adjusted,Kilotonnes,1850,Carbon dioxide equivalents
2012.03,HHD,Households,Carbon dioxide equivalents,Seasonally adjusted,Kilotonnes,1953,Carbon dioxide equivalents
2012.03,HHD,Households,Fluorinated gases,Seasonally adjusted,Kilotonnes,30,Carbon dioxide equivalents
2012.03,HHD,Households,Nitrous oxide,Seasonally adjusted,Kilotonnes,28,Carbon dioxide equivalents
2012.03,HHD,Households,Methane,Actual,Kilotonnes,32,Carbon dioxide equivalents
2012.03,HHD,Households,Carbon dioxide,Actual,Kilotonnes,1822,Carbon dioxide equivalents
2012.03,HHD,Households,Carbon dioxide equivalents,Actual,Kilotonnes,1911,Carbon dioxide equivalents
2012.03,HHD,Households,Fluorinated gases,Actual,Kilotonnes,30,Carbon dioxide equivalents
2012.03,HHD,Households,Nitrous oxide,Actual,Kilotonnes,27,Carbon dioxide equivalents
2012.06,HHD,Households,Methane,Seasonally adjusted,Kilotonnes,45,Carbon dioxide equivalents
2012.06,HHD,Households,Carbon dioxide,Seasonally adjusted,Kilotonnes,1878,Carbon dioxide equivalents
2012.06,HHD,Households,Carbon dioxide equivalents,Seasonally adjusted,Kilotonnes,1982,Carbon dioxide equivalents
2012.06,HHD,Households,Fluorinated gases,Seasonally adjusted,Kilotonnes,30,Carbon dioxide equivalents
2012.06,HHD,Households,Nitrous oxide,Seasonally adjusted,Kilotonnes,28,Carbon dioxide equivalents
2012.06,HHD,Households,Methane,Actual,Kilotonnes,54,Carbon dioxide equivalents
2012.06,HHD,Households,Carbon dioxide,Actual,Kilotonnes,1846,Carbon dioxide equivalents
2012.06,HHD,Households,Carbon dioxide equivalents,Actual,Kilotonnes,1958,Carbon dioxide equivalents
2012.06,HHD,Households,Fluorinated gases,Actual,Kilotonnes,30,Carbon dioxide equivalents
2012.06,HHD,Households,Nitrous oxide,Actual,Kilotonnes,29,Carbon dioxide equivalents
2012.09,HHD,Households,Methane,Seasonally adjusted,Kilotonnes,45,Carbon dioxide equivalents
2012.09,HHD,Households,Carbon dioxide,Seasonally adjusted,Kilotonnes,1849,Carbon dioxide equivalents
2012.09,HHD,Households,Carbon dioxide equivalents,Seasonally adjusted,Kilotonnes,1953,Carbon dioxide equivalents
2012.09,HHD,Households,Fluorinated gases,Seasonally adjusted,Kilotonnes,30,Carbon dioxide equivalents
2012.09,HHD,Households,Nitrous oxide,Seasonally adjusted,Kilotonnes,28,Carbon dioxide equivalents
2012.09,HHD,Households,Methane,Actual,Kilotonnes,65,Carbon dioxide equivalents
2012.09,HHD,Households,Carbon dioxide,Actual,Kilotonnes,1865,Carbon dioxide equivalents
2012.09,HHD,Households,Carbon dioxide equivalents,Actual,Kilotonnes,1989,Carbon dioxide equivalents
2012.09,HHD,Households,Fluorinated gases,Actual,Kilotonnes,30,Carbon dioxide equivalents
2012.09,HHD,Households,Nitrous oxide,Actual,Kilotonnes,30,Carbon dioxide equivalents
2012.12,HHD,Households,Methane,Seasonally adjusted,Kilotonnes,46,Carbon dioxide equivalents
2012.12,HHD,Households,Carbon dioxide,Seasonally adjusted,Kilotonnes,1866,Carbon dioxide equivalents
2012.12,HHD,Households,Carbon dioxide equivalents,Seasonally adjusted,Kilotonnes,1970,Carbon dioxide equivalents
2012.12,HHD,Households,Fluorinated gases,Seasonally adjusted,Kilotonnes,31,Carbon dioxide equivalents
2012.12,HHD,Households,Nitrous oxide,Seasonally adjusted,Kilotonnes,28,Carbon dioxide equivalents
2012.12,HHD,Households,Methane,Actual,Kilotonnes,32,Carbon dioxide equivalents
2012.12,HHD,Households,Carbon dioxide,Actual,Kilotonnes,1910,Carbon dioxide equivalents
2012.12,HHD,Households,Carbon dioxide equivalents,Actual,Kilotonnes,1999,Carbon dioxide equivalents
2012.12,HHD,Households,Fluorinated gases,Actual,Kilotonnes,31,Carbon dioxide equivalents
2012.12,HHD,Households,Nitrous oxide,Actual,Kilotonnes,27,Carbon dioxide equivalents
2013.03,HHD,Households,Methane,Seasonally adjusted,Kilotonnes,41,Carbon dioxide equivalents
2013.03,HHD,Households,Carbon dioxide,Seasonally adjusted,Kilotonnes,1845,Carbon dioxide equivalents
2013.03,HHD,Households,Carbon dioxide equivalents,Seasonally adjusted,Kilotonnes,1946,Carbon dioxide equivalents
2013.03,HHD,Households,Fluorinated gases,Seasonally adjusted,Kilotonnes,31,Carbon dioxide equivalents
2013.03,HHD,Households,Nitrous oxide,Seasonally adjusted,Kilotonnes,27,Carbon dioxide equivalents
2013.03,HHD,Households,Methane,Actual,Kilotonnes,31,Carbon dioxide equivalents
2013.03,HHD,Households,Carbon dioxide,Actual,Kilotonnes,1825,Carbon dioxide equivalents
2013.03,HHD,Households,Carbon dioxide equivalents,Actual,Kilotonnes,1913,Carbon dioxide equivalents
2013.03,HHD,Households,Fluorinated gases,Actual,Kilotonnes,31,Carbon dioxide equivalents
2013.03,HHD,Households,Nitrous oxide,Actual,Kilotonnes,26,Carbon dioxide equivalents
2013.06,HHD,Households,Methane,Seasonally adjusted,Kilotonnes,45,Carbon dioxide equivalents
2013.06,HHD,Households,Carbon dioxide,Seasonally adjusted,Kilotonnes,1805,Carbon dioxide equivalents
2013.06,HHD,Households,Carbon dioxide equivalents,Seasonally adjusted,Kilotonnes,1907,Carbon dioxide equivalents
2013.06,HHD,Households,Fluorinated gases,Seasonally adjusted,Kilotonnes,30,Carbon dioxide equivalents
2013.06,HHD,Households,Nitrous oxide,Seasonally adjusted,Kilotonnes,26,Carbon dioxide equivalents
2013.06,HHD,Households,Methane,Actual,Kilotonnes,53,Carbon dioxide equivalents
2013.06,HHD,Households,Carbon dioxide,Actual,Kilotonnes,1773,Carbon dioxide equivalents
2013.06,HHD,Households,Carbon dioxide equivalents,Actual,Kilotonnes,1882,Carbon dioxide equivalents
2013.06,HHD,Households,Fluorinated gases,Actual,Kilotonnes,30,Carbon dioxide equivalents
2013.06,HHD,Households,Nitrous oxide,Actual,Kilotonnes,27,Carbon dioxide equivalents
2013.09,HHD,Households,Methane,Seasonally adjusted,Kilotonnes,45,Carbon dioxide equivalents
2013.09,HHD,Households,Carbon dioxide,Seasonally adjusted,Kilotonnes,1881,Carbon dioxide equivalents
2013.09,HHD,Households,Carbon dioxide equivalents,Seasonally adjusted,Kilotonnes,1985,Carbon dioxide equivalents
2013.09,HHD,Households,Fluorinated gases,Seasonally adjusted,Kilotonnes,30,Carbon dioxide equivalents
2013.09,HHD,Households,Nitrous oxide,Seasonally adjusted,Kilotonnes,27,Carbon dioxide equivalents
2013.09,HHD,Households,Methane,Actual,Kilotonnes,65,Carbon dioxide equivalents
2013.09,HHD,Households,Carbon dioxide,Actual,Kilotonnes,1893,Carbon dioxide equivalents
2013.09,HHD,Households,Carbon dioxide equivalents,Actual,Kilotonnes,2018,Carbon dioxide equivalents
2013.09,HHD,Households,Fluorinated gases,Actual,Kilotonnes,30,Carbon dioxide equivalents
2013.09,HHD,Households,Nitrous oxide,Actual,Kilotonnes,29,Carbon dioxide equivalents
2013.12,HHD,Households,Methane,Seasonally adjusted,Kilotonnes,44,Carbon dioxide equivalents
2013.12,HHD,Households,Carbon dioxide,Seasonally adjusted,Kilotonnes,1863,Carbon dioxide equivalents
2013.12,HHD,Households,Carbon dioxide equivalents,Seasonally adjusted,Kilotonnes,1965,Carbon dioxide equivalents
2013.12,HHD,Households,Fluorinated gases,Seasonally adjusted,Kilotonnes,31,Carbon dioxide equivalents
2013.12,HHD,Households,Nitrous oxide,Seasonally adjusted,Kilotonnes,27,Carbon dioxide equivalents
2013.12,HHD,Households,Methane,Actual,Kilotonnes,32,Carbon dioxide equivalents
2013.12,HHD,Households,Carbon dioxide,Actual,Kilotonnes,1911,Carbon dioxide equivalents
2013.12,HHD,Households,Carbon dioxide equivalents,Actual,Kilotonnes,2000,Carbon dioxide equivalents
2013.12,HHD,Households,Fluorinated gases,Actual,Kilotonnes,31,Carbon dioxide equivalents
2013.12,HHD,Households,Nitrous oxide,Actual,Kilotonnes,26,Carbon dioxide equivalents
2014.03,HHD,Households,Methane,Seasonally adjusted,Kilotonnes,44,Carbon dioxide equivalents
2014.03,HHD,Households,Carbon dioxide,Seasonally adjusted,Kilotonnes,1854,Carbon dioxide equivalents
2014.03,HHD,Households,Carbon dioxide equivalents,Seasonally adjusted,Kilotonnes,1957,Carbon dioxide equivalents
2014.03,HHD,Households,Fluorinated gases,Seasonally adjusted,Kilotonnes,31,Carbon dioxide equivalents
2014.03,HHD,Households,Nitrous oxide,Seasonally adjusted,Kilotonnes,26,Carbon dioxide equivalents
2014.03,HHD,Households,Methane,Actual,Kilotonnes,31,Carbon dioxide equivalents
2014.03,HHD,Households,Carbon dioxide,Actual,Kilotonnes,1827,Carbon dioxide equivalents
2014.03,HHD,Households,Carbon dioxide equivalents,Actual,Kilotonnes,1914,Carbon dioxide equivalents
2014.03,HHD,Households,Fluorinated gases,Actual,Kilotonnes,31,Carbon dioxide equivalents
2014.03,HHD,Households,Nitrous oxide,Actual,Kilotonnes,25,Carbon dioxide equivalents
2014.06,HHD,Households,Methane,Seasonally adjusted,Kilotonnes,45,Carbon dioxide equivalents
2014.06,HHD,Households,Carbon dioxide,Seasonally adjusted,Kilotonnes,1884,Carbon dioxide equivalents
2014.06,HHD,Households,Carbon dioxide equivalents,Seasonally adjusted,Kilotonnes,1987,Carbon dioxide equivalents
2014.06,HHD,Households,Fluorinated gases,Seasonally adjusted,Kilotonnes,31,Carbon dioxide equivalents
2014.06,HHD,Households,Nitrous oxide,Seasonally adjusted,Kilotonnes,26,Carbon dioxide equivalents
2014.06,HHD,Households,Methane,Actual,Kilotonnes,53,Carbon dioxide equivalents
2014.06,HHD,Households,Carbon dioxide,Actual,Kilotonnes,1847,Carbon dioxide equivalents
2014.06,HHD,Households,Carbon dioxide equivalents,Actual,Kilotonnes,1957,Carbon dioxide equivalents
2014.06,HHD,Households,Fluorinated gases,Actual,Kilotonnes,31,Carbon dioxide equivalents
2014.06,HHD,Households,Nitrous oxide,Actual,Kilotonnes,27,Carbon dioxide equivalents
2014.09,HHD,Households,Methane,Seasonally adjusted,Kilotonnes,45,Carbon dioxide equivalents
2014.09,HHD,Households,Carbon dioxide,Seasonally adjusted,Kilotonnes,1904,Carbon dioxide equivalents
2014.09,HHD,Households,Carbon dioxide equivalents,Seasonally adjusted,Kilotonnes,2007,Carbon dioxide equivalents
2014.09,HHD,Households,Fluorinated gases,Seasonally adjusted,Kilotonnes,32,Carbon dioxide equivalents
2014.09,HHD,Households,Nitrous oxide,Seasonally adjusted,Kilotonnes,26,Carbon dioxide equivalents
2014.09,HHD,Households,Methane,Actual,Kilotonnes,64,Carbon dioxide equivalents
2014.09,HHD,Households,Carbon dioxide,Actual,Kilotonnes,1917,Carbon dioxide equivalents
2014.09,HHD,Households,Carbon dioxide equivalents,Actual,Kilotonnes,2040,Carbon dioxide equivalents
2014.09,HHD,Households,Fluorinated gases,Actual,Kilotonnes,32,Carbon dioxide equivalents
2014.09,HHD,Households,Nitrous oxide,Actual,Kilotonnes,28,Carbon dioxide equivalents
2014.12,HHD,Households,Methane,Seasonally adjusted,Kilotonnes,45,Carbon dioxide equivalents
2014.12,HHD,Households,Carbon dioxide,Seasonally adjusted,Kilotonnes,1933,Carbon dioxide equivalents
2014.12,HHD,Households,Carbon dioxide equivalents,Seasonally adjusted,Kilotonnes,2037,Carbon dioxide equivalents
2014.12,HHD,Households,Fluorinated gases,Seasonally adjusted,Kilotonnes,33,Carbon dioxide equivalents
2014.12,HHD,Households,Nitrous oxide,Seasonally adjusted,Kilotonnes,26,Carbon dioxide equivalents
2014.12,HHD,Households,Methane,Actual,Kilotonnes,32,Carbon dioxide equivalents
2014.12,HHD,Households,Carbon dioxide,Actual,Kilotonnes,1984,Carbon dioxide equivalents
2014.12,HHD,Households,Carbon dioxide equivalents,Actual,Kilotonnes,2074,Carbon dioxide equivalents
2014.12,HHD,Households,Fluorinated gases,Actual,Kilotonnes,33,Carbon dioxide equivalents
2014.12,HHD,Households,Nitrous oxide,Actual,Kilotonnes,25,Carbon dioxide equivalents
2015.03,HHD,Households,Methane,Seasonally adjusted,Kilotonnes,45,Carbon dioxide equivalents
2015.03,HHD,Households,Carbon dioxide,Seasonally adjusted,Kilotonnes,1964,Carbon dioxide equivalents
2015.03,HHD,Households,Carbon dioxide equivalents,Seasonally adjusted,Kilotonnes,2068,Carbon dioxide equivalents
2015.03,HHD,Households,Fluorinated gases,Seasonally adjusted,Kilotonnes,33,Carbon dioxide equivalents
2015.03,HHD,Households,Nitrous oxide,Seasonally adjusted,Kilotonnes,25,Carbon dioxide equivalents
2015.03,HHD,Households,Methane,Actual,Kilotonnes,32,Carbon dioxide equivalents
2015.03,HHD,Households,Carbon dioxide,Actual,Kilotonnes,1940,Carbon dioxide equivalents
2015.03,HHD,Households,Carbon dioxide equivalents,Actual,Kilotonnes,2030,Carbon dioxide equivalents
2015.03,HHD,Households,Fluorinated gases,Actual,Kilotonnes,33,Carbon dioxide equivalents
2015.03,HHD,Households,Nitrous oxide,Actual,Kilotonnes,24,Carbon dioxide equivalents
2015.06,HHD,Households,Methane,Seasonally adjusted,Kilotonnes,45,Carbon dioxide equivalents
2015.06,HHD,Households,Carbon dioxide,Seasonally adjusted,Kilotonnes,1972,Carbon dioxide equivalents
2015.06,HHD,Households,Carbon dioxide equivalents,Seasonally adjusted,Kilotonnes,2075,Carbon dioxide equivalents
2015.06,HHD,Households,Fluorinated gases,Seasonally adjusted,Kilotonnes,33,Carbon dioxide equivalents
2015.06,HHD,Households,Nitrous oxide,Seasonally adjusted,Kilotonnes,25,Carbon dioxide equivalents
2015.06,HHD,Households,Methane,Actual,Kilotonnes,53,Carbon dioxide equivalents
2015.06,HHD,Households,Carbon dioxide,Actual,Kilotonnes,1932,Carbon dioxide equivalents
2015.06,HHD,Households,Carbon dioxide equivalents,Actual,Kilotonnes,2044,Carbon dioxide equivalents
2015.06,HHD,Households,Fluorinated gases,Actual,Kilotonnes,33,Carbon dioxide equivalents
2015.06,HHD,Households,Nitrous oxide,Actual,Kilotonnes,26,Carbon dioxide equivalents
2015.09,HHD,Households,Methane,Seasonally adjusted,Kilotonnes,45,Carbon dioxide equivalents
2015.09,HHD,Households,Carbon dioxide,Seasonally adjusted,Kilotonnes,2008,Carbon dioxide equivalents
2015.09,HHD,Households,Carbon dioxide equivalents,Seasonally adjusted,Kilotonnes,2111,Carbon dioxide equivalents
2015.09,HHD,Households,Fluorinated gases,Seasonally adjusted,Kilotonnes,33,Carbon dioxide equivalents
2015.09,HHD,Households,Nitrous oxide,Seasonally adjusted,Kilotonnes,25,Carbon dioxide equivalents
2015.09,HHD,Households,Methane,Actual,Kilotonnes,64,Carbon dioxide equivalents
2015.09,HHD,Households,Carbon dioxide,Actual,Kilotonnes,2021,Carbon dioxide equivalents
2015.09,HHD,Households,Carbon dioxide equivalents,Actual,Kilotonnes,2145,Carbon dioxide equivalents
2015.09,HHD,Households,Fluorinated gases,Actual,Kilotonnes,33,Carbon dioxide equivalents
2015.09,HHD,Households,Nitrous oxide,Actual,Kilotonnes,27,Carbon dioxide equivalents
2015.12,HHD,Households,Methane,Seasonally adjusted,Kilotonnes,46,Carbon dioxide equivalents
2015.12,HHD,Households,Carbon dioxide,Seasonally adjusted,Kilotonnes,2026,Carbon dioxide equivalents
2015.12,HHD,Households,Carbon dioxide equivalents,Seasonally adjusted,Kilotonnes,2131,Carbon dioxide equivalents
2015.12,HHD,Households,Fluorinated gases,Seasonally adjusted,Kilotonnes,35,Carbon dioxide equivalents
2015.12,HHD,Households,Nitrous oxide,Seasonally adjusted,Kilotonnes,25,Carbon dioxide equivalents
2015.12,HHD,Households,Methane,Actual,Kilotonnes,32,Carbon dioxide equivalents
2015.12,HHD,Households,Carbon dioxide,Actual,Kilotonnes,2083,Carbon dioxide equivalents
2015.12,HHD,Households,Carbon dioxide equivalents,Actual,Kilotonnes,2174,Carbon dioxide equivalents
2015.12,HHD,Households,Fluorinated gases,Actual,Kilotonnes,35,Carbon dioxide equivalents
2015.12,HHD,Households,Nitrous oxide,Actual,Kilotonnes,24,Carbon dioxide equivalents
2016.03,HHD,Households,Methane,Seasonally adjusted,Kilotonnes,45,Carbon dioxide equivalents
2016.03,HHD,Households,Carbon dioxide,Seasonally adjusted,Kilotonnes,2025,Carbon dioxide equivalents
2016.03,HHD,Households,Carbon dioxide equivalents,Seasonally adjusted,Kilotonnes,2129,Carbon dioxide equivalents
2016.03,HHD,Households,Fluorinated gases,Seasonally adjusted,Kilotonnes,34,Carbon dioxide equivalents
2016.03,HHD,Households,Nitrous oxide,Seasonally adjusted,Kilotonnes,25,Carbon dioxide equivalents
2016.03,HHD,Households,Methane,Actual,Kilotonnes,32,Carbon dioxide equivalents
2016.03,HHD,Households,Carbon dioxide,Actual,Kilotonnes,2004,Carbon dioxide equivalents
2016.03,HHD,Households,Carbon dioxide equivalents,Actual,Kilotonnes,2095,Carbon dioxide equivalents
2016.03,HHD,Households,Fluorinated gases,Actual,Kilotonnes,34,Carbon dioxide equivalents
2016.03,HHD,Households,Nitrous oxide,Actual,Kilotonnes,24,Carbon dioxide equivalents
2016.06,HHD,Households,Methane,Seasonally adjusted,Kilotonnes,45,Carbon dioxide equivalents
2016.06,HHD,Households,Carbon dioxide,Seasonally adjusted,Kilotonnes,2000,Carbon dioxide equivalents
2016.06,HHD,Households,Carbon dioxide equivalents,Seasonally adjusted,Kilotonnes,2105,Carbon dioxide equivalents
2016.06,HHD,Households,Fluorinated gases,Seasonally adjusted,Kilotonnes,34,Carbon dioxide equivalents
2016.06,HHD,Households,Nitrous oxide,Seasonally adjusted,Kilotonnes,25,Carbon dioxide equivalents
2016.06,HHD,Households,Methane,Actual,Kilotonnes,53,Carbon dioxide equivalents
2016.06,HHD,Households,Carbon dioxide,Actual,Kilotonnes,1959,Carbon dioxide equivalents
2016.06,HHD,Households,Carbon dioxide equivalents,Actual,Kilotonnes,2071,Carbon dioxide equivalents
2016.06,HHD,Households,Fluorinated gases,Actual,Kilotonnes,34,Carbon dioxide equivalents
2016.06,HHD,Households,Nitrous oxide,Actual,Kilotonnes,25,Carbon dioxide equivalents
2016.09,HHD,Households,Methane,Seasonally adjusted,Kilotonnes,45,Carbon dioxide equivalents
2016.09,HHD,Households,Carbon dioxide,Seasonally adjusted,Kilotonnes,2077,Carbon dioxide equivalents
2016.09,HHD,Households,Carbon dioxide equivalents,Seasonally adjusted,Kilotonnes,2182,Carbon dioxide equivalents
2016.09,HHD,Households,Fluorinated gases,Seasonally adjusted,Kilotonnes,34,Carbon dioxide equivalents
2016.09,HHD,Households,Nitrous oxide,Seasonally adjusted,Kilotonnes,25,Carbon dioxide equivalents
2016.09,HHD,Households,Methane,Actual,Kilotonnes,63,Carbon dioxide equivalents
2016.09,HHD,Households,Carbon dioxide,Actual,Kilotonnes,2078,Carbon dioxide equivalents
2016.09,HHD,Households,Carbon dioxide equivalents,Actual,Kilotonnes,2203,Carbon dioxide equivalents
2016.09,HHD,Households,Fluorinated gases,Actual,Kilotonnes,34,Carbon dioxide equivalents
2016.09,HHD,Households,Nitrous oxide,Actual,Kilotonnes,27,Carbon dioxide equivalents
2016.12,HHD,Households,Methane,Seasonally adjusted,Kilotonnes,46,Carbon dioxide equivalents
2016.12,HHD,Households,Carbon dioxide,Seasonally adjusted,Kilotonnes,2061,Carbon dioxide equivalents
2016.12,HHD,Households,Carbon dioxide equivalents,Seasonally adjusted,Kilotonnes,2166,Carbon dioxide equivalents
2016.12,HHD,Households,Fluorinated gases,Seasonally adjusted,Kilotonnes,35,Carbon dioxide equivalents
2016.12,HHD,Households,Nitrous oxide,Seasonally adjusted,Kilotonnes,24,Carbon dioxide equivalents
2016.12,HHD,Households,Methane,Actual,Kilotonnes,33,Carbon dioxide equivalents
2016.12,HHD,Households,Carbon dioxide,Actual,Kilotonnes,2123,Carbon dioxide equivalents
2016.12,HHD,Households,Carbon dioxide equivalents,Actual,Kilotonnes,2213,Carbon dioxide equivalents
2016.12,HHD,Households,Fluorinated gases,Actual,Kilotonnes,35,Carbon dioxide equivalents
2016.12,HHD,Households,Nitrous oxide,Actual,Kilotonnes,23,Carbon dioxide equivalents
2017.03,HHD,Households,Methane,Seasonally adjusted,Kilotonnes,47,Carbon dioxide equivalents
2017.03,HHD,Households,Carbon dioxide,Seasonally adjusted,Kilotonnes,2120,Carbon dioxide equivalents
2017.03,HHD,Households,Carbon dioxide equivalents,Seasonally adjusted,Kilotonnes,2224,Carbon dioxide equivalents
2017.03,HHD,Households,Fluorinated gases,Seasonally adjusted,Kilotonnes,35,Carbon dioxide equivalents
2017.03,HHD,Households,Nitrous oxide,Seasonally adjusted,Kilotonnes,23,Carbon dioxide equivalents
2017.03,HHD,Households,Methane,Actual,Kilotonnes,33,Carbon dioxide equivalents
2017.03,HHD,Households,Carbon dioxide,Actual,Kilotonnes,2094,Carbon dioxide equivalents
2017.03,HHD,Households,Carbon dioxide equivalents,Actual,Kilotonnes,2183,Carbon dioxide equivalents
2017.03,HHD,Households,Fluorinated gases,Actual,Kilotonnes,35,Carbon dioxide equivalents
2017.03,HHD,Households,Nitrous oxide,Actual,Kilotonnes,22,Carbon dioxide equivalents
2017.06,HHD,Households,Methane,Seasonally adjusted,Kilotonnes,45,Carbon dioxide equivalents
2017.06,HHD,Households,Carbon dioxide,Seasonally adjusted,Kilotonnes,2146,Carbon dioxide equivalents
2017.06,HHD,Households,Carbon dioxide equivalents,Seasonally adjusted,Kilotonnes,2248,Carbon dioxide equivalents
2017.06,HHD,Households,Fluorinated gases,Seasonally adjusted,Kilotonnes,34,Carbon dioxide equivalents
2017.06,HHD,Households,Nitrous oxide,Seasonally adjusted,Kilotonnes,23,Carbon dioxide equivalents
2017.06,HHD,Households,Methane,Actual,Kilotonnes,52,Carbon dioxide equivalents
2017.06,HHD,Households,Carbon dioxide,Actual,Kilotonnes,2103,Carbon dioxide equivalents
2017.06,HHD,Households,Carbon dioxide equivalents,Actual,Kilotonnes,2213,Carbon dioxide equivalents
2017.06,HHD,Households,Fluorinated gases,Actual,Kilotonnes,34,Carbon dioxide equivalents
2017.06,HHD,Households,Nitrous oxide,Actual,Kilotonnes,23,Carbon dioxide equivalents
2017.09,HHD,Households,Methane,Seasonally adjusted,Kilotonnes,45,Carbon dioxide equivalents
2017.09,HHD,Households,Carbon dioxide,Seasonally adjusted,Kilotonnes,2117,Carbon dioxide equivalents
2017.09,HHD,Households,Carbon dioxide equivalents,Seasonally adjusted,Kilotonnes,2218,Carbon dioxide equivalents
2017.09,HHD,Households,Fluorinated gases,Seasonally adjusted,Kilotonnes,34,Carbon dioxide equivalents
2017.09,HHD,Households,Nitrous oxide,Seasonally adjusted,Kilotonnes,22,Carbon dioxide equivalents
2017.09,HHD,Households,Methane,Actual,Kilotonnes,63,Carbon dioxide equivalents
2017.09,HHD,Households,Carbon dioxide,Actual,Kilotonnes,2115,Carbon dioxide equivalents
2017.09,HHD,Households,Carbon dioxide equivalents,Actual,Kilotonnes,2235,Carbon dioxide equivalents
2017.09,HHD,Households,Fluorinated gases,Actual,Kilotonnes,34,Carbon dioxide equivalents
2017.09,HHD,Households,Nitrous oxide,Actual,Kilotonnes,24,Carbon dioxide equivalents
2017.12,HHD,Households,Methane,Seasonally adjusted,Kilotonnes,43,Carbon dioxide equivalents
2017.12,HHD,Households,Carbon dioxide,Seasonally adjusted,Kilotonnes,2124,Carbon dioxide equivalents
2017.12,HHD,Households,Carbon dioxide equivalents,Seasonally adjusted,Kilotonnes,2225,Carbon dioxide equivalents
2017.12,HHD,Households,Fluorinated gases,Seasonally adjusted,Kilotonnes,35,Carbon dioxide equivalents
2017.12,HHD,Households,Nitrous oxide,Seasonally adjusted,Kilotonnes,21,Carbon dioxide equivalents
2017.12,HHD,Households,Methane,Actual,Kilotonnes,33,Carbon dioxide equivalents
2017.12,HHD,Households,Carbon dioxide,Actual,Kilotonnes,2193,Carbon dioxide equivalents
2017.12,HHD,Households,Carbon dioxide equivalents,Actual,Kilotonnes,2281,Carbon dioxide equivalents
2017.12,HHD,Households,Fluorinated gases,Actual,Kilotonnes,35,Carbon dioxide equivalents
2017.12,HHD,Households,Nitrous oxide,Actual,Kilotonnes,21,Carbon dioxide equivalents
2018.03,HHD,Households,Methane,Seasonally adjusted,Kilotonnes,49,Carbon dioxide equivalents
2018.03,HHD,Households,Carbon dioxide,Seasonally adjusted,Kilotonnes,2109,Carbon dioxide equivalents
2018.03,HHD,Households,Carbon dioxide equivalents,Seasonally adjusted,Kilotonnes,2210,Carbon dioxide equivalents
2018.03,HHD,Households,Fluorinated gases,Seasonally adjusted,Kilotonnes,34,Carbon dioxide equivalents
2018.03,HHD,Households,Nitrous oxide,Seasonally adjusted,Kilotonnes,21,Carbon dioxide equivalents
2018.03,HHD,Households,Methane,Actual,Kilotonnes,33,Carbon dioxide equivalents
2018.03,HHD,Households,Carbon dioxide,Actual,Kilotonnes,2087,Carbon dioxide equivalents
2018.03,HHD,Households,Carbon dioxide equivalents,Actual,Kilotonnes,2175,Carbon dioxide equivalents
2018.03,HHD,Households,Fluorinated gases,Actual,Kilotonnes,34,Carbon dioxide equivalents
2018.03,HHD,Households,Nitrous oxide,Actual,Kilotonnes,20,Carbon dioxide equivalents
2018.06,HHD,Households,Methane,Seasonally adjusted,Kilotonnes,45,Carbon dioxide equivalents
2018.06,HHD,Households,Carbon dioxide,Seasonally adjusted,Kilotonnes,2126,Carbon dioxide equivalents
2018.06,HHD,Households,Carbon dioxide equivalents,Seasonally adjusted,Kilotonnes,2225,Carbon dioxide equivalents
2018.06,HHD,Households,Fluorinated gases,Seasonally adjusted,Kilotonnes,34,Carbon dioxide equivalents
2018.06,HHD,Households,Nitrous oxide,Seasonally adjusted,Kilotonnes,21,Carbon dioxide equivalents
2018.06,HHD,Households,Methane,Actual,Kilotonnes,52,Carbon dioxide equivalents
2018.06,HHD,Households,Carbon dioxide,Actual,Kilotonnes,2084,Carbon dioxide equivalents
2018.06,HHD,Households,Carbon dioxide equivalents,Actual,Kilotonnes,2192,Carbon dioxide equivalents
2018.06,HHD,Households,Fluorinated gases,Actual,Kilotonnes,34,Carbon dioxide equivalents
2018.06,HHD,Households,Nitrous oxide,Actual,Kilotonnes,22,Carbon dioxide equivalents
2018.09,HHD,Households,Methane,Seasonally adjusted,Kilotonnes,45,Carbon dioxide equivalents
2018.09,HHD,Households,Carbon dioxide,Seasonally adjusted,Kilotonnes,2100,Carbon dioxide equivalents
2018.09,HHD,Households,Carbon dioxide equivalents,Seasonally adjusted,Kilotonnes,2199,Carbon dioxide equivalents
2018.09,HHD,Households,Fluorinated gases,Seasonally adjusted,Kilotonnes,33,Carbon dioxide equivalents
2018.09,HHD,Households,Nitrous oxide,Seasonally adjusted,Kilotonnes,21,Carbon dioxide equivalents
2018.09,HHD,Households,Methane,Actual,Kilotonnes,62,Carbon dioxide equivalents
2018.09,HHD,Households,Carbon dioxide,Actual,Kilotonnes,2096,Carbon dioxide equivalents
2018.09,HHD,Households,Carbon dioxide equivalents,Actual,Kilotonnes,2214,Carbon dioxide equivalents
2018.09,HHD,Households,Fluorinated gases,Actual,Kilotonnes,33,Carbon dioxide equivalents
2018.09,HHD,Households,Nitrous oxide,Actual,Kilotonnes,22,Carbon dioxide equivalents
2018.12,HHD,Households,Methane,Seasonally adjusted,Kilotonnes,43,Carbon dioxide equivalents
2018.12,HHD,Households,Carbon dioxide,Seasonally adjusted,Kilotonnes,2112,Carbon dioxide equivalents
2018.12,HHD,Households,Carbon dioxide equivalents,Seasonally adjusted,Kilotonnes,2212,Carbon dioxide equivalents
2018.12,HHD,Households,Fluorinated gases,Seasonally adjusted,Kilotonnes,34,Carbon dioxide equivalents
2018.12,HHD,Households,Nitrous oxide,Seasonally adjusted,Kilotonnes,20,Carbon dioxide equivalents
2018.12,HHD,Households,Methane,Actual,Kilotonnes,33,Carbon dioxide equivalents
2018.12,HHD,Households,Carbon dioxide,Actual,Kilotonnes,2183,Carbon dioxide equivalents
2018.12,HHD,Households,Carbon dioxide equivalents,Actual,Kilotonnes,2269,Carbon dioxide equivalents
2018.12,HHD,Households,Fluorinated gases,Actual,Kilotonnes,34,Carbon dioxide equivalents
2018.12,HHD,Households,Nitrous oxide,Actual,Kilotonnes,19,Carbon dioxide equivalents
2019.03,HHD,Households,Methane,Seasonally adjusted,Kilotonnes,43,Carbon dioxide equivalents
2019.03,HHD,Households,Carbon dioxide,Seasonally adjusted,Kilotonnes,2108,Carbon dioxide equivalents
2019.03,HHD,Households,Carbon dioxide equivalents,Seasonally adjusted,Kilotonnes,2206,Carbon dioxide equivalents
2019.03,HHD,Households,Fluorinated gases,Seasonally adjusted,Kilotonnes,33,Carbon dioxide equivalents
2019.03,HHD,Households,Nitrous oxide,Seasonally adjusted,Kilotonnes,20,Carbon dioxide equivalents
2019.03,HHD,Households,Methane,Actual,Kilotonnes,32,Carbon dioxide equivalents
2019.03,HHD,Households,Carbon dioxide,Actual,Kilotonnes,2085,Carbon dioxide equivalents
2019.03,HHD,Households,Carbon dioxide equivalents,Actual,Kilotonnes,2169,Carbon dioxide equivalents
2019.03,HHD,Households,Fluorinated gases,Actual,Kilotonnes,33,Carbon dioxide equivalents
2019.03,HHD,Households,Nitrous oxide,Actual,Kilotonnes,19,Carbon dioxide equivalents
2019.06,HHD,Households,Methane,Seasonally adjusted,Kilotonnes,45,Carbon dioxide equivalents
2019.06,HHD,Households,Carbon dioxide,Seasonally adjusted,Kilotonnes,2123,Carbon dioxide equivalents
2019.06,HHD,Households,Carbon dioxide equivalents,Seasonally adjusted,Kilotonnes,2220,Carbon dioxide equivalents
2019.06,HHD,Households,Fluorinated gases,Seasonally adjusted,Kilotonnes,32,Carbon dioxide equivalents
2019.06,HHD,Households,Nitrous oxide,Seasonally adjusted,Kilotonnes,20,Carbon dioxide equivalents
2019.06,HHD,Households,Methane,Actual,Kilotonnes,52,Carbon dioxide equivalents
2019.06,HHD,Households,Carbon dioxide,Actual,Kilotonnes,2080,Carbon dioxide equivalents
2019.06,HHD,Households,Carbon dioxide equivalents,Actual,Kilotonnes,2185,Carbon dioxide equivalents
2019.06,HHD,Households,Fluorinated gases,Actual,Kilotonnes,32,Carbon dioxide equivalents
2019.06,HHD,Households,Nitrous oxide,Actual,Kilotonnes,21,Carbon dioxide equivalents
2019.09,HHD,Households,Methane,Seasonally adjusted,Kilotonnes,45,Carbon dioxide equivalents
2019.09,HHD,Households,Carbon dioxide,Seasonally adjusted,Kilotonnes,2109,Carbon dioxide equivalents
2019.09,HHD,Households,Carbon dioxide equivalents,Seasonally adjusted,Kilotonnes,2205,Carbon dioxide equivalents
2019.09,HHD,Households,Fluorinated gases,Seasonally adjusted,Kilotonnes,32,Carbon dioxide equivalents
2019.09,HHD,Households,Nitrous oxide,Seasonally adjusted,Kilotonnes,20,Carbon dioxide equivalents
2019.09,HHD,Households,Methane,Actual,Kilotonnes,62,Carbon dioxide equivalents
2019.09,HHD,Households,Carbon dioxide,Actual,Kilotonnes,2106,Carbon dioxide equivalents
2019.09,HHD,Households,Carbon dioxide equivalents,Actual,Kilotonnes,2222,Carbon dioxide equivalents
2019.09,HHD,Households,Fluorinated gases,Actual,Kilotonnes,32,Carbon dioxide equivalents
2019.09,HHD,Households,Nitrous oxide,Actual,Kilotonnes,22,Carbon dioxide equivalents
2019.12,HHD,Households,Methane,Seasonally adjusted,Kilotonnes,46,Carbon dioxide equivalents
2019.12,HHD,Households,Carbon dioxide,Seasonally adjusted,Kilotonnes,2113,Carbon dioxide equivalents
2019.12,HHD,Households,Carbon dioxide equivalents,Seasonally adjusted,Kilotonnes,2212,Carbon dioxide equivalents
2019.12,HHD,Households,Fluorinated gases,Seasonally adjusted,Kilotonnes,33,Carbon dioxide equivalents
2019.12,HHD,Households,Nitrous oxide,Seasonally adjusted,Kilotonnes,20,Carbon dioxide equivalents
2019.12,HHD,Households,Methane,Actual,Kilotonnes,33,Carbon dioxide equivalents
2019.12,HHD,Households,Carbon dioxide,Actual,Kilotonnes,2185,Carbon dioxide equivalents
2019.12,HHD,Households,Carbon dioxide equivalents,Actual,Kilotonnes,2270,Carbon dioxide equivalents
2019.12,HHD,Households,Fluorinated gases,Actual,Kilotonnes,33,Carbon dioxide equivalents
2019.12,HHD,Households,Nitrous oxide,Actual,Kilotonnes,19,Carbon dioxide equivalents
2020.03,HHD,Households,Methane,Seasonally adjusted,Kilotonnes,46,Carbon dioxide equivalents
2020.03,HHD,Households,Carbon dioxide,Seasonally adjusted,Kilotonnes,2097,Carbon dioxide equivalents
2020.03,HHD,Households,Carbon dioxide equivalents,Seasonally adjusted,Kilotonnes,2195,Carbon dioxide equivalents
2020.03,HHD,Households,Fluorinated gases,Seasonally adjusted,Kilotonnes,33,Carbon dioxide equivalents
2020.03,HHD,Households,Nitrous oxide,Seasonally adjusted,Kilotonnes,20,Carbon dioxide equivalents
2020.03,HHD,Households,Methane,Actual,Kilotonnes,33,Carbon dioxide equivalents
2020.03,HHD,Households,Carbon dioxide,Actual,Kilotonnes,2068,Carbon dioxide equivalents
2020.03,HHD,Households,Carbon dioxide equivalents,Actual,Kilotonnes,2152,Carbon dioxide equivalents
2020.03,HHD,Households,Fluorinated gases,Actual,Kilotonnes,33,Carbon dioxide equivalents
2020.03,HHD,Households,Nitrous oxide,Actual,Kilotonnes,18,Carbon dioxide equivalents
2020.06,HHD,Households,Methane,Seasonally adjusted,Kilotonnes,44,Carbon dioxide equivalents
2020.06,HHD,Households,Carbon dioxide,Seasonally adjusted,Kilotonnes,1473,Carbon dioxide equivalents
2020.06,HHD,Households,Carbon dioxide equivalents,Seasonally adjusted,Kilotonnes,1559,Carbon dioxide equivalents
2020.06,HHD,Households,Fluorinated gases,Seasonally adjusted,Kilotonnes,27,Carbon dioxide equivalents
2020.06,HHD,Households,Nitrous oxide,Seasonally adjusted,Kilotonnes,16,Carbon dioxide equivalents
2020.06,HHD,Households,Methane,Actual,Kilotonnes,51,Carbon dioxide equivalents
2020.06,HHD,Households,Carbon dioxide,Actual,Kilotonnes,1443,Carbon dioxide equivalents
2020.06,HHD,Households,Carbon dioxide equivalents,Actual,Kilotonnes,1537,Carbon dioxide equivalents
2020.06,HHD,Households,Fluorinated gases,Actual,Kilotonnes,27,Carbon dioxide equivalents
2020.06,HHD,Households,Nitrous oxide,Actual,Kilotonnes,17,Carbon dioxide equivalents
2020.09,HHD,Households,Methane,Seasonally adjusted,Kilotonnes,45,Carbon dioxide equivalents
2020.09,HHD,Households,Carbon dioxide,Seasonally adjusted,Kilotonnes,2118,Carbon dioxide equivalents
2020.09,HHD,Households,Carbon dioxide equivalents,Seasonally adjusted,Kilotonnes,2214,Carbon dioxide equivalents
2020.09,HHD,Households,Fluorinated gases,Seasonally adjusted,Kilotonnes,31,Carbon dioxide equivalents
2020.09,HHD,Households,Nitrous oxide,Seasonally adjusted,Kilotonnes,20,Carbon dioxide equivalents
2020.09,HHD,Households,Methane,Actual,Kilotonnes,63,Carbon dioxide equivalents
2020.09,HHD,Households,Carbon dioxide,Actual,Kilotonnes,2120,Carbon dioxide equivalents
2020.09,HHD,Households,Carbon dioxide equivalents,Actual,Kilotonnes,2235,Carbon dioxide equivalents
2020.09,HHD,Households,Fluorinated gases,Actual,Kilotonnes,31,Carbon dioxide equivalents
2020.09,HHD,Households,Nitrous oxide,Actual,Kilotonnes,22,Carbon dioxide equivalents
2020.12,HHD,Households,Methane,Seasonally adjusted,Kilotonnes,47,Carbon dioxide equivalents
2020.12,HHD,Households,Carbon dioxide,Seasonally adjusted,Kilotonnes,2188,Carbon dioxide equivalents
2020.12,HHD,Households,Carbon dioxide equivalents,Seasonally adjusted,Kilotonnes,2285,Carbon dioxide equivalents
2020.12,HHD,Households,Fluorinated gases,Seasonally adjusted,Kilotonnes,32,Carbon dioxide equivalents
2020.12,HHD,Households,Nitrous oxide,Seasonally adjusted,Kilotonnes,20,Carbon dioxide equivalents
2020.12,HHD,Households,Methane,Actual,Kilotonnes,33,Carbon dioxide equivalents
2020.12,HHD,Households,Carbon dioxide,Actual,Kilotonnes,2263,Carbon dioxide equivalents
2020.12,HHD,Households,Carbon dioxide equivalents,Actual,Kilotonnes,2347,Carbon dioxide equivalents
2020.12,HHD,Households,Fluorinated gases,Actual,Kilotonnes,32,Carbon dioxide equivalents
2020.12,HHD,Households,Nitrous oxide,Actual,Kilotonnes,19,Carbon dioxide equivalents
2021.03,HHD,Households,Methane,Seasonally adjusted,Kilotonnes,45,Carbon dioxide equivalents
2021.03,HHD,Households,Carbon dioxide,Seasonally adjusted,Kilotonnes,2126,Carbon dioxide equivalents
2021.03,HHD,Households,Carbon dioxide equivalents,Seasonally adjusted,Kilotonnes,2220,Carbon dioxide equivalents
2021.03,HHD,Households,Fluorinated gases,Seasonally adjusted,Kilotonnes,30,Carbon dioxide equivalents
2021.03,HHD,Households,Nitrous oxide,Seasonally adjusted,Kilotonnes,19,Carbon dioxide equivalents
2021.03,HHD,Households,Methane,Actual,Kilotonnes,33,Carbon dioxide equivalents
2021.03,HHD,Households,Carbon dioxide,Actual,Kilotonnes,2101,Carbon dioxide equivalents
2021.03,HHD,Households,Carbon dioxide equivalents,Actual,Kilotonnes,2182,Carbon dioxide equivalents
2021.03,HHD,Households,Fluorinated gases,Actual,Kilotonnes,30,Carbon dioxide equivalents
2021.03,HHD,Households,Nitrous oxide,Actual,Kilotonnes,18,Carbon dioxide equivalents
2021.06,HHD,Households,Methane,Seasonally adjusted,Kilotonnes,46,Carbon dioxide equivalents
2021.06,HHD,Households,Carbon dioxide,Seasonally adjusted,Kilotonnes,2220,Carbon dioxide equivalents
2021.06,HHD,Households,Carbon dioxide equivalents,Seasonally adjusted,Kilotonnes,2314,Carbon dioxide equivalents
2021.06,HHD,Households,Fluorinated gases,Seasonally adjusted,Kilotonnes,29,Carbon dioxide equivalents
2021.06,HHD,Households,Nitrous oxide,Seasonally adjusted,Kilotonnes,19,Carbon dioxide equivalents
2021.06,HHD,Households,Methane,Actual,Kilotonnes,53,Carbon dioxide equivalents
2021.06,HHD,Households,Carbon dioxide,Actual,Kilotonnes,2167,Carbon dioxide equivalents
2021.06,HHD,Households,Carbon dioxide equivalents,Actual,Kilotonnes,2269,Carbon dioxide equivalents
2021.06,HHD,Households,Fluorinated gases,Actual,Kilotonnes,29,Carbon dioxide equivalents
2021.06,HHD,Households,Nitrous oxide,Actual,Kilotonnes,20,Carbon dioxide equivalents
2021.09,HHD,Households,Methane,Seasonally adjusted,Kilotonnes,45,Carbon dioxide equivalents
2021.09,HHD,Households,Carbon dioxide,Seasonally adjusted,Kilotonnes,1816,Carbon dioxide equivalents
2021.09,HHD,Households,Carbon dioxide equivalents,Seasonally adjusted,Kilotonnes,1904,Carbon dioxide equivalents
2021.09,HHD,Households,Fluorinated gases,Seasonally adjusted,Kilotonnes,26,Carbon dioxide equivalents
2021.09,HHD,Households,Nitrous oxide,Seasonally adjusted,Kilotonnes,17,Carbon dioxide equivalents
2021.09,HHD,Households,Methane,Actual,Kilotonnes,62,Carbon dioxide equivalents
2021.09,HHD,Households,Carbon dioxide,Actual,Kilotonnes,1831,Carbon dioxide equivalents
2021.09,HHD,Households,Carbon dioxide equivalents,Actual,Kilotonnes,1938,Carbon dioxide equivalents
2021.09,HHD,Households,Fluorinated gases,Actual,Kilotonnes,26,Carbon dioxide equivalents
2021.09,HHD,Households,Nitrous oxide,Actual,Kilotonnes,19,Carbon dioxide equivalents
2021.12,HHD,Households,Methane,Seasonally adjusted,Kilotonnes,45,Carbon dioxide equivalents
2021.12,HHD,Households,Carbon dioxide,Seasonally adjusted,Kilotonnes,1916,Carbon dioxide equivalents
2021.12,HHD,Households,Carbon dioxide equivalents,Seasonally adjusted,Kilotonnes,2007,Carbon dioxide equivalents
2021.12,HHD,Households,Fluorinated gases,Seasonally adjusted,Kilotonnes,28,Carbon dioxide equivalents
2021.12,HHD,Households,Nitrous oxide,Seasonally adjusted,Kilotonnes,18,Carbon dioxide equivalents
2021.12,HHD,Households,Methane,Actual,Kilotonnes,33,Carbon dioxide equivalents
2021.12,HHD,Households,Carbon dioxide,Actual,Kilotonnes,1976,Carbon dioxide equivalents
2021.12,HHD,Households,Carbon dioxide equivalents,Actual,Kilotonnes,2054,Carbon dioxide equivalents
2021.12,HHD,Households,Fluorinated gases,Actual,Kilotonnes,28,Carbon dioxide equivalents
2021.12,HHD,Households,Nitrous oxide,Actual,Kilotonnes,16,Carbon dioxide equivalents
2022.03,HHD,Households,Methane,Seasonally adjusted,Kilotonnes,45,Carbon dioxide equivalents
2022.03,HHD,Households,Carbon dioxide,Seasonally adjusted,Kilotonnes,1886,Carbon dioxide equivalents
2022.03,HHD,Households,Carbon dioxide equivalents,Seasonally adjusted,Kilotonnes,1976,Carbon dioxide equivalents
2022.03,HHD,Households,Fluorinated gases,Seasonally adjusted,Kilotonnes,28,Carbon dioxide equivalents
2022.03,HHD,Households,Nitrous oxide,Seasonally adjusted,Kilotonnes,17,Carbon dioxide equivalents
2022.03,HHD,Households,Methane,Actual,Kilotonnes,33,Carbon dioxide equivalents
2022.03,HHD,Households,Carbon dioxide,Actual,Kilotonnes,1862,Carbon dioxide equivalents
2022.03,HHD,Households,Carbon dioxide equivalents,Actual,Kilotonnes,1940,Carbon dioxide equivalents
2022.03,HHD,Households,Fluorinated gases,Actual,Kilotonnes,28,Carbon dioxide equivalents
2022.03,HHD,Households,Nitrous oxide,Actual,Kilotonnes,16,Carbon dioxide equivalents
2022.06,HHD,Households,Methane,Seasonally adjusted,Kilotonnes,45,Carbon dioxide equivalents
2022.06,HHD,Households,Carbon dioxide,Seasonally adjusted,Kilotonnes,1933,Carbon dioxide equivalents
2022.06,HHD,Households,Carbon dioxide equivalents,Seasonally adjusted,Kilotonnes,2024,Carbon dioxide equivalents
2022.06,HHD,Households,Fluorinated gases,Seasonally adjusted,Kilotonnes,29,Carbon dioxide equivalents
2022.06,HHD,Households,Nitrous oxide,Seasonally adjusted,Kilotonnes,17,Carbon dioxide equivalents
2022.06,HHD,Households,Methane,Actual,Kilotonnes,52,Carbon dioxide equivalents
2022.06,HHD,Households,Carbon dioxide,Actual,Kilotonnes,1884,Carbon dioxide equivalents
2022.06,HHD,Households,Carbon dioxide equivalents,Actual,Kilotonnes,1983,Carbon dioxide equivalents
2022.06,HHD,Households,Fluorinated gases,Actual,Kilotonnes,29,Carbon dioxide equivalents
2022.06,HHD,Households,Nitrous oxide,Actual,Kilotonnes,18,Carbon dioxide equivalents
2022.09,HHD,Households,Methane,Seasonally adjusted,Kilotonnes,46,Carbon dioxide equivalents
2022.09,HHD,Households,Carbon dioxide,Seasonally adjusted,Kilotonnes,1981,Carbon dioxide equivalents
2022.09,HHD,Households,Carbon dioxide equivalents,Seasonally adjusted,Kilotonnes,2074,Carbon dioxide equivalents
2022.09,HHD,Households,Fluorinated gases,Seasonally adjusted,Kilotonnes,29,Carbon dioxide equivalents
2022.09,HHD,Households,Nitrous oxide,Seasonally adjusted,Kilotonnes,18,Carbon dioxide equivalents
2022.09,HHD,Households,Methane,Actual,Kilotonnes,63,Carbon dioxide equivalents
2022.09,HHD,Households,Carbon dioxide,Actual,Kilotonnes,1989,Carbon dioxide equivalents
2022.09,HHD,Households,Carbon dioxide equivalents,Actual,Kilotonnes,2100,Carbon dioxide equivalents
2022.09,HHD,Households,Fluorinated gases,Actual,Kilotonnes,29,Carbon dioxide equivalents
2022.09,HHD,Households,Nitrous oxide,Actual,Kilotonnes,20,Carbon dioxide equivalents
2022.12,HHD,Households,Methane,Seasonally adjusted,Kilotonnes,45,Carbon dioxide equivalents
2022.12,HHD,Households,Carbon dioxide,Seasonally adjusted,Kilotonnes,1967,Carbon dioxide equivalents
2022.12,HHD,Households,Carbon dioxide equivalents,Seasonally adjusted,Kilotonnes,2060,Carbon dioxide equivalents
2022.12,HHD,Households,Fluorinated gases,Seasonally adjusted,Kilotonnes,30,Carbon dioxide equivalents
2022.12,HHD,Households,Nitrous oxide,Seasonally adjusted,Kilotonnes,18,Carbon dioxide equivalents
2022.12,HHD,Households,Methane,Actual,Kilotonnes,34,Carbon dioxide equivalents
2022.12,HHD,Households,Carbon dioxide,Actual,Kilotonnes,2027,Carbon dioxide equivalents
2022.12,HHD,Households,Carbon dioxide equivalents,Actual,Kilotonnes,2107,Carbon dioxide equivalents
2022.12,HHD,Households,Fluorinated gases,Actual,Kilotonnes,30,Carbon dioxide equivalents
2022.12,HHD,Households,Nitrous oxide,Actual,Kilotonnes,16,Carbon dioxide equivalents
2023.03,HHD,Households,Methane,Seasonally adjusted,Kilotonnes,45,Carbon dioxide equivalents
2023.03,HHD,Households,Carbon dioxide,Seasonally adjusted,Kilotonnes,1975,Carbon dioxide equivalents
2023.03,HHD,Households,Carbon dioxide equivalents,Seasonally adjusted,Kilotonnes,2067,Carbon dioxide equivalents
2023.03,HHD,Households,Fluorinated gases,Seasonally adjusted,Kilotonnes,29,Carbon dioxide equivalents
2023.03,HHD,Households,Nitrous oxide,Seasonally adjusted,Kilotonnes,18,Carbon dioxide equivalents
2023.03,HHD,Households,Methane,Actual,Kilotonnes,34,Carbon dioxide equivalents
2023.03,HHD,Households,Carbon dioxide,Actual,Kilotonnes,1954,Carbon dioxide equivalents
2023.03,HHD,Households,Carbon dioxide equivalents,Actual,Kilotonnes,2034,Carbon dioxide equivalents
2023.03,HHD,Households,Fluorinated gases,Actual,Kilotonnes,29,Carbon dioxide equivalents
2023.03,HHD,Households,Nitrous oxide,Actual,Kilotonnes,16,Carbon dioxide equivalents
2023.06,HHD,Households,Methane,Seasonally adjusted,Kilotonnes,46,Carbon dioxide equivalents
2023.06,HHD,Households,Carbon dioxide,Seasonally adjusted,Kilotonnes,2060,Carbon dioxide equivalents
2023.06,HHD,Households,Carbon dioxide equivalents,Seasonally adjusted,Kilotonnes,2153,Carbon dioxide equivalents
2023.06,HHD,Households,Fluorinated gases,Seasonally adjusted,Kilotonnes,29,Carbon dioxide equivalents
2023.06,HHD,Households,Nitrous oxide,Seasonally adjusted,Kilotonnes,18,Carbon dioxide equivalents
2023.06,HHD,Households,Methane,Actual,Kilotonnes,53,Carbon dioxide equivalents
2023.06,HHD,Households,Carbon dioxide,Actual,Kilotonnes,2007,Carbon dioxide equivalents
2023.06,HHD,Households,Carbon dioxide equivalents,Actual,Kilotonnes,2107,Carbon dioxide equivalents
2023.06,HHD,Households,Fluorinated gases,Actual,Kilotonnes,29,Carbon dioxide equivalents
2023.06,HHD,Households,Nitrous oxide,Actual,Kilotonnes,19,Carbon dioxide equivalents
2023.09,HHD,Households,Methane,Seasonally adjusted,Kilotonnes,46,Carbon dioxide equivalents
2023.09,HHD,Households,Carbon dioxide,Seasonally adjusted,Kilotonnes,1936,Carbon dioxide equivalents
2023.09,HHD,Households,Carbon dioxide equivalents,Seasonally adjusted,Kilotonnes,2026,Carbon dioxide equivalents
2023.09,HHD,Households,Fluorinated gases,Seasonally adjusted,Kilotonnes,28,Carbon dioxide equivalents
2023.09,HHD,Households,Nitrous oxide,Seasonally adjusted,Kilotonnes,17,Carbon dioxide equivalents
2023.09,HHD,Households,Methane,Actual,Kilotonnes,63,Carbon dioxide equivalents
2023.09,HHD,Households,Carbon dioxide,Actual,Kilotonnes,1949,Carbon dioxide equivalents
2023.09,HHD,Households,Carbon dioxide equivalents,Actual,Kilotonnes,2058,Carbon dioxide equivalents
2023.09,HHD,Households,Fluorinated gases,Actual,Kilotonnes,28,Carbon dioxide equivalents
2023.09,HHD,Households,Nitrous oxide,Actual,Kilotonnes,19,Carbon dioxide equivalents
2023.12,HHD,Households,Methane,Seasonally adjusted,Kilotonnes,46,Carbon dioxide equivalents
2023.12,HHD,Households,Carbon dioxide,Seasonally adjusted,Kilotonnes,1982,Carbon dioxide equivalents
2023.12,HHD,Households,Carbon dioxide equivalents,Seasonally adjusted,Kilotonnes,2075,Carbon dioxide equivalents
2023.12,HHD,Households,Fluorinated gases,Seasonally adjusted,Kilotonnes,29,Carbon dioxide equivalents
2023.12,HHD,Households,Nitrous oxide,Seasonally adjusted,Kilotonnes,17,Carbon dioxide equivalents
2023.12,HHD,Households,Methane,Actual,Kilotonnes,34,Carbon dioxide equivalents
2023.12,HHD,Households,Carbon dioxide,Actual,Kilotonnes,2040,Carbon dioxide equivalents
2023.12,HHD,Households,Carbon dioxide equivalents,Actual,Kilotonnes,2118,Carbon dioxide equivalents
2023.12,HHD,Households,Fluorinated gases,Actual,Kilotonnes,29,Carbon dioxide equivalents
2023.12,HHD,Households,Nitrous oxide,Actual,Kilotonnes,16,Carbon dioxide equivalents
2024.03,HHD,Households,Methane,Seasonally adjusted,Kilotonnes,46,Carbon dioxide equivalents
2024.03,HHD,Households,Carbon dioxide,Seasonally adjusted,Kilotonnes,2004,Carbon dioxide equivalents
2024.03,HHD,Households,Carbon dioxide equivalents,Seasonally adjusted,Kilotonnes,2096,Carbon dioxide equivalents
2024.03,HHD,Households,Fluorinated gases,Seasonally adjusted,Kilotonnes,28,Carbon dioxide equivalents
2024.03,HHD,Households,Nitrous oxide,Seasonally adjusted,Kilotonnes,17,Carbon dioxide equivalents
2024.03,HHD,Households,Methane,Actual,Kilotonnes,34,Carbon dioxide equivalents
2024.03,HHD,Households,Carbon dioxide,Actual,Kilotonnes,1984,Carbon dioxide equivalents
2024.03,HHD,Households,Carbon dioxide equivalents,Actual,Kilotonnes,2061,Carbon dioxide equivalents
2024.03,HHD,Households,Fluorinated gases,Actual,Kilotonnes,28,Carbon dioxide equivalents
2024.03,HHD,Households,Nitrous oxide,Actual,Kilotonnes,16,Carbon dioxide equivalents
2024.06,HHD,Households,Methane,Seasonally adjusted,Kilotonnes,46,Carbon dioxide equivalents
2024.06,HHD,Households,Carbon dioxide,Seasonally adjusted,Kilotonnes,1968,Carbon dioxide equivalents
2024.06,HHD,Households,Carbon dioxide equivalents,Seasonally adjusted,Kilotonnes,2057,Carbon dioxide equivalents
2024.06,HHD,Households,Fluorinated gases,Seasonally adjusted,Kilotonnes,27,Carbon dioxide equivalents
2024.06,HHD,Households,Nitrous oxide,Seasonally adjusted,Kilotonnes,17,Carbon dioxide equivalents
2024.06,HHD,Households,Methane,Actual,Kilotonnes,53,Carbon dioxide equivalents
2024.06,HHD,Households,Carbon dioxide,Actual,Kilotonnes,1918,Carbon dioxide equivalents
2024.06,HHD,Households,Carbon dioxide equivalents,Actual,Kilotonnes,2016,Carbon dioxide equivalents
2024.06,HHD,Households,Fluorinated gases,Actual,Kilotonnes,27,Carbon dioxide equivalents
2024.06,HHD,Households,Nitrous oxide,Actual,Kilotonnes,17,Carbon dioxide equivalents
2024.09,HHD,Households,Methane,Seasonally adjusted,Kilotonnes,46,Carbon dioxide equivalents
2024.09,HHD,Households,Carbon dioxide,Seasonally adjusted,Kilotonnes,1967,Carbon dioxide equivalents
2024.09,HHD,Households,Carbon dioxide equivalents,Seasonally adjusted,Kilotonnes,2057,Carbon dioxide equivalents
2024.09,HHD,Households,Fluorinated gases,Seasonally adjusted,Kilotonnes,27,Carbon dioxide equivalents
2024.09,HHD,Households,Nitrous oxide,Seasonally adjusted,Kilotonnes,17,Carbon dioxide equivalents
2024.09,HHD,Households,Methane,Actual,Kilotonnes,63,Carbon dioxide equivalents
2024.09,HHD,Households,Carbon dioxide,Actual,Kilotonnes,1976,Carbon dioxide equivalents
2024.09,HHD,Households,Carbon dioxide equivalents,Actual,Kilotonnes,2085,Carbon dioxide equivalents
2024.09,HHD,Households,Fluorinated gases,Actual,Kilotonnes,27,Carbon dioxide equivalents
2024.09,HHD,Households,Nitrous oxide,Actual,Kilotonnes,19,Carbon dioxide equivalents
2024.12,HHD,Households,Methane,Seasonally adjusted,Kilotonnes,46,Carbon dioxide equivalents
2024.12,HHD,Households,Carbon dioxide,Seasonally adjusted,Kilotonnes,1955,Carbon dioxide equivalents
2024.12,HHD,Households,Carbon dioxide equivalents,Seasonally adjusted,Kilotonnes,2046,Carbon dioxide equivalents
2024.12,HHD,Households,Fluorinated gases,Seasonally adjusted,Kilotonnes,28,Carbon dioxide equivalents
2024.12,HHD,Households,Nitrous oxide,Seasonally adjusted,Kilotonnes,17,Carbon dioxide equivalents
2024.12,HHD,Households,Methane,Actual,Kilotonnes,34,Carbon dioxide equivalents
2024.12,HHD,Households,Carbon dioxide,Actual,Kilotonnes,2011,Carbon dioxide equivalents
2024.12,HHD,Households,Carbon dioxide equivalents,Actual,Kilotonnes,2088,Carbon dioxide equivalents
2024.12,HHD,Households,Fluorinated gases,Actual,Kilotonnes,28,Carbon dioxide equivalents
2024.12,HHD,Households,Nitrous oxide,Actual,Kilotonnes,15,Carbon dioxide equivalents
2025.03,HHD,Households,Methane,Seasonally adjusted,Kilotonnes,46,Carbon dioxide equivalents
2025.03,HHD,Households,Carbon dioxide,Seasonally adjusted,Kilotonnes,1931,Carbon dioxide equivalents
2025.03,HHD,Households,Carbon dioxide equivalents,Seasonally adjusted,Kilotonnes,2021,Carbon dioxide equivalents
2025.03,HHD,Households,Fluorinated gases,Seasonally adjusted,Kilotonnes,27,Carbon dioxide equivalents
2025.03,HHD,Households,Nitrous oxide,Seasonally adjusted,Kilotonnes,16,Carbon dioxide equivalents
2025.03,HHD,Households,Methane,Actual,Kilotonnes,34,Carbon dioxide equivalents
2025.03,HHD,Households,Carbon dioxide,Actual,Kilotonnes,1916,Carbon dioxide equivalents
2025.03,HHD,Households,Carbon dioxide equivalents,Actual,Kilotonnes,1993,Carbon dioxide equivalents
2025.03,HHD,Households,Fluorinated gases,Actual,Kilotonnes,27,Carbon dioxide equivalents
2025.03,HHD,Households,Nitrous oxide,Actual,Kilotonnes,15,Carbon dioxide equivalents
2025.06,HHD,Households,Methane,Seasonally adjusted,Kilotonnes,46,Carbon dioxide equivalents
2025.06,HHD,Households,Carbon dioxide,Seasonally adjusted,Kilotonnes,1926,Carbon dioxide equivalents
2025.06,HHD,Households,Carbon dioxide equivalents,Seasonally adjusted,Kilotonnes,2016,Carbon dioxide equivalents
2025.06,HHD,Households,Fluorinated gases,Seasonally adjusted,Kilotonnes,27,Carbon dioxide equivalents
2025.06,HHD,Households,Nitrous oxide,Seasonally adjusted,Kilotonnes,17,Carbon dioxide equivalents
2025.06,HHD,Households,Methane,Actual,Kilotonnes,53,Carbon dioxide equivalents
2025.06,HHD,Households,Carbon dioxide,Actual,Kilotonnes,1877,Carbon dioxide equivalents
2025.06,HHD,Households,Carbon dioxide equivalents,Actual,Kilotonnes,1974,Carbon dioxide equivalents
2025.06,HHD,Households,Fluorinated gases,Actual,Kilotonnes,27,Carbon dioxide equivalents
2025.06,HHD,Households,Nitrous oxide,Actual,Kilotonnes,17,Carbon dioxide equivalents
2025.09,HHD,Households,Methane,Seasonally adjusted,Kilotonnes,46,Carbon dioxide equivalents
2025.09,HHD,Households,Carbon dioxide,Seasonally adjusted,Kilotonnes,1919,Carbon dioxide equivalents
2025.09,HHD,Households,Carbon dioxide equivalents,Seasonally adjusted,Kilotonnes,2010,Carbon dioxide equivalents
2025.09,HHD,Households,Fluorinated gases,Seasonally adjusted,Kilotonnes,27,Carbon dioxide equivalents
2025.09,HHD,Households,Nitrous oxide,Seasonally adjusted,Kilotonnes,17,Carbon dioxide equivalents
2025.09,HHD,Households,Methane,Actual,Kilotonnes,64,Carbon dioxide equivalents
2025.09,HHD,Households,Carbon dioxide,Actual,Kilotonnes,1926,Carbon dioxide equivalents
2025.09,HHD,Households,Carbon dioxide equivalents,Actual,Kilotonnes,2035,Carbon dioxide equivalents
2025.09,HHD,Households,Fluorinated gases,Actual,Kilotonnes,27,Carbon dioxide equivalents
2025.09,HHD,Households,Nitrous oxide,Actual,Kilotonnes,19,Carbon dioxide equivalents
2025.12,HHD,Households,Methane,Seasonally adjusted,Kilotonnes,46,Carbon dioxide equivalents
2025.12,HHD,Households,Carbon dioxide,Seasonally adjusted,Kilotonnes,1903,Carbon dioxide equivalents
2025.12,HHD,Households,Carbon dioxide equivalents,Seasonally adjusted,Kilotonnes,1993,Carbon dioxide equivalents
2025.12,HHD,Households,Fluorinated gases,Seasonally adjusted,Kilotonnes,28,Carbon dioxide equivalents
2025.12,HHD,Households,Nitrous oxide,Seasonally adjusted,Kilotonnes,16,Carbon dioxide equivalents
2025.12,HHD,Households,Methane,Actual,Kilotonnes,34,Carbon dioxide equivalents
2025.12,HHD,Households,Carbon dioxide,Actual,Kilotonnes,1958,Carbon dioxide equivalents
2025.12,HHD,Households,Carbon dioxide equivalents,Actual,Kilotonnes,2035,Carbon dioxide equivalents
2025.12,HHD,Households,Fluorinated gases,Actual,Kilotonnes,28,Carbon dioxide equivalents
2025.12,HHD,Households,Nitrous oxide,Actual,Kilotonnes,15,Carbon dioxide equivalents
2026.03,HHD,Households,Methane,Seasonally adjusted,Kilotonnes,47,Carbon dioxide equivalents
2026.03,HHD,Households,Carbon dioxide,Seasonally adjusted,Kilotonnes,1918,Carbon dioxide equivalents
2026.03,HHD,Households,Carbon dioxide equivalents,Seasonally adjusted,Kilotonnes,2008,Carbon dioxide equivalents
2026.03,HHD,Households,Fluorinated gases,Seasonally adjusted,Kilotonnes,27,Carbon dioxide equivalents
2026.03,HHD,Households,Nitrous oxide,Seasonally adjusted,Kilotonnes,16,Carbon dioxide equivalents
2026.03,HHD,Households,Methane,Actual,Kilotonnes,34,Carbon dioxide equivalents
2026.03,HHD,Households,Carbon dioxide,Actual,Kilotonnes,1905,Carbon dioxide equivalents
2026.03,HHD,Households,Carbon dioxide equivalents,Actual,Kilotonnes,1982,Carbon dioxide equivalents
2026.03,HHD,Households,Fluorinated gases,Actual,Kilotonnes,27,Carbon dioxide equivalents
2026.03,HHD,Households,Nitrous oxide,Actual,Kilotonnes,15,Carbon dioxide equivalents
2010.03,II1,"Transport, postal, and warehousing",Carbon dioxide equivalents,Seasonally adjusted,Kilotonnes,1451,Carbon dioxide equivalents
2010.03,II1,"Transport, postal, and warehousing",Carbon dioxide equivalents,Actual,Kilotonnes,1472,Carbon dioxide equivalents
2010.06,II1,"Transport, postal, and warehousing",Carbon dioxide equivalents,Seasonally adjusted,Kilotonnes,1481,Carbon dioxide equivalents
2010.06,II1,"Transport, postal, and warehousing",Carbon dioxide equivalents,Actual,Kilotonnes,1407,Carbon dioxide equivalents
2010.09,II1,"Transport, postal, and warehousing",Carbon dioxide equivalents,Seasonally adjusted,Kilotonnes,1560,Carbon dioxide equivalents
2010.09,II1,"Transport, postal, and warehousing",Carbon dioxide equivalents,Actual,Kilotonnes,1574,Carbon dioxide equivalents
2010.12,II1,"Transport, postal, and warehousing",Carbon dioxide equivalents,Seasonally adjusted,Kilotonnes,1525,Carbon dioxide equivalents
2010.12,II1,"Transport, postal, and warehousing",Carbon dioxide equivalents,Actual,Kilotonnes,1565,Carbon dioxide equivalents
2011.03,II1,"Transport, postal, and warehousing",Carbon dioxide equivalents,Seasonally adjusted,Kilotonnes,1526,Carbon dioxide equivalents
2011.03,II1,"Transport, postal, and warehousing",Carbon dioxide equivalents,Actual,Kilotonnes,1546,Carbon dioxide equivalents
2011.06,II1,"Transport, postal, and warehousing",Carbon dioxide equivalents,Seasonally adjusted,Kilotonnes,1476,Carbon dioxide equivalents
2011.06,II1,"Transport, postal, and warehousing",Carbon dioxide equivalents,Actual,Kilotonnes,1405,Carbon dioxide equivalents
2011.09,II1,"Transport, postal, and warehousing",Carbon dioxide equivalents,Seasonally adjusted,Kilotonnes,1507,Carbon dioxide equivalents
2011.09,II1,"Transport, postal, and warehousing",Carbon dioxide equivalents,Actual,Kilotonnes,1521,Carbon dioxide equivalents
2011.12,II1,"Transport, postal, and warehousing",Carbon dioxide equivalents,Seasonally adjusted,Kilotonnes,1526,Carbon dioxide equivalents
2011.12,II1,"Transport, postal, and warehousing",Carbon dioxide equivalents,Actual,Kilotonnes,1563,Carbon dioxide equivalents
2012.03,II1,"Transport, postal, and warehousing",Carbon dioxide equivalents,Seasonally adjusted,Kilotonnes,1504,Carbon dioxide equivalents
2012.03,II1,"Transport, postal, and warehousing",Carbon dioxide equivalents,Actual,Kilotonnes,1524,Carbon dioxide equivalents
2012.06,II1,"Transport, postal, and warehousing",Carbon dioxide equivalents,Seasonally adjusted,Kilotonnes,1495,Carbon dioxide equivalents
2012.06,II1,"Transport, postal, and warehousing",Carbon dioxide equivalents,Actual,Kilotonnes,1428,Carbon dioxide equivalents
2012.09,II1,"Transport, postal, and warehousing",Carbon dioxide equivalents,Seasonally adjusted,Kilotonnes,1455,Carbon dioxide equivalents
2012.09,II1,"Transport, postal, and warehousing",Carbon dioxide equivalents,Actual,Kilotonnes,1467,Carbon dioxide equivalents
2012.12,II1,"Transport, postal, and warehousing",Carbon dioxide equivalents,Seasonally adjusted,Kilotonnes,1484,Carbon dioxide equivalents
2012.12,II1,"Transport, postal, and warehousing",Carbon dioxide equivalents,Actual,Kilotonnes,1518,Carbon dioxide equivalents
2013.03,II1,"Transport, postal, and warehousing",Carbon dioxide equivalents,Seasonally adjusted,Kilotonnes,1482,Carbon dioxide equivalents
2013.03,II1,"Transport, postal, and warehousing",Carbon dioxide equivalents,Actual,Kilotonnes,1500,Carbon dioxide equivalents
2013.06,II1,"Transport, postal, and warehousing",Carbon dioxide equivalents,Seasonally adjusted,Kilotonnes,1541,Carbon dioxide equivalents
2013.06,II1,"Transport, postal, and warehousing",Carbon dioxide equivalents,Actual,Kilotonnes,1477,Carbon dioxide equivalents
2013.09,II1,"Transport, postal, and warehousing",Carbon dioxide equivalents,Seasonally adjusted,Kilotonnes,1479,Carbon dioxide equivalents
2013.09,II1,"Transport, postal, and warehousing",Carbon dioxide equivalents,Actual,Kilotonnes,1491,Carbon dioxide equivalents
2013.12,II1,"Transport, postal, and warehousing",Carbon dioxide equivalents,Seasonally adjusted,Kilotonnes,1513,Carbon dioxide equivalents
2013.12,II1,"Transport, postal, and warehousing",Carbon dioxide equivalents,Actual,Kilotonnes,1541,Carbon dioxide equivalents
2014.03,II1,"Transport, postal, and warehousing",Carbon dioxide equivalents,Seasonally adjusted,Kilotonnes,1492,Carbon dioxide equivalents
2014.03,II1,"Transport, postal, and warehousing",Carbon dioxide equivalents,Actual,Kilotonnes,1512,Carbon dioxide equivalents
2014.06,II1,"Transport, postal, and warehousing",Carbon dioxide equivalents,Seasonally adjusted,Kilotonnes,1491,Carbon dioxide equivalents
2014.06,II1,"Transport, postal, and warehousing",Carbon dioxide equivalents,Actual,Kilotonnes,1433,Carbon dioxide equivalents
2014.09,II1,"Transport, postal, and warehousing",Carbon dioxide equivalents,Seasonally adjusted,Kilotonnes,1529,Carbon dioxide equivalents
2014.09,II1,"Transport, postal, and warehousing",Carbon dioxide equivalents,Actual,Kilotonnes,1542,Carbon dioxide equivalents
2014.12,II1,"Transport, postal, and warehousing",Carbon dioxide equivalents,Seasonally adjusted,Kilotonnes,1501,Carbon dioxide equivalents
2014.12,II1,"Transport, postal, and warehousing",Carbon dioxide equivalents,Actual,Kilotonnes,1523,Carbon dioxide equivalents
2015.03,II1,"Transport, postal, and warehousing",Carbon dioxide equivalents,Seasonally adjusted,Kilotonnes,1576,Carbon dioxide equivalents
2015.03,II1,"Transport, postal, and warehousing",Carbon dioxide equivalents,Actual,Kilotonnes,1600,Carbon dioxide equivalents
2015.06,II1,"Transport, postal, and warehousing",Carbon dioxide equivalents,Seasonally adjusted,Kilotonnes,1598,Carbon dioxide equivalents
2015.06,II1,"Transport, postal, and warehousing",Carbon dioxide equivalents,Actual,Kilotonnes,1537,Carbon dioxide equivalents
2015.09,II1,"Transport, postal, and warehousing",Carbon dioxide equivalents,Seasonally adjusted,Kilotonnes,1576,Carbon dioxide equivalents
2015.09,II1,"Transport, postal, and warehousing",Carbon dioxide equivalents,Actual,Kilotonnes,1591,Carbon dioxide equivalents
2015.12,II1,"Transport, postal, and warehousing",Carbon dioxide equivalents,Seasonally adjusted,Kilotonnes,1589,Carbon dioxide equivalents
2015.12,II1,"Transport, postal, and warehousing",Carbon dioxide equivalents,Actual,Kilotonnes,1606,Carbon dioxide equivalents
2016.03,II1,"Transport, postal, and warehousing",Carbon dioxide equivalents,Seasonally adjusted,Kilotonnes,1568,Carbon dioxide equivalents
2016.03,II1,"Transport, postal, and warehousing",Carbon dioxide equivalents,Actual,Kilotonnes,1597,Carbon dioxide equivalents
2016.06,II1,"Transport, postal, and warehousing",Carbon dioxide equivalents,Seasonally adjusted,Kilotonnes,1563,Carbon dioxide equivalents
2016.06,II1,"Transport, postal, and warehousing",Carbon dioxide equivalents,Actual,Kilotonnes,1505,Carbon dioxide equivalents
2016.09,II1,"Transport, postal, and warehousing",Carbon dioxide equivalents,Seasonally adjusted,Kilotonnes,1638,Carbon dioxide equivalents
2016.09,II1,"Transport, postal, and warehousing",Carbon dioxide equivalents,Actual,Kilotonnes,1650,Carbon dioxide equivalents
2016.12,II1,"Transport, postal, and warehousing",Carbon dioxide equivalents,Seasonally adjusted,Kilotonnes,1637,Carbon dioxide equivalents
2016.12,II1,"Transport, postal, and warehousing",Carbon dioxide equivalents,Actual,Kilotonnes,1652,Carbon dioxide equivalents
2017.03,II1,"Transport, postal, and warehousing",Carbon dioxide equivalents,Seasonally adjusted,Kilotonnes,1643,Carbon dioxide equivalents
2017.03,II1,"Transport, postal, and warehousing",Carbon dioxide equivalents,Actual,Kilotonnes,1680,Carbon dioxide equivalents
2017.06,II1,"Transport, postal, and warehousing",Carbon dioxide equivalents,Seasonally adjusted,Kilotonnes,1684,Carbon dioxide equivalents
2017.06,II1,"Transport, postal, and warehousing",Carbon dioxide equivalents,Actual,Kilotonnes,1623,Carbon dioxide equivalents
2017.09,II1,"Transport, postal, and warehousing",Carbon dioxide equivalents,Seasonally adjusted,Kilotonnes,1731,Carbon dioxide equivalents
2017.09,II1,"Transport, postal, and warehousing",Carbon dioxide equivalents,Actual,Kilotonnes,1735,Carbon dioxide equivalents
2017.12,II1,"Transport, postal, and warehousing",Carbon dioxide equivalents,Seasonally adjusted,Kilotonnes,1696,Carbon dioxide equivalents
2017.12,II1,"Transport, postal, and warehousing",Carbon dioxide equivalents,Actual,Kilotonnes,1711,Carbon dioxide equivalents
2018.03,II1,"Transport, postal, and warehousing",Carbon dioxide equivalents,Seasonally adjusted,Kilotonnes,1739,Carbon dioxide equivalents
2018.03,II1,"Transport, postal, and warehousing",Carbon dioxide equivalents,Actual,Kilotonnes,1786,Carbon dioxide equivalents
2018.06,II1,"Transport, postal, and warehousing",Carbon dioxide equivalents,Seasonally adjusted,Kilotonnes,1755,Carbon dioxide equivalents
2018.06,II1,"Transport, postal, and warehousing",Carbon dioxide equivalents,Actual,Kilotonnes,1694,Carbon dioxide equivalents
2018.09,II1,"Transport, postal, and warehousing",Carbon dioxide equivalents,Seasonally adjusted,Kilotonnes,1729,Carbon dioxide equivalents
2018.09,II1,"Transport, postal, and warehousing",Carbon dioxide equivalents,Actual,Kilotonnes,1721,Carbon dioxide equivalents
2018.12,II1,"Transport, postal, and warehousing",Carbon dioxide equivalents,Seasonally adjusted,Kilotonnes,1845,Carbon dioxide equivalents
2018.12,II1,"Transport, postal, and warehousing",Carbon dioxide equivalents,Actual,Kilotonnes,1865,Carbon dioxide equivalents
2019.03,II1,"Transport, postal, and warehousing",Carbon dioxide equivalents,Seasonally adjusted,Kilotonnes,1749,Carbon dioxide equivalents
2019.03,II1,"Transport, postal, and warehousing",Carbon dioxide equivalents,Actual,Kilotonnes,1802,Carbon dioxide equivalents
2019.06,II1,"Transport, postal, and warehousing",Carbon dioxide equivalents,Seasonally adjusted,Kilotonnes,1758,Carbon dioxide equivalents
2019.06,II1,"Transport, postal, and warehousing",Carbon dioxide equivalents,Actual,Kilotonnes,1698,Carbon dioxide equivalents
2019.09,II1,"Transport, postal, and warehousing",Carbon dioxide equivalents,Seasonally adjusted,Kilotonnes,1755,Carbon dioxide equivalents
2019.09,II1,"Transport, postal, and warehousing",Carbon dioxide equivalents,Actual,Kilotonnes,1738,Carbon dioxide equivalents
2019.12,II1,"Transport, postal, and warehousing",Carbon dioxide equivalents,Seasonally adjusted,Kilotonnes,1773,Carbon dioxide equivalents
2019.12,II1,"Transport, postal, and warehousing",Carbon dioxide equivalents,Actual,Kilotonnes,1796,Carbon dioxide equivalents
2020.03,II1,"Transport, postal, and warehousing",Carbon dioxide equivalents,Seasonally adjusted,Kilotonnes,1677,Carbon dioxide equivalents
2020.03,II1,"Transport, postal, and warehousing",Carbon dioxide equivalents,Actual,Kilotonnes,1730,Carbon dioxide equivalents
2020.06,II1,"Transport, postal, and warehousing",Carbon dioxide equivalents,Seasonally adjusted,Kilotonnes,884,Carbon dioxide equivalents
2020.06,II1,"Transport, postal, and warehousing",Carbon dioxide equivalents,Actual,Kilotonnes,854,Carbon dioxide equivalents
2020.09,II1,"Transport, postal, and warehousing",Carbon dioxide equivalents,Seasonally adjusted,Kilotonnes,1034,Carbon dioxide equivalents
2020.09,II1,"Transport, postal, and warehousing",Carbon dioxide equivalents,Actual,Kilotonnes,1022,Carbon dioxide equivalents
2020.12,II1,"Transport, postal, and warehousing",Carbon dioxide equivalents,Seasonally adjusted,Kilotonnes,1139,Carbon dioxide equivalents
2020.12,II1,"Transport, postal, and warehousing",Carbon dioxide equivalents,Actual,Kilotonnes,1155,Carbon dioxide equivalents
2021.03,II1,"Transport, postal, and warehousing",Carbon dioxide equivalents,Seasonally adjusted,Kilotonnes,1110,Carbon dioxide equivalents
2021.03,II1,"Transport, postal, and warehousing",Carbon dioxide equivalents,Actual,Kilotonnes,1143,Carbon dioxide equivalents
2021.06,II1,"Transport, postal, and warehousing",Carbon dioxide equivalents,Seasonally adjusted,Kilotonnes,1231,Carbon dioxide equivalents
2021.06,II1,"Transport, postal, and warehousing",Carbon dioxide equivalents,Actual,Kilotonnes,1191,Carbon dioxide equivalents
2021.09,II1,"Transport, postal, and warehousing",Carbon dioxide equivalents,Seasonally adjusted,Kilotonnes,1028,Carbon dioxide equivalents
2021.09,II1,"Transport, postal, and warehousing",Carbon dioxide equivalents,Actual,Kilotonnes,1017,Carbon dioxide equivalents
2021.12,II1,"Transport, postal, and warehousing",Carbon dioxide equivalents,Seasonally adjusted,Kilotonnes,1088,Carbon dioxide equivalents
2021.12,II1,"Transport, postal, and warehousing",Carbon dioxide equivalents,Actual,Kilotonnes,1104,Carbon dioxide equivalents
2022.03,II1,"Transport, postal, and warehousing",Carbon dioxide equivalents,Seasonally adjusted,Kilotonnes,1121,Carbon dioxide equivalents
2022.03,II1,"Transport, postal, and warehousing",Carbon dioxide equivalents,Actual,Kilotonnes,1149,Carbon dioxide equivalents
2022.06,II1,"Transport, postal, and warehousing",Carbon dioxide equivalents,Seasonally adjusted,Kilotonnes,1192,Carbon dioxide equivalents
2022.06,II1,"Transport, postal, and warehousing",Carbon dioxide equivalents,Actual,Kilotonnes,1155,Carbon dioxide equivalents
2022.09,II1,"Transport, postal, and warehousing",Carbon dioxide equivalents,Seasonally adjusted,Kilotonnes,1317,Carbon dioxide equivalents
2022.09,II1,"Transport, postal, and warehousing",Carbon dioxide equivalents,Actual,Kilotonnes,1306,Carbon dioxide equivalents
2022.12,II1,"Transport, postal, and warehousing",Carbon dioxide equivalents,Seasonally adjusted,Kilotonnes,1389,Carbon dioxide equivalents
2022.12,II1,"Transport, postal, and warehousing",Carbon dioxide equivalents,Actual,Kilotonnes,1411,Carbon dioxide equivalents
2023.03,II1,"Transport, postal, and warehousing",Carbon dioxide equivalents,Seasonally adjusted,Kilotonnes,1435,Carbon dioxide equivalents
2023.03,II1,"Transport, postal, and warehousing",Carbon dioxide equivalents,Actual,Kilotonnes,1465,Carbon dioxide equivalents
2023.06,II1,"Transport, postal, and warehousing",Carbon dioxide equivalents,Seasonally adjusted,Kilotonnes,1545,Carbon dioxide equivalents
2023.06,II1,"Transport, postal, and warehousing",Carbon dioxide equivalents,Actual,Kilotonnes,1501,Carbon dioxide equivalents
2023.09,II1,"Transport, postal, and warehousing",Carbon dioxide equivalents,Seasonally adjusted,Kilotonnes,1624,Carbon dioxide equivalents
2023.09,II1,"Transport, postal, and warehousing",Carbon dioxide equivalents,Actual,Kilotonnes,1613,Carbon dioxide equivalents
2023.12,II1,"Transport, postal, and warehousing",Carbon dioxide equivalents,Seasonally adjusted,Kilotonnes,1573,Carbon dioxide equivalents
2023.12,II1,"Transport, postal, and warehousing",Carbon dioxide equivalents,Actual,Kilotonnes,1599,Carbon dioxide equivalents
2024.03,II1,"Transport, postal, and warehousing",Carbon dioxide equivalents,Seasonally adjusted,Kilotonnes,1609,Carbon dioxide equivalents
2024.03,II1,"Transport, postal, and warehousing",Carbon dioxide equivalents,Actual,Kilotonnes,1635,Carbon dioxide equivalents
2024.06,II1,"Transport, postal, and warehousing",Carbon dioxide equivalents,Seasonally adjusted,Kilotonnes,1605,Carbon dioxide equivalents
2024.06,II1,"Transport, postal, and warehousing",Carbon dioxide equivalents,Actual,Kilotonnes,1561,Carbon dioxide equivalents
2024.09,II1,"Transport, postal, and warehousing",Carbon dioxide equivalents,Seasonally adjusted,Kilotonnes,1558,Carbon dioxide equivalents
2024.09,II1,"Transport, postal, and warehousing",Carbon dioxide equivalents,Actual,Kilotonnes,1550,Carbon dioxide equivalents
2024.12,II1,"Transport, postal, and warehousing",Carbon dioxide equivalents,Seasonally adjusted,Kilotonnes,1595,Carbon dioxide equivalents
2024.12,II1,"Transport, postal, and warehousing",Carbon dioxide equivalents,Actual,Kilotonnes,1622,Carbon dioxide equivalents
2025.03,II1,"Transport, postal, and warehousing",Carbon dioxide equivalents,Seasonally adjusted,Kilotonnes,1563,Carbon dioxide equivalents
2025.03,II1,"Transport, postal, and warehousing",Carbon dioxide equivalents,Actual,Kilotonnes,1586,Carbon dioxide equivalents
2025.06,II1,"Transport, postal, and warehousing",Carbon dioxide equivalents,Seasonally adjusted,Kilotonnes,1591,Carbon dioxide equivalents
2025.06,II1,"Transport, postal, and warehousing",Carbon dioxide equivalents,Actual,Kilotonnes,1549,Carbon dioxide equivalents
2025.09,II1,"Transport, postal, and warehousing",Carbon dioxide equivalents,Seasonally adjusted,Kilotonnes,1580,Carbon dioxide equivalents
2025.09,II1,"Transport, postal, and warehousing",Carbon dioxide equivalents,Actual,Kilotonnes,1572,Carbon dioxide equivalents
2025.12,II1,"Transport, postal, and warehousing",Carbon dioxide equivalents,Seasonally adjusted,Kilotonnes,1605,Carbon dioxide equivalents
2025.12,II1,"Transport, postal, and warehousing",Carbon dioxide equivalents,Actual,Kilotonnes,1632,Carbon dioxide equivalents
2026.03,II1,"Transport, postal, and warehousing",Carbon dioxide equivalents,Seasonally adjusted,Kilotonnes,1620,Carbon dioxide equivalents
2026.03,II1,"Transport, postal, and warehousing",Carbon dioxide equivalents,Actual,Kilotonnes,1644,Carbon dioxide equivalents
2010.03,ZGZ,Goods-producing industries,Methane,Seasonally adjusted,Kilotonnes,693,Carbon dioxide equivalents
2010.03,ZGZ,Goods-producing industries,Carbon dioxide,Seasonally adjusted,Kilotonnes,4484,Carbon dioxide equivalents
2010.03,ZGZ,Goods-producing industries,Carbon dioxide equivalents,Seasonally adjusted,Kilotonnes,5286,Carbon dioxide equivalents
2010.03,ZGZ,Goods-producing industries,Fluorinated gases,Seasonally adjusted,Kilotonnes,67,Carbon dioxide equivalents
2010.03,ZGZ,Goods-producing industries,Nitrous oxide,Seasonally adjusted,Kilotonnes,42,Carbon dioxide equivalents
2010.03,ZGZ,Goods-producing industries,Methane,Actual,Kilotonnes,696,Carbon dioxide equivalents
2010.03,ZGZ,Goods-producing industries,Carbon dioxide,Actual,Kilotonnes,4278,Carbon dioxide equivalents
2010.03,ZGZ,Goods-producing industries,Carbon dioxide equivalents,Actual,Kilotonnes,5081,Carbon dioxide equivalents
2010.03,ZGZ,Goods-producing industries,Fluorinated gases,Actual,Kilotonnes,67,Carbon dioxide equivalents
2010.03,ZGZ,Goods-producing industries,Nitrous oxide,Actual,Kilotonnes,41,Carbon dioxide equivalents
2010.06,ZGZ,Goods-producing industries,Methane,Seasonally adjusted,Kilotonnes,698,Carbon dioxide equivalents
2010.06,ZGZ,Goods-producing industries,Carbon dioxide,Seasonally adjusted,Kilotonnes,4277,Carbon dioxide equivalents
2010.06,ZGZ,Goods-producing industries,Carbon dioxide equivalents,Seasonally adjusted,Kilotonnes,5083,Carbon dioxide equivalents
2010.06,ZGZ,Goods-producing industries,Fluorinated gases,Seasonally adjusted,Kilotonnes,68,Carbon dioxide equivalents
2010.06,ZGZ,Goods-producing industries,Nitrous oxide,Seasonally adjusted,Kilotonnes,41,Carbon dioxide equivalents
2010.06,ZGZ,Goods-producing industries,Methane,Actual,Kilotonnes,699,Carbon dioxide equivalents
2010.06,ZGZ,Goods-producing industries,Carbon dioxide,Actual,Kilotonnes,4459,Carbon dioxide equivalents
2010.06,ZGZ,Goods-producing industries,Carbon dioxide equivalents,Actual,Kilotonnes,5266,Carbon dioxide equivalents
2010.06,ZGZ,Goods-producing industries,Fluorinated gases,Actual,Kilotonnes,67,Carbon dioxide equivalents
2010.06,ZGZ,Goods-producing industries,Nitrous oxide,Actual,Kilotonnes,41,Carbon dioxide equivalents
2010.09,ZGZ,Goods-producing industries,Methane,Seasonally adjusted,Kilotonnes,690,Carbon dioxide equivalents
2010.09,ZGZ,Goods-producing industries,Carbon dioxide,Seasonally adjusted,Kilotonnes,4189,Carbon dioxide equivalents
2010.09,ZGZ,Goods-producing industries,Carbon dioxide equivalents,Seasonally adjusted,Kilotonnes,4986,Carbon dioxide equivalents
2010.09,ZGZ,Goods-producing industries,Fluorinated gases,Seasonally adjusted,Kilotonnes,68,Carbon dioxide equivalents
2010.09,ZGZ,Goods-producing industries,Nitrous oxide,Seasonally adjusted,Kilotonnes,41,Carbon dioxide equivalents
2010.09,ZGZ,Goods-producing industries,Methane,Actual,Kilotonnes,686,Carbon dioxide equivalents
2010.09,ZGZ,Goods-producing industries,Carbon dioxide,Actual,Kilotonnes,4275,Carbon dioxide equivalents
2010.09,ZGZ,Goods-producing industries,Carbon dioxide equivalents,Actual,Kilotonnes,5070,Carbon dioxide equivalents
2010.09,ZGZ,Goods-producing industries,Fluorinated gases,Actual,Kilotonnes,68,Carbon dioxide equivalents
2010.09,ZGZ,Goods-producing industries,Nitrous oxide,Actual,Kilotonnes,41,Carbon dioxide equivalents
2010.12,ZGZ,Goods-producing industries,Methane,Seasonally adjusted,Kilotonnes,689,Carbon dioxide equivalents
2010.12,ZGZ,Goods-producing industries,Carbon dioxide,Seasonally adjusted,Kilotonnes,4398,Carbon dioxide equivalents
2010.12,ZGZ,Goods-producing industries,Carbon dioxide equivalents,Seasonally adjusted,Kilotonnes,5199,Carbon dioxide equivalents
2010.12,ZGZ,Goods-producing industries,Fluorinated gases,Seasonally adjusted,Kilotonnes,69,Carbon dioxide equivalents
2010.12,ZGZ,Goods-producing industries,Nitrous oxide,Seasonally adjusted,Kilotonnes,42,Carbon dioxide equivalents
2010.12,ZGZ,Goods-producing industries,Methane,Actual,Kilotonnes,690,Carbon dioxide equivalents
2010.12,ZGZ,Goods-producing industries,Carbon dioxide,Actual,Kilotonnes,4314,Carbon dioxide equivalents
2010.12,ZGZ,Goods-producing industries,Carbon dioxide equivalents,Actual,Kilotonnes,5116,Carbon dioxide equivalents
2010.12,ZGZ,Goods-producing industries,Fluorinated gases,Actual,Kilotonnes,69,Carbon dioxide equivalents
2010.12,ZGZ,Goods-producing industries,Nitrous oxide,Actual,Kilotonnes,43,Carbon dioxide equivalents
2011.03,ZGZ,Goods-producing industries,Methane,Seasonally adjusted,Kilotonnes,684,Carbon dioxide equivalents
2011.03,ZGZ,Goods-producing industries,Carbon dioxide,Seasonally adjusted,Kilotonnes,4142,Carbon dioxide equivalents
2011.03,ZGZ,Goods-producing industries,Carbon dioxide equivalents,Seasonally adjusted,Kilotonnes,4939,Carbon dioxide equivalents
2011.03,ZGZ,Goods-producing industries,Fluorinated gases,Seasonally adjusted,Kilotonnes,70,Carbon dioxide equivalents
2011.03,ZGZ,Goods-producing industries,Nitrous oxide,Seasonally adjusted,Kilotonnes,42,Carbon dioxide equivalents
2011.03,ZGZ,Goods-producing industries,Methane,Actual,Kilotonnes,686,Carbon dioxide equivalents
2011.03,ZGZ,Goods-producing industries,Carbon dioxide,Actual,Kilotonnes,3965,Carbon dioxide equivalents
2011.03,ZGZ,Goods-producing industries,Carbon dioxide equivalents,Actual,Kilotonnes,4762,Carbon dioxide equivalents
2011.03,ZGZ,Goods-producing industries,Fluorinated gases,Actual,Kilotonnes,70,Carbon dioxide equivalents
2011.03,ZGZ,Goods-producing industries,Nitrous oxide,Actual,Kilotonnes,41,Carbon dioxide equivalents
2011.06,ZGZ,Goods-producing industries,Methane,Seasonally adjusted,Kilotonnes,676,Carbon dioxide equivalents
2011.06,ZGZ,Goods-producing industries,Carbon dioxide,Seasonally adjusted,Kilotonnes,3725,Carbon dioxide equivalents
2011.06,ZGZ,Goods-producing industries,Carbon dioxide equivalents,Seasonally adjusted,Kilotonnes,4510,Carbon dioxide equivalents
2011.06,ZGZ,Goods-producing industries,Fluorinated gases,Seasonally adjusted,Kilotonnes,71,Carbon dioxide equivalents
2011.06,ZGZ,Goods-producing industries,Nitrous oxide,Seasonally adjusted,Kilotonnes,41,Carbon dioxide equivalents
2011.06,ZGZ,Goods-producing industries,Methane,Actual,Kilotonnes,677,Carbon dioxide equivalents
2011.06,ZGZ,Goods-producing industries,Carbon dioxide,Actual,Kilotonnes,3883,Carbon dioxide equivalents
2011.06,ZGZ,Goods-producing industries,Carbon dioxide equivalents,Actual,Kilotonnes,4673,Carbon dioxide equivalents
2011.06,ZGZ,Goods-producing industries,Fluorinated gases,Actual,Kilotonnes,71,Carbon dioxide equivalents
2011.06,ZGZ,Goods-producing industries,Nitrous oxide,Actual,Kilotonnes,41,Carbon dioxide equivalents
2011.09,ZGZ,Goods-producing industries,Methane,Seasonally adjusted,Kilotonnes,670,Carbon dioxide equivalents
2011.09,ZGZ,Goods-producing industries,Carbon dioxide,Seasonally adjusted,Kilotonnes,4400,Carbon dioxide equivalents
2011.09,ZGZ,Goods-producing industries,Carbon dioxide equivalents,Seasonally adjusted,Kilotonnes,5186,Carbon dioxide equivalents
2011.09,ZGZ,Goods-producing industries,Fluorinated gases,Seasonally adjusted,Kilotonnes,73,Carbon dioxide equivalents
2011.09,ZGZ,Goods-producing industries,Nitrous oxide,Seasonally adjusted,Kilotonnes,43,Carbon dioxide equivalents
2011.09,ZGZ,Goods-producing industries,Methane,Actual,Kilotonnes,667,Carbon dioxide equivalents
2011.09,ZGZ,Goods-producing industries,Carbon dioxide,Actual,Kilotonnes,4471,Carbon dioxide equivalents
2011.09,ZGZ,Goods-producing industries,Carbon dioxide equivalents,Actual,Kilotonnes,5254,Carbon dioxide equivalents
2011.09,ZGZ,Goods-producing industries,Fluorinated gases,Actual,Kilotonnes,73,Carbon dioxide equivalents
2011.09,ZGZ,Goods-producing industries,Nitrous oxide,Actual,Kilotonnes,43,Carbon dioxide equivalents
2011.12,ZGZ,Goods-producing industries,Methane,Seasonally adjusted,Kilotonnes,665,Carbon dioxide equivalents
2011.12,ZGZ,Goods-producing industries,Carbon dioxide,Seasonally adjusted,Kilotonnes,4415,Carbon dioxide equivalents
2011.12,ZGZ,Goods-producing industries,Carbon dioxide equivalents,Seasonally adjusted,Kilotonnes,5198,Carbon dioxide equivalents
2011.12,ZGZ,Goods-producing industries,Fluorinated gases,Seasonally adjusted,Kilotonnes,75,Carbon dioxide equivalents
2011.12,ZGZ,Goods-producing industries,Nitrous oxide,Seasonally adjusted,Kilotonnes,43,Carbon dioxide equivalents
2011.12,ZGZ,Goods-producing industries,Methane,Actual,Kilotonnes,666,Carbon dioxide equivalents
2011.12,ZGZ,Goods-producing industries,Carbon dioxide,Actual,Kilotonnes,4337,Carbon dioxide equivalents
2011.12,ZGZ,Goods-producing industries,Carbon dioxide equivalents,Actual,Kilotonnes,5121,Carbon dioxide equivalents
2011.12,ZGZ,Goods-producing industries,Fluorinated gases,Actual,Kilotonnes,75,Carbon dioxide equivalents
2011.12,ZGZ,Goods-producing industries,Nitrous oxide,Actual,Kilotonnes,44,Carbon dioxide equivalents
2012.03,ZGZ,Goods-producing industries,Methane,Seasonally adjusted,Kilotonnes,665,Carbon dioxide equivalents
2012.03,ZGZ,Goods-producing industries,Carbon dioxide,Seasonally adjusted,Kilotonnes,4490,Carbon dioxide equivalents
2012.03,ZGZ,Goods-producing industries,Carbon dioxide equivalents,Seasonally adjusted,Kilotonnes,5274,Carbon dioxide equivalents
2012.03,ZGZ,Goods-producing industries,Fluorinated gases,Seasonally adjusted,Kilotonnes,77,Carbon dioxide equivalents
2012.03,ZGZ,Goods-producing industries,Nitrous oxide,Seasonally adjusted,Kilotonnes,43,Carbon dioxide equivalents
2012.03,ZGZ,Goods-producing industries,Methane,Actual,Kilotonnes,667,Carbon dioxide equivalents
2012.03,ZGZ,Goods-producing industries,Carbon dioxide,Actual,Kilotonnes,4333,Carbon dioxide equivalents
2012.03,ZGZ,Goods-producing industries,Carbon dioxide equivalents,Actual,Kilotonnes,5120,Carbon dioxide equivalents
2012.03,ZGZ,Goods-producing industries,Fluorinated gases,Actual,Kilotonnes,77,Carbon dioxide equivalents
2012.03,ZGZ,Goods-producing industries,Nitrous oxide,Actual,Kilotonnes,43,Carbon dioxide equivalents
2012.06,ZGZ,Goods-producing industries,Methane,Seasonally adjusted,Kilotonnes,661,Carbon dioxide equivalents
2012.06,ZGZ,Goods-producing industries,Carbon dioxide,Seasonally adjusted,Kilotonnes,4977,Carbon dioxide equivalents
2012.06,ZGZ,Goods-producing industries,Carbon dioxide equivalents,Seasonally adjusted,Kilotonnes,5766,Carbon dioxide equivalents
2012.06,ZGZ,Goods-producing industries,Fluorinated gases,Seasonally adjusted,Kilotonnes,79,Carbon dioxide equivalents
2012.06,ZGZ,Goods-producing industries,Nitrous oxide,Seasonally adjusted,Kilotonnes,45,Carbon dioxide equivalents
2012.06,ZGZ,Goods-producing industries,Methane,Actual,Kilotonnes,661,Carbon dioxide equivalents
2012.06,ZGZ,Goods-producing industries,Carbon dioxide,Actual,Kilotonnes,5159,Carbon dioxide equivalents
2012.06,ZGZ,Goods-producing industries,Carbon dioxide equivalents,Actual,Kilotonnes,5944,Carbon dioxide equivalents
2012.06,ZGZ,Goods-producing industries,Fluorinated gases,Actual,Kilotonnes,78,Carbon dioxide equivalents
2012.06,ZGZ,Goods-producing industries,Nitrous oxide,Actual,Kilotonnes,46,Carbon dioxide equivalents
2012.09,ZGZ,Goods-producing industries,Methane,Seasonally adjusted,Kilotonnes,663,Carbon dioxide equivalents
2012.09,ZGZ,Goods-producing industries,Carbon dioxide,Seasonally adjusted,Kilotonnes,4592,Carbon dioxide equivalents
2012.09,ZGZ,Goods-producing industries,Carbon dioxide equivalents,Seasonally adjusted,Kilotonnes,5380,Carbon dioxide equivalents
2012.09,ZGZ,Goods-producing industries,Fluorinated gases,Seasonally adjusted,Kilotonnes,81,Carbon dioxide equivalents
2012.09,ZGZ,Goods-producing industries,Nitrous oxide,Seasonally adjusted,Kilotonnes,44,Carbon dioxide equivalents
2012.09,ZGZ,Goods-producing industries,Methane,Actual,Kilotonnes,660,Carbon dioxide equivalents
2012.09,ZGZ,Goods-producing industries,Carbon dioxide,Actual,Kilotonnes,4643,Carbon dioxide equivalents
2012.09,ZGZ,Goods-producing industries,Carbon dioxide equivalents,Actual,Kilotonnes,5427,Carbon dioxide equivalents
2012.09,ZGZ,Goods-producing industries,Fluorinated gases,Actual,Kilotonnes,81,Carbon dioxide equivalents
2012.09,ZGZ,Goods-producing industries,Nitrous oxide,Actual,Kilotonnes,44,Carbon dioxide equivalents
2012.12,ZGZ,Goods-producing industries,Methane,Seasonally adjusted,Kilotonnes,662,Carbon dioxide equivalents
2012.12,ZGZ,Goods-producing industries,Carbon dioxide,Seasonally adjusted,Kilotonnes,4376,Carbon dioxide equivalents
2012.12,ZGZ,Goods-producing industries,Carbon dioxide equivalents,Seasonally adjusted,Kilotonnes,5165,Carbon dioxide equivalents
2012.12,ZGZ,Goods-producing industries,Fluorinated gases,Seasonally adjusted,Kilotonnes,83,Carbon dioxide equivalents
2012.12,ZGZ,Goods-producing industries,Nitrous oxide,Seasonally adjusted,Kilotonnes,44,Carbon dioxide equivalents
2012.12,ZGZ,Goods-producing industries,Methane,Actual,Kilotonnes,662,Carbon dioxide equivalents
2012.12,ZGZ,Goods-producing industries,Carbon dioxide,Actual,Kilotonnes,4316,Carbon dioxide equivalents
2012.12,ZGZ,Goods-producing industries,Carbon dioxide equivalents,Actual,Kilotonnes,5105,Carbon dioxide equivalents
2012.12,ZGZ,Goods-producing industries,Fluorinated gases,Actual,Kilotonnes,84,Carbon dioxide equivalents
2012.12,ZGZ,Goods-producing industries,Nitrous oxide,Actual,Kilotonnes,44,Carbon dioxide equivalents
2013.03,ZGZ,Goods-producing industries,Methane,Seasonally adjusted,Kilotonnes,657,Carbon dioxide equivalents
2013.03,ZGZ,Goods-producing industries,Carbon dioxide,Seasonally adjusted,Kilotonnes,4440,Carbon dioxide equivalents
2013.03,ZGZ,Goods-producing industries,Carbon dioxide equivalents,Seasonally adjusted,Kilotonnes,5225,Carbon dioxide equivalents
2013.03,ZGZ,Goods-producing industries,Fluorinated gases,Seasonally adjusted,Kilotonnes,86,Carbon dioxide equivalents
2013.03,ZGZ,Goods-producing industries,Nitrous oxide,Seasonally adjusted,Kilotonnes,43,Carbon dioxide equivalents
2013.03,ZGZ,Goods-producing industries,Methane,Actual,Kilotonnes,659,Carbon dioxide equivalents
2013.03,ZGZ,Goods-producing industries,Carbon dioxide,Actual,Kilotonnes,4328,Carbon dioxide equivalents
2013.03,ZGZ,Goods-producing industries,Carbon dioxide equivalents,Actual,Kilotonnes,5116,Carbon dioxide equivalents
2013.03,ZGZ,Goods-producing industries,Fluorinated gases,Actual,Kilotonnes,86,Carbon dioxide equivalents
2013.03,ZGZ,Goods-producing industries,Nitrous oxide,Actual,Kilotonnes,43,Carbon dioxide equivalents
2013.06,ZGZ,Goods-producing industries,Methane,Seasonally adjusted,Kilotonnes,659,Carbon dioxide equivalents
2013.06,ZGZ,Goods-producing industries,Carbon dioxide,Seasonally adjusted,Kilotonnes,4854,Carbon dioxide equivalents
2013.06,ZGZ,Goods-producing industries,Carbon dioxide equivalents,Seasonally adjusted,Kilotonnes,5650,Carbon dioxide equivalents
2013.06,ZGZ,Goods-producing industries,Fluorinated gases,Seasonally adjusted,Kilotonnes,88,Carbon dioxide equivalents
2013.06,ZGZ,Goods-producing industries,Nitrous oxide,Seasonally adjusted,Kilotonnes,45,Carbon dioxide equivalents
2013.06,ZGZ,Goods-producing industries,Methane,Actual,Kilotonnes,659,Carbon dioxide equivalents
2013.06,ZGZ,Goods-producing industries,Carbon dioxide,Actual,Kilotonnes,4984,Carbon dioxide equivalents
2013.06,ZGZ,Goods-producing industries,Carbon dioxide equivalents,Actual,Kilotonnes,5777,Carbon dioxide equivalents
2013.06,ZGZ,Goods-producing industries,Fluorinated gases,Actual,Kilotonnes,88,Carbon dioxide equivalents
2013.06,ZGZ,Goods-producing industries,Nitrous oxide,Actual,Kilotonnes,45,Carbon dioxide equivalents
2013.09,ZGZ,Goods-producing industries,Methane,Seasonally adjusted,Kilotonnes,656,Carbon dioxide equivalents
2013.09,ZGZ,Goods-producing industries,Carbon dioxide,Seasonally adjusted,Kilotonnes,4422,Carbon dioxide equivalents
2013.09,ZGZ,Goods-producing industries,Carbon dioxide equivalents,Seasonally adjusted,Kilotonnes,5214,Carbon dioxide equivalents
2013.09,ZGZ,Goods-producing industries,Fluorinated gases,Seasonally adjusted,Kilotonnes,91,Carbon dioxide equivalents
2013.09,ZGZ,Goods-producing industries,Nitrous oxide,Seasonally adjusted,Kilotonnes,44,Carbon dioxide equivalents
2013.09,ZGZ,Goods-producing industries,Methane,Actual,Kilotonnes,653,Carbon dioxide equivalents
2013.09,ZGZ,Goods-producing industries,Carbon dioxide,Actual,Kilotonnes,4444,Carbon dioxide equivalents
2013.09,ZGZ,Goods-producing industries,Carbon dioxide equivalents,Actual,Kilotonnes,5232,Carbon dioxide equivalents
2013.09,ZGZ,Goods-producing industries,Fluorinated gases,Actual,Kilotonnes,91,Carbon dioxide equivalents
2013.09,ZGZ,Goods-producing industries,Nitrous oxide,Actual,Kilotonnes,43,Carbon dioxide equivalents
2013.12,ZGZ,Goods-producing industries,Methane,Seasonally adjusted,Kilotonnes,654,Carbon dioxide equivalents
2013.12,ZGZ,Goods-producing industries,Carbon dioxide,Seasonally adjusted,Kilotonnes,4097,Carbon dioxide equivalents
2013.12,ZGZ,Goods-producing industries,Carbon dioxide equivalents,Seasonally adjusted,Kilotonnes,4889,Carbon dioxide equivalents
2013.12,ZGZ,Goods-producing industries,Fluorinated gases,Seasonally adjusted,Kilotonnes,94,Carbon dioxide equivalents
2013.12,ZGZ,Goods-producing industries,Nitrous oxide,Seasonally adjusted,Kilotonnes,43,Carbon dioxide equivalents
2013.12,ZGZ,Goods-producing industries,Methane,Actual,Kilotonnes,654,Carbon dioxide equivalents
2013.12,ZGZ,Goods-producing industries,Carbon dioxide,Actual,Kilotonnes,4070,Carbon dioxide equivalents
2013.12,ZGZ,Goods-producing industries,Carbon dioxide equivalents,Actual,Kilotonnes,4862,Carbon dioxide equivalents
2013.12,ZGZ,Goods-producing industries,Fluorinated gases,Actual,Kilotonnes,95,Carbon dioxide equivalents
2013.12,ZGZ,Goods-producing industries,Nitrous oxide,Actual,Kilotonnes,44,Carbon dioxide equivalents
2014.03,ZGZ,Goods-producing industries,Methane,Seasonally adjusted,Kilotonnes,663,Carbon dioxide equivalents
2014.03,ZGZ,Goods-producing industries,Carbon dioxide,Seasonally adjusted,Kilotonnes,4232,Carbon dioxide equivalents
2014.03,ZGZ,Goods-producing industries,Carbon dioxide equivalents,Seasonally adjusted,Kilotonnes,5036,Carbon dioxide equivalents
2014.03,ZGZ,Goods-producing industries,Fluorinated gases,Seasonally adjusted,Kilotonnes,97,Carbon dioxide equivalents
2014.03,ZGZ,Goods-producing industries,Nitrous oxide,Seasonally adjusted,Kilotonnes,43,Carbon dioxide equivalents
2014.03,ZGZ,Goods-producing industries,Methane,Actual,Kilotonnes,666,Carbon dioxide equivalents
2014.03,ZGZ,Goods-producing industries,Carbon dioxide,Actual,Kilotonnes,4174,Carbon dioxide equivalents
2014.03,ZGZ,Goods-producing industries,Carbon dioxide equivalents,Actual,Kilotonnes,4981,Carbon dioxide equivalents
2014.03,ZGZ,Goods-producing industries,Fluorinated gases,Actual,Kilotonnes,97,Carbon dioxide equivalents
2014.03,ZGZ,Goods-producing industries,Nitrous oxide,Actual,Kilotonnes,43,Carbon dioxide equivalents
2014.06,ZGZ,Goods-producing industries,Methane,Seasonally adjusted,Kilotonnes,656,Carbon dioxide equivalents
2014.06,ZGZ,Goods-producing industries,Carbon dioxide,Seasonally adjusted,Kilotonnes,4285,Carbon dioxide equivalents
2014.06,ZGZ,Goods-producing industries,Carbon dioxide equivalents,Seasonally adjusted,Kilotonnes,5088,Carbon dioxide equivalents
2014.06,ZGZ,Goods-producing industries,Fluorinated gases,Seasonally adjusted,Kilotonnes,102,Carbon dioxide equivalents
2014.06,ZGZ,Goods-producing industries,Nitrous oxide,Seasonally adjusted,Kilotonnes,44,Carbon dioxide equivalents
2014.06,ZGZ,Goods-producing industries,Methane,Actual,Kilotonnes,656,Carbon dioxide equivalents
2014.06,ZGZ,Goods-producing industries,Carbon dioxide,Actual,Kilotonnes,4333,Carbon dioxide equivalents
2014.06,ZGZ,Goods-producing industries,Carbon dioxide equivalents,Actual,Kilotonnes,5134,Carbon dioxide equivalents
2014.06,ZGZ,Goods-producing industries,Fluorinated gases,Actual,Kilotonnes,102,Carbon dioxide equivalents
2014.06,ZGZ,Goods-producing industries,Nitrous oxide,Actual,Kilotonnes,44,Carbon dioxide equivalents
2014.09,ZGZ,Goods-producing industries,Methane,Seasonally adjusted,Kilotonnes,667,Carbon dioxide equivalents
2014.09,ZGZ,Goods-producing industries,Carbon dioxide,Seasonally adjusted,Kilotonnes,4461,Carbon dioxide equivalents
2014.09,ZGZ,Goods-producing industries,Carbon dioxide equivalents,Seasonally adjusted,Kilotonnes,5279,Carbon dioxide equivalents
2014.09,ZGZ,Goods-producing industries,Fluorinated gases,Seasonally adjusted,Kilotonnes,107,Carbon dioxide equivalents
2014.09,ZGZ,Goods-producing industries,Nitrous oxide,Seasonally adjusted,Kilotonnes,45,Carbon dioxide equivalents
2014.09,ZGZ,Goods-producing industries,Methane,Actual,Kilotonnes,664,Carbon dioxide equivalents
2014.09,ZGZ,Goods-producing industries,Carbon dioxide,Actual,Kilotonnes,4463,Carbon dioxide equivalents
2014.09,ZGZ,Goods-producing industries,Carbon dioxide equivalents,Actual,Kilotonnes,5278,Carbon dioxide equivalents
2014.09,ZGZ,Goods-producing industries,Fluorinated gases,Actual,Kilotonnes,107,Carbon dioxide equivalents
2014.09,ZGZ,Goods-producing industries,Nitrous oxide,Actual,Kilotonnes,44,Carbon dioxide equivalents
2014.12,ZGZ,Goods-producing industries,Methane,Seasonally adjusted,Kilotonnes,664,Carbon dioxide equivalents
2014.12,ZGZ,Goods-producing industries,Carbon dioxide,Seasonally adjusted,Kilotonnes,4860,Carbon dioxide equivalents
2014.12,ZGZ,Goods-producing industries,Carbon dioxide equivalents,Seasonally adjusted,Kilotonnes,5683,Carbon dioxide equivalents
2014.12,ZGZ,Goods-producing industries,Fluorinated gases,Seasonally adjusted,Kilotonnes,114,Carbon dioxide equivalents
2014.12,ZGZ,Goods-producing industries,Nitrous oxide,Seasonally adjusted,Kilotonnes,46,Carbon dioxide equivalents
2014.12,ZGZ,Goods-producing industries,Methane,Actual,Kilotonnes,664,Carbon dioxide equivalents
2014.12,ZGZ,Goods-producing industries,Carbon dioxide,Actual,Kilotonnes,4881,Carbon dioxide equivalents
2014.12,ZGZ,Goods-producing industries,Carbon dioxide equivalents,Actual,Kilotonnes,5706,Carbon dioxide equivalents
2014.12,ZGZ,Goods-producing industries,Fluorinated gases,Actual,Kilotonnes,114,Carbon dioxide equivalents
2014.12,ZGZ,Goods-producing industries,Nitrous oxide,Actual,Kilotonnes,47,Carbon dioxide equivalents
2015.03,ZGZ,Goods-producing industries,Methane,Seasonally adjusted,Kilotonnes,659,Carbon dioxide equivalents
2015.03,ZGZ,Goods-producing industries,Carbon dioxide,Seasonally adjusted,Kilotonnes,4745,Carbon dioxide equivalents
2015.03,ZGZ,Goods-producing industries,Carbon dioxide equivalents,Seasonally adjusted,Kilotonnes,5571,Carbon dioxide equivalents
2015.03,ZGZ,Goods-producing industries,Fluorinated gases,Seasonally adjusted,Kilotonnes,122,Carbon dioxide equivalents
2015.03,ZGZ,Goods-producing industries,Nitrous oxide,Seasonally adjusted,Kilotonnes,47,Carbon dioxide equivalents
2015.03,ZGZ,Goods-producing industries,Methane,Actual,Kilotonnes,662,Carbon dioxide equivalents
2015.03,ZGZ,Goods-producing industries,Carbon dioxide,Actual,Kilotonnes,4726,Carbon dioxide equivalents
2015.03,ZGZ,Goods-producing industries,Carbon dioxide equivalents,Actual,Kilotonnes,5556,Carbon dioxide equivalents
2015.03,ZGZ,Goods-producing industries,Fluorinated gases,Actual,Kilotonnes,122,Carbon dioxide equivalents
2015.03,ZGZ,Goods-producing industries,Nitrous oxide,Actual,Kilotonnes,47,Carbon dioxide equivalents
2015.06,ZGZ,Goods-producing industries,Methane,Seasonally adjusted,Kilotonnes,656,Carbon dioxide equivalents
2015.06,ZGZ,Goods-producing industries,Carbon dioxide,Seasonally adjusted,Kilotonnes,4134,Carbon dioxide equivalents
2015.06,ZGZ,Goods-producing industries,Carbon dioxide equivalents,Seasonally adjusted,Kilotonnes,4963,Carbon dioxide equivalents
2015.06,ZGZ,Goods-producing industries,Fluorinated gases,Seasonally adjusted,Kilotonnes,127,Carbon dioxide equivalents
2015.06,ZGZ,Goods-producing industries,Nitrous oxide,Seasonally adjusted,Kilotonnes,45,Carbon dioxide equivalents
2015.06,ZGZ,Goods-producing industries,Methane,Actual,Kilotonnes,656,Carbon dioxide equivalents
2015.06,ZGZ,Goods-producing industries,Carbon dioxide,Actual,Kilotonnes,4104,Carbon dioxide equivalents
2015.06,ZGZ,Goods-producing industries,Carbon dioxide equivalents,Actual,Kilotonnes,4930,Carbon dioxide equivalents
2015.06,ZGZ,Goods-producing industries,Fluorinated gases,Actual,Kilotonnes,126,Carbon dioxide equivalents
2015.06,ZGZ,Goods-producing industries,Nitrous oxide,Actual,Kilotonnes,44,Carbon dioxide equivalents
2015.09,ZGZ,Goods-producing industries,Methane,Seasonally adjusted,Kilotonnes,649,Carbon dioxide equivalents
2015.09,ZGZ,Goods-producing industries,Carbon dioxide,Seasonally adjusted,Kilotonnes,4316,Carbon dioxide equivalents
2015.09,ZGZ,Goods-producing industries,Carbon dioxide equivalents,Seasonally adjusted,Kilotonnes,5138,Carbon dioxide equivalents
2015.09,ZGZ,Goods-producing industries,Fluorinated gases,Seasonally adjusted,Kilotonnes,128,Carbon dioxide equivalents
2015.09,ZGZ,Goods-producing industries,Nitrous oxide,Seasonally adjusted,Kilotonnes,46,Carbon dioxide equivalents
2015.09,ZGZ,Goods-producing industries,Methane,Actual,Kilotonnes,646,Carbon dioxide equivalents
2015.09,ZGZ,Goods-producing industries,Carbon dioxide,Actual,Kilotonnes,4303,Carbon dioxide equivalents
2015.09,ZGZ,Goods-producing industries,Carbon dioxide equivalents,Actual,Kilotonnes,5122,Carbon dioxide equivalents
2015.09,ZGZ,Goods-producing industries,Fluorinated gases,Actual,Kilotonnes,127,Carbon dioxide equivalents
2015.09,ZGZ,Goods-producing industries,Nitrous oxide,Actual,Kilotonnes,45,Carbon dioxide equivalents
2015.12,ZGZ,Goods-producing industries,Methane,Seasonally adjusted,Kilotonnes,648,Carbon dioxide equivalents
2015.12,ZGZ,Goods-producing industries,Carbon dioxide,Seasonally adjusted,Kilotonnes,4456,Carbon dioxide equivalents
2015.12,ZGZ,Goods-producing industries,Carbon dioxide equivalents,Seasonally adjusted,Kilotonnes,5276,Carbon dioxide equivalents
2015.12,ZGZ,Goods-producing industries,Fluorinated gases,Seasonally adjusted,Kilotonnes,125,Carbon dioxide equivalents
2015.12,ZGZ,Goods-producing industries,Nitrous oxide,Seasonally adjusted,Kilotonnes,47,Carbon dioxide equivalents
2015.12,ZGZ,Goods-producing industries,Methane,Actual,Kilotonnes,649,Carbon dioxide equivalents
2015.12,ZGZ,Goods-producing industries,Carbon dioxide,Actual,Kilotonnes,4540,Carbon dioxide equivalents
2015.12,ZGZ,Goods-producing industries,Carbon dioxide equivalents,Actual,Kilotonnes,5362,Carbon dioxide equivalents
2015.12,ZGZ,Goods-producing industries,Fluorinated gases,Actual,Kilotonnes,125,Carbon dioxide equivalents
2015.12,ZGZ,Goods-producing industries,Nitrous oxide,Actual,Kilotonnes,48,Carbon dioxide equivalents
2016.03,ZGZ,Goods-producing industries,Methane,Seasonally adjusted,Kilotonnes,648,Carbon dioxide equivalents
2016.03,ZGZ,Goods-producing industries,Carbon dioxide,Seasonally adjusted,Kilotonnes,4286,Carbon dioxide equivalents
2016.03,ZGZ,Goods-producing industries,Carbon dioxide equivalents,Seasonally adjusted,Kilotonnes,5100,Carbon dioxide equivalents
2016.03,ZGZ,Goods-producing industries,Fluorinated gases,Seasonally adjusted,Kilotonnes,119,Carbon dioxide equivalents
2016.03,ZGZ,Goods-producing industries,Nitrous oxide,Seasonally adjusted,Kilotonnes,47,Carbon dioxide equivalents
2016.03,ZGZ,Goods-producing industries,Methane,Actual,Kilotonnes,651,Carbon dioxide equivalents
2016.03,ZGZ,Goods-producing industries,Carbon dioxide,Actual,Kilotonnes,4305,Carbon dioxide equivalents
2016.03,ZGZ,Goods-producing industries,Carbon dioxide equivalents,Actual,Kilotonnes,5122,Carbon dioxide equivalents
2016.03,ZGZ,Goods-producing industries,Fluorinated gases,Actual,Kilotonnes,119,Carbon dioxide equivalents
2016.03,ZGZ,Goods-producing industries,Nitrous oxide,Actual,Kilotonnes,48,Carbon dioxide equivalents
2016.06,ZGZ,Goods-producing industries,Methane,Seasonally adjusted,Kilotonnes,650,Carbon dioxide equivalents
2016.06,ZGZ,Goods-producing industries,Carbon dioxide,Seasonally adjusted,Kilotonnes,4136,Carbon dioxide equivalents
2016.06,ZGZ,Goods-producing industries,Carbon dioxide equivalents,Seasonally adjusted,Kilotonnes,4953,Carbon dioxide equivalents
2016.06,ZGZ,Goods-producing industries,Fluorinated gases,Seasonally adjusted,Kilotonnes,117,Carbon dioxide equivalents
2016.06,ZGZ,Goods-producing industries,Nitrous oxide,Seasonally adjusted,Kilotonnes,47,Carbon dioxide equivalents
2016.06,ZGZ,Goods-producing industries,Methane,Actual,Kilotonnes,649,Carbon dioxide equivalents
2016.06,ZGZ,Goods-producing industries,Carbon dioxide,Actual,Kilotonnes,4013,Carbon dioxide equivalents
2016.06,ZGZ,Goods-producing industries,Carbon dioxide equivalents,Actual,Kilotonnes,4825,Carbon dioxide equivalents
2016.06,ZGZ,Goods-producing industries,Fluorinated gases,Actual,Kilotonnes,116,Carbon dioxide equivalents
2016.06,ZGZ,Goods-producing industries,Nitrous oxide,Actual,Kilotonnes,46,Carbon dioxide equivalents
2016.09,ZGZ,Goods-producing industries,Methane,Seasonally adjusted,Kilotonnes,640,Carbon dioxide equivalents
2016.09,ZGZ,Goods-producing industries,Carbon dioxide,Seasonally adjusted,Kilotonnes,4069,Carbon dioxide equivalents
2016.09,ZGZ,Goods-producing industries,Carbon dioxide equivalents,Seasonally adjusted,Kilotonnes,4871,Carbon dioxide equivalents
2016.09,ZGZ,Goods-producing industries,Fluorinated gases,Seasonally adjusted,Kilotonnes,116,Carbon dioxide equivalents
2016.09,ZGZ,Goods-producing industries,Nitrous oxide,Seasonally adjusted,Kilotonnes,47,Carbon dioxide equivalents
2016.09,ZGZ,Goods-producing industries,Methane,Actual,Kilotonnes,637,Carbon dioxide equivalents
2016.09,ZGZ,Goods-producing industries,Carbon dioxide,Actual,Kilotonnes,4065,Carbon dioxide equivalents
2016.09,ZGZ,Goods-producing industries,Carbon dioxide equivalents,Actual,Kilotonnes,4864,Carbon dioxide equivalents
2016.09,ZGZ,Goods-producing industries,Fluorinated gases,Actual,Kilotonnes,116,Carbon dioxide equivalents
2016.09,ZGZ,Goods-producing industries,Nitrous oxide,Actual,Kilotonnes,46,Carbon dioxide equivalents
2016.12,ZGZ,Goods-producing industries,Methane,Seasonally adjusted,Kilotonnes,636,Carbon dioxide equivalents
2016.12,ZGZ,Goods-producing industries,Carbon dioxide,Seasonally adjusted,Kilotonnes,3703,Carbon dioxide equivalents
2016.12,ZGZ,Goods-producing industries,Carbon dioxide equivalents,Seasonally adjusted,Kilotonnes,4500,Carbon dioxide equivalents
2016.12,ZGZ,Goods-producing industries,Fluorinated gases,Seasonally adjusted,Kilotonnes,118,Carbon dioxide equivalents
2016.12,ZGZ,Goods-producing industries,Nitrous oxide,Seasonally adjusted,Kilotonnes,47,Carbon dioxide equivalents
2016.12,ZGZ,Goods-producing industries,Methane,Actual,Kilotonnes,637,Carbon dioxide equivalents
2016.12,ZGZ,Goods-producing industries,Carbon dioxide,Actual,Kilotonnes,3822,Carbon dioxide equivalents
2016.12,ZGZ,Goods-producing industries,Carbon dioxide equivalents,Actual,Kilotonnes,4625,Carbon dioxide equivalents
2016.12,ZGZ,Goods-producing industries,Fluorinated gases,Actual,Kilotonnes,119,Carbon dioxide equivalents
2016.12,ZGZ,Goods-producing industries,Nitrous oxide,Actual,Kilotonnes,48,Carbon dioxide equivalents
2017.03,ZGZ,Goods-producing industries,Methane,Seasonally adjusted,Kilotonnes,631,Carbon dioxide equivalents
2017.03,ZGZ,Goods-producing industries,Carbon dioxide,Seasonally adjusted,Kilotonnes,3939,Carbon dioxide equivalents
2017.03,ZGZ,Goods-producing industries,Carbon dioxide equivalents,Seasonally adjusted,Kilotonnes,4739,Carbon dioxide equivalents
2017.03,ZGZ,Goods-producing industries,Fluorinated gases,Seasonally adjusted,Kilotonnes,123,Carbon dioxide equivalents
2017.03,ZGZ,Goods-producing industries,Nitrous oxide,Seasonally adjusted,Kilotonnes,47,Carbon dioxide equivalents
2017.03,ZGZ,Goods-producing industries,Methane,Actual,Kilotonnes,634,Carbon dioxide equivalents
2017.03,ZGZ,Goods-producing industries,Carbon dioxide,Actual,Kilotonnes,3966,Carbon dioxide equivalents
2017.03,ZGZ,Goods-producing industries,Carbon dioxide equivalents,Actual,Kilotonnes,4771,Carbon dioxide equivalents
2017.03,ZGZ,Goods-producing industries,Fluorinated gases,Actual,Kilotonnes,123,Carbon dioxide equivalents
2017.03,ZGZ,Goods-producing industries,Nitrous oxide,Actual,Kilotonnes,48,Carbon dioxide equivalents
2017.06,ZGZ,Goods-producing industries,Methane,Seasonally adjusted,Kilotonnes,623,Carbon dioxide equivalents
2017.06,ZGZ,Goods-producing industries,Carbon dioxide,Seasonally adjusted,Kilotonnes,4259,Carbon dioxide equivalents
2017.06,ZGZ,Goods-producing industries,Carbon dioxide equivalents,Seasonally adjusted,Kilotonnes,5064,Carbon dioxide equivalents
2017.06,ZGZ,Goods-producing industries,Fluorinated gases,Seasonally adjusted,Kilotonnes,132,Carbon dioxide equivalents
2017.06,ZGZ,Goods-producing industries,Nitrous oxide,Seasonally adjusted,Kilotonnes,47,Carbon dioxide equivalents
2017.06,ZGZ,Goods-producing industries,Methane,Actual,Kilotonnes,622,Carbon dioxide equivalents
2017.06,ZGZ,Goods-producing industries,Carbon dioxide,Actual,Kilotonnes,4061,Carbon dioxide equivalents
2017.06,ZGZ,Goods-producing industries,Carbon dioxide equivalents,Actual,Kilotonnes,4861,Carbon dioxide equivalents
2017.06,ZGZ,Goods-producing industries,Fluorinated gases,Actual,Kilotonnes,131,Carbon dioxide equivalents
2017.06,ZGZ,Goods-producing industries,Nitrous oxide,Actual,Kilotonnes,46,Carbon dioxide equivalents
2017.09,ZGZ,Goods-producing industries,Methane,Seasonally adjusted,Kilotonnes,627,Carbon dioxide equivalents
2017.09,ZGZ,Goods-producing industries,Carbon dioxide,Seasonally adjusted,Kilotonnes,4337,Carbon dioxide equivalents
2017.09,ZGZ,Goods-producing industries,Carbon dioxide equivalents,Seasonally adjusted,Kilotonnes,5154,Carbon dioxide equivalents
2017.09,ZGZ,Goods-producing industries,Fluorinated gases,Seasonally adjusted,Kilotonnes,142,Carbon dioxide equivalents
2017.09,ZGZ,Goods-producing industries,Nitrous oxide,Seasonally adjusted,Kilotonnes,48,Carbon dioxide equivalents
2017.09,ZGZ,Goods-producing industries,Methane,Actual,Kilotonnes,623,Carbon dioxide equivalents
2017.09,ZGZ,Goods-producing industries,Carbon dioxide,Actual,Kilotonnes,4363,Carbon dioxide equivalents
2017.09,ZGZ,Goods-producing industries,Carbon dioxide equivalents,Actual,Kilotonnes,5176,Carbon dioxide equivalents
2017.09,ZGZ,Goods-producing industries,Fluorinated gases,Actual,Kilotonnes,142,Carbon dioxide equivalents
2017.09,ZGZ,Goods-producing industries,Nitrous oxide,Actual,Kilotonnes,47,Carbon dioxide equivalents
2017.12,ZGZ,Goods-producing industries,Methane,Seasonally adjusted,Kilotonnes,625,Carbon dioxide equivalents
2017.12,ZGZ,Goods-producing industries,Carbon dioxide,Seasonally adjusted,Kilotonnes,4494,Carbon dioxide equivalents
2017.12,ZGZ,Goods-producing industries,Carbon dioxide equivalents,Seasonally adjusted,Kilotonnes,5319,Carbon dioxide equivalents
2017.12,ZGZ,Goods-producing industries,Fluorinated gases,Seasonally adjusted,Kilotonnes,154,Carbon dioxide equivalents
2017.12,ZGZ,Goods-producing industries,Nitrous oxide,Seasonally adjusted,Kilotonnes,48,Carbon dioxide equivalents
2017.12,ZGZ,Goods-producing industries,Methane,Actual,Kilotonnes,627,Carbon dioxide equivalents
2017.12,ZGZ,Goods-producing industries,Carbon dioxide,Actual,Kilotonnes,4650,Carbon dioxide equivalents
2017.12,ZGZ,Goods-producing industries,Carbon dioxide equivalents,Actual,Kilotonnes,5481,Carbon dioxide equivalents
2017.12,ZGZ,Goods-producing industries,Fluorinated gases,Actual,Kilotonnes,155,Carbon dioxide equivalents
2017.12,ZGZ,Goods-producing industries,Nitrous oxide,Actual,Kilotonnes,49,Carbon dioxide equivalents
2018.03,ZGZ,Goods-producing industries,Methane,Seasonally adjusted,Kilotonnes,620,Carbon dioxide equivalents
2018.03,ZGZ,Goods-producing industries,Carbon dioxide,Seasonally adjusted,Kilotonnes,4137,Carbon dioxide equivalents
2018.03,ZGZ,Goods-producing industries,Carbon dioxide equivalents,Seasonally adjusted,Kilotonnes,4970,Carbon dioxide equivalents
2018.03,ZGZ,Goods-producing industries,Fluorinated gases,Seasonally adjusted,Kilotonnes,170,Carbon dioxide equivalents
2018.03,ZGZ,Goods-producing industries,Nitrous oxide,Seasonally adjusted,Kilotonnes,48,Carbon dioxide equivalents
2018.03,ZGZ,Goods-producing industries,Methane,Actual,Kilotonnes,623,Carbon dioxide equivalents
2018.03,ZGZ,Goods-producing industries,Carbon dioxide,Actual,Kilotonnes,4167,Carbon dioxide equivalents
2018.03,ZGZ,Goods-producing industries,Carbon dioxide equivalents,Actual,Kilotonnes,5008,Carbon dioxide equivalents
2018.03,ZGZ,Goods-producing industries,Fluorinated gases,Actual,Kilotonnes,170,Carbon dioxide equivalents
2018.03,ZGZ,Goods-producing industries,Nitrous oxide,Actual,Kilotonnes,48,Carbon dioxide equivalents
2018.06,ZGZ,Goods-producing industries,Methane,Seasonally adjusted,Kilotonnes,615,Carbon dioxide equivalents
2018.06,ZGZ,Goods-producing industries,Carbon dioxide,Seasonally adjusted,Kilotonnes,4120,Carbon dioxide equivalents
2018.06,ZGZ,Goods-producing industries,Carbon dioxide equivalents,Seasonally adjusted,Kilotonnes,4974,Carbon dioxide equivalents
2018.06,ZGZ,Goods-producing industries,Fluorinated gases,Seasonally adjusted,Kilotonnes,178,Carbon dioxide equivalents
2018.06,ZGZ,Goods-producing industries,Nitrous oxide,Seasonally adjusted,Kilotonnes,50,Carbon dioxide equivalents
2018.06,ZGZ,Goods-producing industries,Methane,Actual,Kilotonnes,614,Carbon dioxide equivalents
2018.06,ZGZ,Goods-producing industries,Carbon dioxide,Actual,Kilotonnes,3919,Carbon dioxide equivalents
2018.06,ZGZ,Goods-producing industries,Carbon dioxide equivalents,Actual,Kilotonnes,4760,Carbon dioxide equivalents
2018.06,ZGZ,Goods-producing industries,Fluorinated gases,Actual,Kilotonnes,178,Carbon dioxide equivalents
2018.06,ZGZ,Goods-producing industries,Nitrous oxide,Actual,Kilotonnes,49,Carbon dioxide equivalents
2018.09,ZGZ,Goods-producing industries,Methane,Seasonally adjusted,Kilotonnes,625,Carbon dioxide equivalents
2018.09,ZGZ,Goods-producing industries,Carbon dioxide,Seasonally adjusted,Kilotonnes,4215,Carbon dioxide equivalents
2018.09,ZGZ,Goods-producing industries,Carbon dioxide equivalents,Seasonally adjusted,Kilotonnes,5067,Carbon dioxide equivalents
2018.09,ZGZ,Goods-producing industries,Fluorinated gases,Seasonally adjusted,Kilotonnes,179,Carbon dioxide equivalents
2018.09,ZGZ,Goods-producing industries,Nitrous oxide,Seasonally adjusted,Kilotonnes,50,Carbon dioxide equivalents
2018.09,ZGZ,Goods-producing industries,Methane,Actual,Kilotonnes,620,Carbon dioxide equivalents
2018.09,ZGZ,Goods-producing industries,Carbon dioxide,Actual,Kilotonnes,4249,Carbon dioxide equivalents
2018.09,ZGZ,Goods-producing industries,Carbon dioxide equivalents,Actual,Kilotonnes,5098,Carbon dioxide equivalents
2018.09,ZGZ,Goods-producing industries,Fluorinated gases,Actual,Kilotonnes,179,Carbon dioxide equivalents
2018.09,ZGZ,Goods-producing industries,Nitrous oxide,Actual,Kilotonnes,49,Carbon dioxide equivalents
2018.12,ZGZ,Goods-producing industries,Methane,Seasonally adjusted,Kilotonnes,612,Carbon dioxide equivalents
2018.12,ZGZ,Goods-producing industries,Carbon dioxide,Seasonally adjusted,Kilotonnes,4567,Carbon dioxide equivalents
2018.12,ZGZ,Goods-producing industries,Carbon dioxide equivalents,Seasonally adjusted,Kilotonnes,5398,Carbon dioxide equivalents
2018.12,ZGZ,Goods-producing industries,Fluorinated gases,Seasonally adjusted,Kilotonnes,174,Carbon dioxide equivalents
2018.12,ZGZ,Goods-producing industries,Nitrous oxide,Seasonally adjusted,Kilotonnes,51,Carbon dioxide equivalents
2018.12,ZGZ,Goods-producing industries,Methane,Actual,Kilotonnes,614,Carbon dioxide equivalents
2018.12,ZGZ,Goods-producing industries,Carbon dioxide,Actual,Kilotonnes,4702,Carbon dioxide equivalents
2018.12,ZGZ,Goods-producing industries,Carbon dioxide equivalents,Actual,Kilotonnes,5542,Carbon dioxide equivalents
2018.12,ZGZ,Goods-producing industries,Fluorinated gases,Actual,Kilotonnes,174,Carbon dioxide equivalents
2018.12,ZGZ,Goods-producing industries,Nitrous oxide,Actual,Kilotonnes,52,Carbon dioxide equivalents
2019.03,ZGZ,Goods-producing industries,Methane,Seasonally adjusted,Kilotonnes,605,Carbon dioxide equivalents
2019.03,ZGZ,Goods-producing industries,Carbon dioxide,Seasonally adjusted,Kilotonnes,4619,Carbon dioxide equivalents
2019.03,ZGZ,Goods-producing industries,Carbon dioxide equivalents,Seasonally adjusted,Kilotonnes,5428,Carbon dioxide equivalents
2019.03,ZGZ,Goods-producing industries,Fluorinated gases,Seasonally adjusted,Kilotonnes,160,Carbon dioxide equivalents
2019.03,ZGZ,Goods-producing industries,Nitrous oxide,Seasonally adjusted,Kilotonnes,51,Carbon dioxide equivalents
2019.03,ZGZ,Goods-producing industries,Methane,Actual,Kilotonnes,608,Carbon dioxide equivalents
2019.03,ZGZ,Goods-producing industries,Carbon dioxide,Actual,Kilotonnes,4659,Carbon dioxide equivalents
2019.03,ZGZ,Goods-producing industries,Carbon dioxide equivalents,Actual,Kilotonnes,5478,Carbon dioxide equivalents
2019.03,ZGZ,Goods-producing industries,Fluorinated gases,Actual,Kilotonnes,160,Carbon dioxide equivalents
2019.03,ZGZ,Goods-producing industries,Nitrous oxide,Actual,Kilotonnes,52,Carbon dioxide equivalents
2019.06,ZGZ,Goods-producing industries,Methane,Seasonally adjusted,Kilotonnes,605,Carbon dioxide equivalents
2019.06,ZGZ,Goods-producing industries,Carbon dioxide,Seasonally adjusted,Kilotonnes,4270,Carbon dioxide equivalents
2019.06,ZGZ,Goods-producing industries,Carbon dioxide equivalents,Seasonally adjusted,Kilotonnes,5092,Carbon dioxide equivalents
2019.06,ZGZ,Goods-producing industries,Fluorinated gases,Seasonally adjusted,Kilotonnes,151,Carbon dioxide equivalents
2019.06,ZGZ,Goods-producing industries,Nitrous oxide,Seasonally adjusted,Kilotonnes,50,Carbon dioxide equivalents
2019.06,ZGZ,Goods-producing industries,Methane,Actual,Kilotonnes,604,Carbon dioxide equivalents
2019.06,ZGZ,Goods-producing industries,Carbon dioxide,Actual,Kilotonnes,4097,Carbon dioxide equivalents
2019.06,ZGZ,Goods-producing industries,Carbon dioxide equivalents,Actual,Kilotonnes,4902,Carbon dioxide equivalents
2019.06,ZGZ,Goods-producing industries,Fluorinated gases,Actual,Kilotonnes,151,Carbon dioxide equivalents
2019.06,ZGZ,Goods-producing industries,Nitrous oxide,Actual,Kilotonnes,50,Carbon dioxide equivalents
2019.09,ZGZ,Goods-producing industries,Methane,Seasonally adjusted,Kilotonnes,603,Carbon dioxide equivalents
2019.09,ZGZ,Goods-producing industries,Carbon dioxide,Seasonally adjusted,Kilotonnes,4400,Carbon dioxide equivalents
2019.09,ZGZ,Goods-producing industries,Carbon dioxide equivalents,Seasonally adjusted,Kilotonnes,5202,Carbon dioxide equivalents
2019.09,ZGZ,Goods-producing industries,Fluorinated gases,Seasonally adjusted,Kilotonnes,148,Carbon dioxide equivalents
2019.09,ZGZ,Goods-producing industries,Nitrous oxide,Seasonally adjusted,Kilotonnes,52,Carbon dioxide equivalents
2019.09,ZGZ,Goods-producing industries,Methane,Actual,Kilotonnes,598,Carbon dioxide equivalents
2019.09,ZGZ,Goods-producing industries,Carbon dioxide,Actual,Kilotonnes,4429,Carbon dioxide equivalents
2019.09,ZGZ,Goods-producing industries,Carbon dioxide equivalents,Actual,Kilotonnes,5226,Carbon dioxide equivalents
2019.09,ZGZ,Goods-producing industries,Fluorinated gases,Actual,Kilotonnes,148,Carbon dioxide equivalents
2019.09,ZGZ,Goods-producing industries,Nitrous oxide,Actual,Kilotonnes,51,Carbon dioxide equivalents
2019.12,ZGZ,Goods-producing industries,Methane,Seasonally adjusted,Kilotonnes,598,Carbon dioxide equivalents
2019.12,ZGZ,Goods-producing industries,Carbon dioxide,Seasonally adjusted,Kilotonnes,4454,Carbon dioxide equivalents
2019.12,ZGZ,Goods-producing industries,Carbon dioxide equivalents,Seasonally adjusted,Kilotonnes,5246,Carbon dioxide equivalents
2019.12,ZGZ,Goods-producing industries,Fluorinated gases,Seasonally adjusted,Kilotonnes,150,Carbon dioxide equivalents
2019.12,ZGZ,Goods-producing industries,Nitrous oxide,Seasonally adjusted,Kilotonnes,52,Carbon dioxide equivalents
2019.12,ZGZ,Goods-producing industries,Methane,Actual,Kilotonnes,601,Carbon dioxide equivalents
2019.12,ZGZ,Goods-producing industries,Carbon dioxide,Actual,Kilotonnes,4524,Carbon dioxide equivalents
2019.12,ZGZ,Goods-producing industries,Carbon dioxide equivalents,Actual,Kilotonnes,5328,Carbon dioxide equivalents
2019.12,ZGZ,Goods-producing industries,Fluorinated gases,Actual,Kilotonnes,150,Carbon dioxide equivalents
2019.12,ZGZ,Goods-producing industries,Nitrous oxide,Actual,Kilotonnes,52,Carbon dioxide equivalents
2020.03,ZGZ,Goods-producing industries,Methane,Seasonally adjusted,Kilotonnes,598,Carbon dioxide equivalents
2020.03,ZGZ,Goods-producing industries,Carbon dioxide,Seasonally adjusted,Kilotonnes,4100,Carbon dioxide equivalents
2020.03,ZGZ,Goods-producing industries,Carbon dioxide equivalents,Seasonally adjusted,Kilotonnes,4897,Carbon dioxide equivalents
2020.03,ZGZ,Goods-producing industries,Fluorinated gases,Seasonally adjusted,Kilotonnes,156,Carbon dioxide equivalents
2020.03,ZGZ,Goods-producing industries,Nitrous oxide,Seasonally adjusted,Kilotonnes,50,Carbon dioxide equivalents
2020.03,ZGZ,Goods-producing industries,Methane,Actual,Kilotonnes,602,Carbon dioxide equivalents
2020.03,ZGZ,Goods-producing industries,Carbon dioxide,Actual,Kilotonnes,4162,Carbon dioxide equivalents
2020.03,ZGZ,Goods-producing industries,Carbon dioxide equivalents,Actual,Kilotonnes,4972,Carbon dioxide equivalents
2020.03,ZGZ,Goods-producing industries,Fluorinated gases,Actual,Kilotonnes,157,Carbon dioxide equivalents
2020.03,ZGZ,Goods-producing industries,Nitrous oxide,Actual,Kilotonnes,51,Carbon dioxide equivalents
2020.06,ZGZ,Goods-producing industries,Methane,Seasonally adjusted,Kilotonnes,597,Carbon dioxide equivalents
2020.06,ZGZ,Goods-producing industries,Carbon dioxide,Seasonally adjusted,Kilotonnes,3885,Carbon dioxide equivalents
2020.06,ZGZ,Goods-producing industries,Carbon dioxide equivalents,Seasonally adjusted,Kilotonnes,4719,Carbon dioxide equivalents
2020.06,ZGZ,Goods-producing industries,Fluorinated gases,Seasonally adjusted,Kilotonnes,166,Carbon dioxide equivalents
2020.06,ZGZ,Goods-producing industries,Nitrous oxide,Seasonally adjusted,Kilotonnes,48,Carbon dioxide equivalents
2020.06,ZGZ,Goods-producing industries,Methane,Actual,Kilotonnes,597,Carbon dioxide equivalents
2020.06,ZGZ,Goods-producing industries,Carbon dioxide,Actual,Kilotonnes,3771,Carbon dioxide equivalents
2020.06,ZGZ,Goods-producing industries,Carbon dioxide equivalents,Actual,Kilotonnes,4581,Carbon dioxide equivalents
2020.06,ZGZ,Goods-producing industries,Fluorinated gases,Actual,Kilotonnes,166,Carbon dioxide equivalents
2020.06,ZGZ,Goods-producing industries,Nitrous oxide,Actual,Kilotonnes,48,Carbon dioxide equivalents
2020.09,ZGZ,Goods-producing industries,Methane,Seasonally adjusted,Kilotonnes,589,Carbon dioxide equivalents
2020.09,ZGZ,Goods-producing industries,Carbon dioxide,Seasonally adjusted,Kilotonnes,4550,Carbon dioxide equivalents
2020.09,ZGZ,Goods-producing industries,Carbon dioxide equivalents,Seasonally adjusted,Kilotonnes,5370,Carbon dioxide equivalents
2020.09,ZGZ,Goods-producing industries,Fluorinated gases,Seasonally adjusted,Kilotonnes,182,Carbon dioxide equivalents
2020.09,ZGZ,Goods-producing industries,Nitrous oxide,Seasonally adjusted,Kilotonnes,52,Carbon dioxide equivalents
2020.09,ZGZ,Goods-producing industries,Methane,Actual,Kilotonnes,582,Carbon dioxide equivalents
2020.09,ZGZ,Goods-producing industries,Carbon dioxide,Actual,Kilotonnes,4567,Carbon dioxide equivalents
2020.09,ZGZ,Goods-producing industries,Carbon dioxide equivalents,Actual,Kilotonnes,5383,Carbon dioxide equivalents
2020.09,ZGZ,Goods-producing industries,Fluorinated gases,Actual,Kilotonnes,182,Carbon dioxide equivalents
2020.09,ZGZ,Goods-producing industries,Nitrous oxide,Actual,Kilotonnes,51,Carbon dioxide equivalents
2020.12,ZGZ,Goods-producing industries,Methane,Seasonally adjusted,Kilotonnes,590,Carbon dioxide equivalents
2020.12,ZGZ,Goods-producing industries,Carbon dioxide,Seasonally adjusted,Kilotonnes,4367,Carbon dioxide equivalents
2020.12,ZGZ,Goods-producing industries,Carbon dioxide equivalents,Seasonally adjusted,Kilotonnes,5198,Carbon dioxide equivalents
2020.12,ZGZ,Goods-producing industries,Fluorinated gases,Seasonally adjusted,Kilotonnes,202,Carbon dioxide equivalents
2020.12,ZGZ,Goods-producing industries,Nitrous oxide,Seasonally adjusted,Kilotonnes,51,Carbon dioxide equivalents
2020.12,ZGZ,Goods-producing industries,Methane,Actual,Kilotonnes,593,Carbon dioxide equivalents
2020.12,ZGZ,Goods-producing industries,Carbon dioxide,Actual,Kilotonnes,4372,Carbon dioxide equivalents
2020.12,ZGZ,Goods-producing industries,Carbon dioxide equivalents,Actual,Kilotonnes,5219,Carbon dioxide equivalents
2020.12,ZGZ,Goods-producing industries,Fluorinated gases,Actual,Kilotonnes,202,Carbon dioxide equivalents
2020.12,ZGZ,Goods-producing industries,Nitrous oxide,Actual,Kilotonnes,52,Carbon dioxide equivalents
2021.03,ZGZ,Goods-producing industries,Methane,Seasonally adjusted,Kilotonnes,588,Carbon dioxide equivalents
2021.03,ZGZ,Goods-producing industries,Carbon dioxide,Seasonally adjusted,Kilotonnes,4514,Carbon dioxide equivalents
2021.03,ZGZ,Goods-producing industries,Carbon dioxide equivalents,Seasonally adjusted,Kilotonnes,5373,Carbon dioxide equivalents
2021.03,ZGZ,Goods-producing industries,Fluorinated gases,Seasonally adjusted,Kilotonnes,224,Carbon dioxide equivalents
2021.03,ZGZ,Goods-producing industries,Nitrous oxide,Seasonally adjusted,Kilotonnes,54,Carbon dioxide equivalents
2021.03,ZGZ,Goods-producing industries,Methane,Actual,Kilotonnes,592,Carbon dioxide equivalents
2021.03,ZGZ,Goods-producing industries,Carbon dioxide,Actual,Kilotonnes,4598,Carbon dioxide equivalents
2021.03,ZGZ,Goods-producing industries,Carbon dioxide equivalents,Actual,Kilotonnes,5469,Carbon dioxide equivalents
2021.03,ZGZ,Goods-producing industries,Fluorinated gases,Actual,Kilotonnes,224,Carbon dioxide equivalents
2021.03,ZGZ,Goods-producing industries,Nitrous oxide,Actual,Kilotonnes,55,Carbon dioxide equivalents
2021.06,ZGZ,Goods-producing industries,Methane,Seasonally adjusted,Kilotonnes,582,Carbon dioxide equivalents
2021.06,ZGZ,Goods-producing industries,Carbon dioxide,Seasonally adjusted,Kilotonnes,4841,Carbon dioxide equivalents
2021.06,ZGZ,Goods-producing industries,Carbon dioxide equivalents,Seasonally adjusted,Kilotonnes,5743,Carbon dioxide equivalents
2021.06,ZGZ,Goods-producing industries,Fluorinated gases,Seasonally adjusted,Kilotonnes,240,Carbon dioxide equivalents
2021.06,ZGZ,Goods-producing industries,Nitrous oxide,Seasonally adjusted,Kilotonnes,55,Carbon dioxide equivalents
2021.06,ZGZ,Goods-producing industries,Methane,Actual,Kilotonnes,582,Carbon dioxide equivalents
2021.06,ZGZ,Goods-producing industries,Carbon dioxide,Actual,Kilotonnes,4762,Carbon dioxide equivalents
2021.06,ZGZ,Goods-producing industries,Carbon dioxide equivalents,Actual,Kilotonnes,5638,Carbon dioxide equivalents
2021.06,ZGZ,Goods-producing industries,Fluorinated gases,Actual,Kilotonnes,240,Carbon dioxide equivalents
2021.06,ZGZ,Goods-producing industries,Nitrous oxide,Actual,Kilotonnes,55,Carbon dioxide equivalents
2021.09,ZGZ,Goods-producing industries,Methane,Seasonally adjusted,Kilotonnes,578,Carbon dioxide equivalents
2021.09,ZGZ,Goods-producing industries,Carbon dioxide,Seasonally adjusted,Kilotonnes,3898,Carbon dioxide equivalents
2021.09,ZGZ,Goods-producing industries,Carbon dioxide equivalents,Seasonally adjusted,Kilotonnes,4771,Carbon dioxide equivalents
2021.09,ZGZ,Goods-producing industries,Fluorinated gases,Seasonally adjusted,Kilotonnes,249,Carbon dioxide equivalents
2021.09,ZGZ,Goods-producing industries,Nitrous oxide,Seasonally adjusted,Kilotonnes,51,Carbon dioxide equivalents
2021.09,ZGZ,Goods-producing industries,Methane,Actual,Kilotonnes,571,Carbon dioxide equivalents
2021.09,ZGZ,Goods-producing industries,Carbon dioxide,Actual,Kilotonnes,3926,Carbon dioxide equivalents
2021.09,ZGZ,Goods-producing industries,Carbon dioxide equivalents,Actual,Kilotonnes,4796,Carbon dioxide equivalents
2021.09,ZGZ,Goods-producing industries,Fluorinated gases,Actual,Kilotonnes,249,Carbon dioxide equivalents
2021.09,ZGZ,Goods-producing industries,Nitrous oxide,Actual,Kilotonnes,50,Carbon dioxide equivalents
2021.12,ZGZ,Goods-producing industries,Methane,Seasonally adjusted,Kilotonnes,578,Carbon dioxide equivalents
2021.12,ZGZ,Goods-producing industries,Carbon dioxide,Seasonally adjusted,Kilotonnes,3958,Carbon dioxide equivalents
2021.12,ZGZ,Goods-producing industries,Carbon dioxide equivalents,Seasonally adjusted,Kilotonnes,4828,Carbon dioxide equivalents
2021.12,ZGZ,Goods-producing industries,Fluorinated gases,Seasonally adjusted,Kilotonnes,251,Carbon dioxide equivalents
2021.12,ZGZ,Goods-producing industries,Nitrous oxide,Seasonally adjusted,Kilotonnes,51,Carbon dioxide equivalents
2021.12,ZGZ,Goods-producing industries,Methane,Actual,Kilotonnes,582,Carbon dioxide equivalents
2021.12,ZGZ,Goods-producing industries,Carbon dioxide,Actual,Kilotonnes,3877,Carbon dioxide equivalents
2021.12,ZGZ,Goods-producing industries,Carbon dioxide equivalents,Actual,Kilotonnes,4761,Carbon dioxide equivalents
2021.12,ZGZ,Goods-producing industries,Fluorinated gases,Actual,Kilotonnes,251,Carbon dioxide equivalents
2021.12,ZGZ,Goods-producing industries,Nitrous oxide,Actual,Kilotonnes,51,Carbon dioxide equivalents
2022.03,ZGZ,Goods-producing industries,Methane,Seasonally adjusted,Kilotonnes,577,Carbon dioxide equivalents
2022.03,ZGZ,Goods-producing industries,Carbon dioxide,Seasonally adjusted,Kilotonnes,4149,Carbon dioxide equivalents
2022.03,ZGZ,Goods-producing industries,Carbon dioxide equivalents,Seasonally adjusted,Kilotonnes,5015,Carbon dioxide equivalents
2022.03,ZGZ,Goods-producing industries,Fluorinated gases,Seasonally adjusted,Kilotonnes,244,Carbon dioxide equivalents
2022.03,ZGZ,Goods-producing industries,Nitrous oxide,Seasonally adjusted,Kilotonnes,52,Carbon dioxide equivalents
2022.03,ZGZ,Goods-producing industries,Methane,Actual,Kilotonnes,581,Carbon dioxide equivalents
2022.03,ZGZ,Goods-producing industries,Carbon dioxide,Actual,Kilotonnes,4241,Carbon dioxide equivalents
2022.03,ZGZ,Goods-producing industries,Carbon dioxide equivalents,Actual,Kilotonnes,5119,Carbon dioxide equivalents
2022.03,ZGZ,Goods-producing industries,Fluorinated gases,Actual,Kilotonnes,245,Carbon dioxide equivalents
2022.03,ZGZ,Goods-producing industries,Nitrous oxide,Actual,Kilotonnes,52,Carbon dioxide equivalents
2022.06,ZGZ,Goods-producing industries,Methane,Seasonally adjusted,Kilotonnes,572,Carbon dioxide equivalents
2022.06,ZGZ,Goods-producing industries,Carbon dioxide,Seasonally adjusted,Kilotonnes,3950,Carbon dioxide equivalents
2022.06,ZGZ,Goods-producing industries,Carbon dioxide equivalents,Seasonally adjusted,Kilotonnes,4828,Carbon dioxide equivalents
2022.06,ZGZ,Goods-producing industries,Fluorinated gases,Seasonally adjusted,Kilotonnes,234,Carbon dioxide equivalents
2022.06,ZGZ,Goods-producing industries,Nitrous oxide,Seasonally adjusted,Kilotonnes,52,Carbon dioxide equivalents
2022.06,ZGZ,Goods-producing industries,Methane,Actual,Kilotonnes,572,Carbon dioxide equivalents
2022.06,ZGZ,Goods-producing industries,Carbon dioxide,Actual,Kilotonnes,3944,Carbon dioxide equivalents
2022.06,ZGZ,Goods-producing industries,Carbon dioxide equivalents,Actual,Kilotonnes,4801,Carbon dioxide equivalents
2022.06,ZGZ,Goods-producing industries,Fluorinated gases,Actual,Kilotonnes,234,Carbon dioxide equivalents
2022.06,ZGZ,Goods-producing industries,Nitrous oxide,Actual,Kilotonnes,51,Carbon dioxide equivalents
2022.09,ZGZ,Goods-producing industries,Methane,Seasonally adjusted,Kilotonnes,571,Carbon dioxide equivalents
2022.09,ZGZ,Goods-producing industries,Carbon dioxide,Seasonally adjusted,Kilotonnes,3300,Carbon dioxide equivalents
2022.09,ZGZ,Goods-producing industries,Carbon dioxide equivalents,Seasonally adjusted,Kilotonnes,4135,Carbon dioxide equivalents
2022.09,ZGZ,Goods-producing industries,Fluorinated gases,Seasonally adjusted,Kilotonnes,219,Carbon dioxide equivalents
2022.09,ZGZ,Goods-producing industries,Nitrous oxide,Seasonally adjusted,Kilotonnes,50,Carbon dioxide equivalents
2022.09,ZGZ,Goods-producing industries,Methane,Actual,Kilotonnes,564,Carbon dioxide equivalents
2022.09,ZGZ,Goods-producing industries,Carbon dioxide,Actual,Kilotonnes,3332,Carbon dioxide equivalents
2022.09,ZGZ,Goods-producing industries,Carbon dioxide equivalents,Actual,Kilotonnes,4163,Carbon dioxide equivalents
2022.09,ZGZ,Goods-producing industries,Fluorinated gases,Actual,Kilotonnes,218,Carbon dioxide equivalents
2022.09,ZGZ,Goods-producing industries,Nitrous oxide,Actual,Kilotonnes,50,Carbon dioxide equivalents
2022.12,ZGZ,Goods-producing industries,Methane,Seasonally adjusted,Kilotonnes,572,Carbon dioxide equivalents
2022.12,ZGZ,Goods-producing industries,Carbon dioxide,Seasonally adjusted,Kilotonnes,3265,Carbon dioxide equivalents
2022.12,ZGZ,Goods-producing industries,Carbon dioxide equivalents,Seasonally adjusted,Kilotonnes,4082,Carbon dioxide equivalents
2022.12,ZGZ,Goods-producing industries,Fluorinated gases,Seasonally adjusted,Kilotonnes,197,Carbon dioxide equivalents
2022.12,ZGZ,Goods-producing industries,Nitrous oxide,Seasonally adjusted,Kilotonnes,52,Carbon dioxide equivalents
2022.12,ZGZ,Goods-producing industries,Methane,Actual,Kilotonnes,575,Carbon dioxide equivalents
2022.12,ZGZ,Goods-producing industries,Carbon dioxide,Actual,Kilotonnes,3143,Carbon dioxide equivalents
2022.12,ZGZ,Goods-producing industries,Carbon dioxide equivalents,Actual,Kilotonnes,3968,Carbon dioxide equivalents
2022.12,ZGZ,Goods-producing industries,Fluorinated gases,Actual,Kilotonnes,197,Carbon dioxide equivalents
2022.12,ZGZ,Goods-producing industries,Nitrous oxide,Actual,Kilotonnes,52,Carbon dioxide equivalents
2023.03,ZGZ,Goods-producing industries,Methane,Seasonally adjusted,Kilotonnes,570,Carbon dioxide equivalents
2023.03,ZGZ,Goods-producing industries,Carbon dioxide,Seasonally adjusted,Kilotonnes,3368,Carbon dioxide equivalents
2023.03,ZGZ,Goods-producing industries,Carbon dioxide equivalents,Seasonally adjusted,Kilotonnes,4155,Carbon dioxide equivalents
2023.03,ZGZ,Goods-producing industries,Fluorinated gases,Seasonally adjusted,Kilotonnes,169,Carbon dioxide equivalents
2023.03,ZGZ,Goods-producing industries,Nitrous oxide,Seasonally adjusted,Kilotonnes,51,Carbon dioxide equivalents
2023.03,ZGZ,Goods-producing industries,Methane,Actual,Kilotonnes,574,Carbon dioxide equivalents
2023.03,ZGZ,Goods-producing industries,Carbon dioxide,Actual,Kilotonnes,3440,Carbon dioxide equivalents
2023.03,ZGZ,Goods-producing industries,Carbon dioxide equivalents,Actual,Kilotonnes,4236,Carbon dioxide equivalents
2023.03,ZGZ,Goods-producing industries,Fluorinated gases,Actual,Kilotonnes,169,Carbon dioxide equivalents
2023.03,ZGZ,Goods-producing industries,Nitrous oxide,Actual,Kilotonnes,52,Carbon dioxide equivalents
2023.06,ZGZ,Goods-producing industries,Methane,Seasonally adjusted,Kilotonnes,569,Carbon dioxide equivalents
2023.06,ZGZ,Goods-producing industries,Carbon dioxide,Seasonally adjusted,Kilotonnes,3162,Carbon dioxide equivalents
2023.06,ZGZ,Goods-producing industries,Carbon dioxide equivalents,Seasonally adjusted,Kilotonnes,3943,Carbon dioxide equivalents
2023.06,ZGZ,Goods-producing industries,Fluorinated gases,Seasonally adjusted,Kilotonnes,151,Carbon dioxide equivalents
2023.06,ZGZ,Goods-producing industries,Nitrous oxide,Seasonally adjusted,Kilotonnes,51,Carbon dioxide equivalents
2023.06,ZGZ,Goods-producing industries,Methane,Actual,Kilotonnes,568,Carbon dioxide equivalents
2023.06,ZGZ,Goods-producing industries,Carbon dioxide,Actual,Kilotonnes,3199,Carbon dioxide equivalents
2023.06,ZGZ,Goods-producing industries,Carbon dioxide equivalents,Actual,Kilotonnes,3968,Carbon dioxide equivalents
2023.06,ZGZ,Goods-producing industries,Fluorinated gases,Actual,Kilotonnes,151,Carbon dioxide equivalents
2023.06,ZGZ,Goods-producing industries,Nitrous oxide,Actual,Kilotonnes,51,Carbon dioxide equivalents
2023.09,ZGZ,Goods-producing industries,Methane,Seasonally adjusted,Kilotonnes,566,Carbon dioxide equivalents
2023.09,ZGZ,Goods-producing industries,Carbon dioxide,Seasonally adjusted,Kilotonnes,3745,Carbon dioxide equivalents
2023.09,ZGZ,Goods-producing industries,Carbon dioxide equivalents,Seasonally adjusted,Kilotonnes,4500,Carbon dioxide equivalents
2023.09,ZGZ,Goods-producing industries,Fluorinated gases,Seasonally adjusted,Kilotonnes,140,Carbon dioxide equivalents
2023.09,ZGZ,Goods-producing industries,Nitrous oxide,Seasonally adjusted,Kilotonnes,52,Carbon dioxide equivalents
2023.09,ZGZ,Goods-producing industries,Methane,Actual,Kilotonnes,559,Carbon dioxide equivalents
2023.09,ZGZ,Goods-producing industries,Carbon dioxide,Actual,Kilotonnes,3792,Carbon dioxide equivalents
2023.09,ZGZ,Goods-producing industries,Carbon dioxide equivalents,Actual,Kilotonnes,4542,Carbon dioxide equivalents
2023.09,ZGZ,Goods-producing industries,Fluorinated gases,Actual,Kilotonnes,140,Carbon dioxide equivalents
2023.09,ZGZ,Goods-producing industries,Nitrous oxide,Actual,Kilotonnes,51,Carbon dioxide equivalents
2023.12,ZGZ,Goods-producing industries,Methane,Seasonally adjusted,Kilotonnes,563,Carbon dioxide equivalents
2023.12,ZGZ,Goods-producing industries,Carbon dioxide,Seasonally adjusted,Kilotonnes,3839,Carbon dioxide equivalents
2023.12,ZGZ,Goods-producing industries,Carbon dioxide equivalents,Seasonally adjusted,Kilotonnes,4580,Carbon dioxide equivalents
2023.12,ZGZ,Goods-producing industries,Fluorinated gases,Seasonally adjusted,Kilotonnes,137,Carbon dioxide equivalents
2023.12,ZGZ,Goods-producing industries,Nitrous oxide,Seasonally adjusted,Kilotonnes,52,Carbon dioxide equivalents
2023.12,ZGZ,Goods-producing industries,Methane,Actual,Kilotonnes,566,Carbon dioxide equivalents
2023.12,ZGZ,Goods-producing industries,Carbon dioxide,Actual,Kilotonnes,3646,Carbon dioxide equivalents
2023.12,ZGZ,Goods-producing industries,Carbon dioxide equivalents,Actual,Kilotonnes,4401,Carbon dioxide equivalents
2023.12,ZGZ,Goods-producing industries,Fluorinated gases,Actual,Kilotonnes,137,Carbon dioxide equivalents
2023.12,ZGZ,Goods-producing industries,Nitrous oxide,Actual,Kilotonnes,52,Carbon dioxide equivalents
2024.03,ZGZ,Goods-producing industries,Methane,Seasonally adjusted,Kilotonnes,553,Carbon dioxide equivalents
2024.03,ZGZ,Goods-producing industries,Carbon dioxide,Seasonally adjusted,Kilotonnes,3478,Carbon dioxide equivalents
2024.03,ZGZ,Goods-producing industries,Carbon dioxide equivalents,Seasonally adjusted,Kilotonnes,4222,Carbon dioxide equivalents
2024.03,ZGZ,Goods-producing industries,Fluorinated gases,Seasonally adjusted,Kilotonnes,142,Carbon dioxide equivalents
2024.03,ZGZ,Goods-producing industries,Nitrous oxide,Seasonally adjusted,Kilotonnes,49,Carbon dioxide equivalents
2024.03,ZGZ,Goods-producing industries,Methane,Actual,Kilotonnes,558,Carbon dioxide equivalents
2024.03,ZGZ,Goods-producing industries,Carbon dioxide,Actual,Kilotonnes,3553,Carbon dioxide equivalents
2024.03,ZGZ,Goods-producing industries,Carbon dioxide equivalents,Actual,Kilotonnes,4302,Carbon dioxide equivalents
2024.03,ZGZ,Goods-producing industries,Fluorinated gases,Actual,Kilotonnes,142,Carbon dioxide equivalents
2024.03,ZGZ,Goods-producing industries,Nitrous oxide,Actual,Kilotonnes,50,Carbon dioxide equivalents
2024.06,ZGZ,Goods-producing industries,Methane,Seasonally adjusted,Kilotonnes,553,Carbon dioxide equivalents
2024.06,ZGZ,Goods-producing industries,Carbon dioxide,Seasonally adjusted,Kilotonnes,3765,Carbon dioxide equivalents
2024.06,ZGZ,Goods-producing industries,Carbon dioxide equivalents,Seasonally adjusted,Kilotonnes,4523,Carbon dioxide equivalents
2024.06,ZGZ,Goods-producing industries,Fluorinated gases,Seasonally adjusted,Kilotonnes,146,Carbon dioxide equivalents
2024.06,ZGZ,Goods-producing industries,Nitrous oxide,Seasonally adjusted,Kilotonnes,50,Carbon dioxide equivalents
2024.06,ZGZ,Goods-producing industries,Methane,Actual,Kilotonnes,552,Carbon dioxide equivalents
2024.06,ZGZ,Goods-producing industries,Carbon dioxide,Actual,Kilotonnes,3826,Carbon dioxide equivalents
2024.06,ZGZ,Goods-producing industries,Carbon dioxide equivalents,Actual,Kilotonnes,4574,Carbon dioxide equivalents
2024.06,ZGZ,Goods-producing industries,Fluorinated gases,Actual,Kilotonnes,146,Carbon dioxide equivalents
2024.06,ZGZ,Goods-producing industries,Nitrous oxide,Actual,Kilotonnes,51,Carbon dioxide equivalents
2024.09,ZGZ,Goods-producing industries,Methane,Seasonally adjusted,Kilotonnes,548,Carbon dioxide equivalents
2024.09,ZGZ,Goods-producing industries,Carbon dioxide,Seasonally adjusted,Kilotonnes,3651,Carbon dioxide equivalents
2024.09,ZGZ,Goods-producing industries,Carbon dioxide equivalents,Seasonally adjusted,Kilotonnes,4392,Carbon dioxide equivalents
2024.09,ZGZ,Goods-producing industries,Fluorinated gases,Seasonally adjusted,Kilotonnes,145,Carbon dioxide equivalents
2024.09,ZGZ,Goods-producing industries,Nitrous oxide,Seasonally adjusted,Kilotonnes,50,Carbon dioxide equivalents
2024.09,ZGZ,Goods-producing industries,Methane,Actual,Kilotonnes,541,Carbon dioxide equivalents
2024.09,ZGZ,Goods-producing industries,Carbon dioxide,Actual,Kilotonnes,3717,Carbon dioxide equivalents
2024.09,ZGZ,Goods-producing industries,Carbon dioxide equivalents,Actual,Kilotonnes,4452,Carbon dioxide equivalents
2024.09,ZGZ,Goods-producing industries,Fluorinated gases,Actual,Kilotonnes,144,Carbon dioxide equivalents
2024.09,ZGZ,Goods-producing industries,Nitrous oxide,Actual,Kilotonnes,49,Carbon dioxide equivalents
2024.12,ZGZ,Goods-producing industries,Methane,Seasonally adjusted,Kilotonnes,544,Carbon dioxide equivalents
2024.12,ZGZ,Goods-producing industries,Carbon dioxide,Seasonally adjusted,Kilotonnes,3228,Carbon dioxide equivalents
2024.12,ZGZ,Goods-producing industries,Carbon dioxide equivalents,Seasonally adjusted,Kilotonnes,3967,Carbon dioxide equivalents
2024.12,ZGZ,Goods-producing industries,Fluorinated gases,Seasonally adjusted,Kilotonnes,149,Carbon dioxide equivalents
2024.12,ZGZ,Goods-producing industries,Nitrous oxide,Seasonally adjusted,Kilotonnes,48,Carbon dioxide equivalents
2024.12,ZGZ,Goods-producing industries,Methane,Actual,Kilotonnes,547,Carbon dioxide equivalents
2024.12,ZGZ,Goods-producing industries,Carbon dioxide,Actual,Kilotonnes,3052,Carbon dioxide equivalents
2024.12,ZGZ,Goods-producing industries,Carbon dioxide equivalents,Actual,Kilotonnes,3795,Carbon dioxide equivalents
2024.12,ZGZ,Goods-producing industries,Fluorinated gases,Actual,Kilotonnes,149,Carbon dioxide equivalents
2024.12,ZGZ,Goods-producing industries,Nitrous oxide,Actual,Kilotonnes,48,Carbon dioxide equivalents
2025.03,ZGZ,Goods-producing industries,Methane,Seasonally adjusted,Kilotonnes,545,Carbon dioxide equivalents
2025.03,ZGZ,Goods-producing industries,Carbon dioxide,Seasonally adjusted,Kilotonnes,3493,Carbon dioxide equivalents
2025.03,ZGZ,Goods-producing industries,Carbon dioxide equivalents,Seasonally adjusted,Kilotonnes,4242,Carbon dioxide equivalents
2025.03,ZGZ,Goods-producing industries,Fluorinated gases,Seasonally adjusted,Kilotonnes,154,Carbon dioxide equivalents
2025.03,ZGZ,Goods-producing industries,Nitrous oxide,Seasonally adjusted,Kilotonnes,48,Carbon dioxide equivalents
2025.03,ZGZ,Goods-producing industries,Methane,Actual,Kilotonnes,551,Carbon dioxide equivalents
2025.03,ZGZ,Goods-producing industries,Carbon dioxide,Actual,Kilotonnes,3550,Carbon dioxide equivalents
2025.03,ZGZ,Goods-producing industries,Carbon dioxide equivalents,Actual,Kilotonnes,4302,Carbon dioxide equivalents
2025.03,ZGZ,Goods-producing industries,Fluorinated gases,Actual,Kilotonnes,154,Carbon dioxide equivalents
2025.03,ZGZ,Goods-producing industries,Nitrous oxide,Actual,Kilotonnes,48,Carbon dioxide equivalents
2025.06,ZGZ,Goods-producing industries,Methane,Seasonally adjusted,Kilotonnes,539,Carbon dioxide equivalents
2025.06,ZGZ,Goods-producing industries,Carbon dioxide,Seasonally adjusted,Kilotonnes,3285,Carbon dioxide equivalents
2025.06,ZGZ,Goods-producing industries,Carbon dioxide equivalents,Seasonally adjusted,Kilotonnes,4030,Carbon dioxide equivalents
2025.06,ZGZ,Goods-producing industries,Fluorinated gases,Seasonally adjusted,Kilotonnes,156,Carbon dioxide equivalents
2025.06,ZGZ,Goods-producing industries,Nitrous oxide,Seasonally adjusted,Kilotonnes,48,Carbon dioxide equivalents
2025.06,ZGZ,Goods-producing industries,Methane,Actual,Kilotonnes,538,Carbon dioxide equivalents
2025.06,ZGZ,Goods-producing industries,Carbon dioxide,Actual,Kilotonnes,3345,Carbon dioxide equivalents
2025.06,ZGZ,Goods-producing industries,Carbon dioxide equivalents,Actual,Kilotonnes,4087,Carbon dioxide equivalents
2025.06,ZGZ,Goods-producing industries,Fluorinated gases,Actual,Kilotonnes,156,Carbon dioxide equivalents
2025.06,ZGZ,Goods-producing industries,Nitrous oxide,Actual,Kilotonnes,48,Carbon dioxide equivalents
2025.09,ZGZ,Goods-producing industries,Methane,Seasonally adjusted,Kilotonnes,547,Carbon dioxide equivalents
2025.09,ZGZ,Goods-producing industries,Carbon dioxide,Seasonally adjusted,Kilotonnes,3079,Carbon dioxide equivalents
2025.09,ZGZ,Goods-producing industries,Carbon dioxide equivalents,Seasonally adjusted,Kilotonnes,3828,Carbon dioxide equivalents
2025.09,ZGZ,Goods-producing industries,Fluorinated gases,Seasonally adjusted,Kilotonnes,158,Carbon dioxide equivalents
2025.09,ZGZ,Goods-producing industries,Nitrous oxide,Seasonally adjusted,Kilotonnes,47,Carbon dioxide equivalents
2025.09,ZGZ,Goods-producing industries,Methane,Actual,Kilotonnes,540,Carbon dioxide equivalents
2025.09,ZGZ,Goods-producing industries,Carbon dioxide,Actual,Kilotonnes,3157,Carbon dioxide equivalents
2025.09,ZGZ,Goods-producing industries,Carbon dioxide equivalents,Actual,Kilotonnes,3902,Carbon dioxide equivalents
2025.09,ZGZ,Goods-producing industries,Fluorinated gases,Actual,Kilotonnes,157,Carbon dioxide equivalents
2025.09,ZGZ,Goods-producing industries,Nitrous oxide,Actual,Kilotonnes,47,Carbon dioxide equivalents
2025.12,ZGZ,Goods-producing industries,Methane,Seasonally adjusted,Kilotonnes,539,Carbon dioxide equivalents
2025.12,ZGZ,Goods-producing industries,Carbon dioxide,Seasonally adjusted,Kilotonnes,2950,Carbon dioxide equivalents
2025.12,ZGZ,Goods-producing industries,Carbon dioxide equivalents,Seasonally adjusted,Kilotonnes,3696,Carbon dioxide equivalents
2025.12,ZGZ,Goods-producing industries,Fluorinated gases,Seasonally adjusted,Kilotonnes,156,Carbon dioxide equivalents
2025.12,ZGZ,Goods-producing industries,Nitrous oxide,Seasonally adjusted,Kilotonnes,47,Carbon dioxide equivalents
2025.12,ZGZ,Goods-producing industries,Methane,Actual,Kilotonnes,542,Carbon dioxide equivalents
2025.12,ZGZ,Goods-producing industries,Carbon dioxide,Actual,Kilotonnes,2776,Carbon dioxide equivalents
2025.12,ZGZ,Goods-producing industries,Carbon dioxide equivalents,Actual,Kilotonnes,3521,Carbon dioxide equivalents
2025.12,ZGZ,Goods-producing industries,Fluorinated gases,Actual,Kilotonnes,156,Carbon dioxide equivalents
2025.12,ZGZ,Goods-producing industries,Nitrous oxide,Actual,Kilotonnes,47,Carbon dioxide equivalents
2026.03,ZGZ,Goods-producing industries,Methane,Seasonally adjusted,Kilotonnes,542,Carbon dioxide equivalents
2026.03,ZGZ,Goods-producing industries,Carbon dioxide,Seasonally adjusted,Kilotonnes,2828,Carbon dioxide equivalents
2026.03,ZGZ,Goods-producing industries,Carbon dioxide equivalents,Seasonally adjusted,Kilotonnes,3569,Carbon dioxide equivalents
2026.03,ZGZ,Goods-producing industries,Fluorinated gases,Seasonally adjusted,Kilotonnes,152,Carbon dioxide equivalents
2026.03,ZGZ,Goods-producing industries,Nitrous oxide,Seasonally adjusted,Kilotonnes,47,Carbon dioxide equivalents
2026.03,ZGZ,Goods-producing industries,Methane,Actual,Kilotonnes,548,Carbon dioxide equivalents
2026.03,ZGZ,Goods-producing industries,Carbon dioxide,Actual,Kilotonnes,2862,Carbon dioxide equivalents
2026.03,ZGZ,Goods-producing industries,Carbon dioxide equivalents,Actual,Kilotonnes,3610,Carbon dioxide equivalents
2026.03,ZGZ,Goods-producing industries,Fluorinated gases,Actual,Kilotonnes,152,Carbon dioxide equivalents
2026.03,ZGZ,Goods-producing industries,Nitrous oxide,Actual,Kilotonnes,48,Carbon dioxide equivalents
2010.03,ZPZ,Primary industries,Methane,Seasonally adjusted,Kilotonnes,9078,Carbon dioxide equivalents
2010.03,ZPZ,Primary industries,Carbon dioxide,Seasonally adjusted,Kilotonnes,989,Carbon dioxide equivalents
2010.03,ZPZ,Primary industries,Carbon dioxide equivalents,Seasonally adjusted,Kilotonnes,11599,Carbon dioxide equivalents
2010.03,ZPZ,Primary industries,Fluorinated gases,Seasonally adjusted,Kilotonnes,0,Carbon dioxide equivalents
2010.03,ZPZ,Primary industries,Nitrous oxide,Seasonally adjusted,Kilotonnes,1532,Carbon dioxide equivalents
2010.03,ZPZ,Primary industries,Methane,Actual,Kilotonnes,10548,Carbon dioxide equivalents
2010.03,ZPZ,Primary industries,Carbon dioxide,Actual,Kilotonnes,1067,Carbon dioxide equivalents
2010.03,ZPZ,Primary industries,Carbon dioxide equivalents,Actual,Kilotonnes,13138,Carbon dioxide equivalents
2010.03,ZPZ,Primary industries,Fluorinated gases,Actual,Kilotonnes,0,Carbon dioxide equivalents
2010.03,ZPZ,Primary industries,Nitrous oxide,Actual,Kilotonnes,1523,Carbon dioxide equivalents
2010.06,ZPZ,Primary industries,Methane,Seasonally adjusted,Kilotonnes,8964,Carbon dioxide equivalents
2010.06,ZPZ,Primary industries,Carbon dioxide,Seasonally adjusted,Kilotonnes,1017,Carbon dioxide equivalents
2010.06,ZPZ,Primary industries,Carbon dioxide equivalents,Seasonally adjusted,Kilotonnes,11530,Carbon dioxide equivalents
2010.06,ZPZ,Primary industries,Fluorinated gases,Seasonally adjusted,Kilotonnes,0,Carbon dioxide equivalents
2010.06,ZPZ,Primary industries,Nitrous oxide,Seasonally adjusted,Kilotonnes,1521,Carbon dioxide equivalents
2010.06,ZPZ,Primary industries,Methane,Actual,Kilotonnes,7138,Carbon dioxide equivalents
2010.06,ZPZ,Primary industries,Carbon dioxide,Actual,Kilotonnes,928,Carbon dioxide equivalents
2010.06,ZPZ,Primary industries,Carbon dioxide equivalents,Actual,Kilotonnes,9468,Carbon dioxide equivalents
2010.06,ZPZ,Primary industries,Fluorinated gases,Actual,Kilotonnes,0,Carbon dioxide equivalents
2010.06,ZPZ,Primary industries,Nitrous oxide,Actual,Kilotonnes,1401,Carbon dioxide equivalents
2010.09,ZPZ,Primary industries,Methane,Seasonally adjusted,Kilotonnes,8875,Carbon dioxide equivalents
2010.09,ZPZ,Primary industries,Carbon dioxide,Seasonally adjusted,Kilotonnes,1006,Carbon dioxide equivalents
2010.09,ZPZ,Primary industries,Carbon dioxide equivalents,Seasonally adjusted,Kilotonnes,11388,Carbon dioxide equivalents
2010.09,ZPZ,Primary industries,Fluorinated gases,Seasonally adjusted,Kilotonnes,0,Carbon dioxide equivalents
2010.09,ZPZ,Primary industries,Nitrous oxide,Seasonally adjusted,Kilotonnes,1518,Carbon dioxide equivalents
2010.09,ZPZ,Primary industries,Methane,Actual,Kilotonnes,7599,Carbon dioxide equivalents
2010.09,ZPZ,Primary industries,Carbon dioxide,Actual,Kilotonnes,946,Carbon dioxide equivalents
2010.09,ZPZ,Primary industries,Carbon dioxide equivalents,Actual,Kilotonnes,10118,Carbon dioxide equivalents
2010.09,ZPZ,Primary industries,Fluorinated gases,Actual,Kilotonnes,0,Carbon dioxide equivalents
2010.09,ZPZ,Primary industries,Nitrous oxide,Actual,Kilotonnes,1572,Carbon dioxide equivalents
2010.12,ZPZ,Primary industries,Methane,Seasonally adjusted,Kilotonnes,8820,Carbon dioxide equivalents
2010.12,ZPZ,Primary industries,Carbon dioxide,Seasonally adjusted,Kilotonnes,992,Carbon dioxide equivalents
2010.12,ZPZ,Primary industries,Carbon dioxide equivalents,Seasonally adjusted,Kilotonnes,11330,Carbon dioxide equivalents
2010.12,ZPZ,Primary industries,Fluorinated gases,Seasonally adjusted,Kilotonnes,1,Carbon dioxide equivalents
2010.12,ZPZ,Primary industries,Nitrous oxide,Seasonally adjusted,Kilotonnes,1527,Carbon dioxide equivalents
2010.12,ZPZ,Primary industries,Methane,Actual,Kilotonnes,10455,Carbon dioxide equivalents
2010.12,ZPZ,Primary industries,Carbon dioxide,Actual,Kilotonnes,1060,Carbon dioxide equivalents
2010.12,ZPZ,Primary industries,Carbon dioxide equivalents,Actual,Kilotonnes,13118,Carbon dioxide equivalents
2010.12,ZPZ,Primary industries,Fluorinated gases,Actual,Kilotonnes,1,Carbon dioxide equivalents
2010.12,ZPZ,Primary industries,Nitrous oxide,Actual,Kilotonnes,1602,Carbon dioxide equivalents
2011.03,ZPZ,Primary industries,Methane,Seasonally adjusted,Kilotonnes,8777,Carbon dioxide equivalents
2011.03,ZPZ,Primary industries,Carbon dioxide,Seasonally adjusted,Kilotonnes,1057,Carbon dioxide equivalents
2011.03,ZPZ,Primary industries,Carbon dioxide equivalents,Seasonally adjusted,Kilotonnes,11351,Carbon dioxide equivalents
2011.03,ZPZ,Primary industries,Fluorinated gases,Seasonally adjusted,Kilotonnes,1,Carbon dioxide equivalents
2011.03,ZPZ,Primary industries,Nitrous oxide,Seasonally adjusted,Kilotonnes,1527,Carbon dioxide equivalents
2011.03,ZPZ,Primary industries,Methane,Actual,Kilotonnes,10203,Carbon dioxide equivalents
2011.03,ZPZ,Primary industries,Carbon dioxide,Actual,Kilotonnes,1141,Carbon dioxide equivalents
2011.03,ZPZ,Primary industries,Carbon dioxide equivalents,Actual,Kilotonnes,12862,Carbon dioxide equivalents
2011.03,ZPZ,Primary industries,Fluorinated gases,Actual,Kilotonnes,1,Carbon dioxide equivalents
2011.03,ZPZ,Primary industries,Nitrous oxide,Actual,Kilotonnes,1518,Carbon dioxide equivalents
2011.06,ZPZ,Primary industries,Methane,Seasonally adjusted,Kilotonnes,8902,Carbon dioxide equivalents
2011.06,ZPZ,Primary industries,Carbon dioxide,Seasonally adjusted,Kilotonnes,1049,Carbon dioxide equivalents
2011.06,ZPZ,Primary industries,Carbon dioxide equivalents,Seasonally adjusted,Kilotonnes,11532,Carbon dioxide equivalents
2011.06,ZPZ,Primary industries,Fluorinated gases,Seasonally adjusted,Kilotonnes,1,Carbon dioxide equivalents
2011.06,ZPZ,Primary industries,Nitrous oxide,Seasonally adjusted,Kilotonnes,1545,Carbon dioxide equivalents
2011.06,ZPZ,Primary industries,Methane,Actual,Kilotonnes,7079,Carbon dioxide equivalents
2011.06,ZPZ,Primary industries,Carbon dioxide,Actual,Kilotonnes,956,Carbon dioxide equivalents
2011.06,ZPZ,Primary industries,Carbon dioxide equivalents,Actual,Kilotonnes,9458,Carbon dioxide equivalents
2011.06,ZPZ,Primary industries,Fluorinated gases,Actual,Kilotonnes,1,Carbon dioxide equivalents
2011.06,ZPZ,Primary industries,Nitrous oxide,Actual,Kilotonnes,1422,Carbon dioxide equivalents
2011.09,ZPZ,Primary industries,Methane,Seasonally adjusted,Kilotonnes,9104,Carbon dioxide equivalents
2011.09,ZPZ,Primary industries,Carbon dioxide,Seasonally adjusted,Kilotonnes,1061,Carbon dioxide equivalents
2011.09,ZPZ,Primary industries,Carbon dioxide equivalents,Seasonally adjusted,Kilotonnes,11736,Carbon dioxide equivalents
2011.09,ZPZ,Primary industries,Fluorinated gases,Seasonally adjusted,Kilotonnes,1,Carbon dioxide equivalents
2011.09,ZPZ,Primary industries,Nitrous oxide,Seasonally adjusted,Kilotonnes,1578,Carbon dioxide equivalents
2011.09,ZPZ,Primary industries,Methane,Actual,Kilotonnes,7798,Carbon dioxide equivalents
2011.09,ZPZ,Primary industries,Carbon dioxide,Actual,Kilotonnes,1000,Carbon dioxide equivalents
2011.09,ZPZ,Primary industries,Carbon dioxide equivalents,Actual,Kilotonnes,10432,Carbon dioxide equivalents
2011.09,ZPZ,Primary industries,Fluorinated gases,Actual,Kilotonnes,1,Carbon dioxide equivalents
2011.09,ZPZ,Primary industries,Nitrous oxide,Actual,Kilotonnes,1634,Carbon dioxide equivalents
2011.12,ZPZ,Primary industries,Methane,Seasonally adjusted,Kilotonnes,9169,Carbon dioxide equivalents
2011.12,ZPZ,Primary industries,Carbon dioxide,Seasonally adjusted,Kilotonnes,1030,Carbon dioxide equivalents
2011.12,ZPZ,Primary industries,Carbon dioxide equivalents,Seasonally adjusted,Kilotonnes,11779,Carbon dioxide equivalents
2011.12,ZPZ,Primary industries,Fluorinated gases,Seasonally adjusted,Kilotonnes,1,Carbon dioxide equivalents
2011.12,ZPZ,Primary industries,Nitrous oxide,Seasonally adjusted,Kilotonnes,1589,Carbon dioxide equivalents
2011.12,ZPZ,Primary industries,Methane,Actual,Kilotonnes,10874,Carbon dioxide equivalents
2011.12,ZPZ,Primary industries,Carbon dioxide,Actual,Kilotonnes,1101,Carbon dioxide equivalents
2011.12,ZPZ,Primary industries,Carbon dioxide equivalents,Actual,Kilotonnes,13643,Carbon dioxide equivalents
2011.12,ZPZ,Primary industries,Fluorinated gases,Actual,Kilotonnes,1,Carbon dioxide equivalents
2011.12,ZPZ,Primary industries,Nitrous oxide,Actual,Kilotonnes,1667,Carbon dioxide equivalents
2012.03,ZPZ,Primary industries,Methane,Seasonally adjusted,Kilotonnes,9266,Carbon dioxide equivalents
2012.03,ZPZ,Primary industries,Carbon dioxide,Seasonally adjusted,Kilotonnes,1054,Carbon dioxide equivalents
2012.03,ZPZ,Primary industries,Carbon dioxide equivalents,Seasonally adjusted,Kilotonnes,11920,Carbon dioxide equivalents
2012.03,ZPZ,Primary industries,Fluorinated gases,Seasonally adjusted,Kilotonnes,1,Carbon dioxide equivalents
2012.03,ZPZ,Primary industries,Nitrous oxide,Seasonally adjusted,Kilotonnes,1603,Carbon dioxide equivalents
2012.03,ZPZ,Primary industries,Methane,Actual,Kilotonnes,10777,Carbon dioxide equivalents
2012.03,ZPZ,Primary industries,Carbon dioxide,Actual,Kilotonnes,1136,Carbon dioxide equivalents
2012.03,ZPZ,Primary industries,Carbon dioxide equivalents,Actual,Kilotonnes,13506,Carbon dioxide equivalents
2012.03,ZPZ,Primary industries,Fluorinated gases,Actual,Kilotonnes,1,Carbon dioxide equivalents
2012.03,ZPZ,Primary industries,Nitrous oxide,Actual,Kilotonnes,1594,Carbon dioxide equivalents
2012.06,ZPZ,Primary industries,Methane,Seasonally adjusted,Kilotonnes,9337,Carbon dioxide equivalents
2012.06,ZPZ,Primary industries,Carbon dioxide,Seasonally adjusted,Kilotonnes,1073,Carbon dioxide equivalents
2012.06,ZPZ,Primary industries,Carbon dioxide equivalents,Seasonally adjusted,Kilotonnes,12047,Carbon dioxide equivalents
2012.06,ZPZ,Primary industries,Fluorinated gases,Seasonally adjusted,Kilotonnes,1,Carbon dioxide equivalents
2012.06,ZPZ,Primary industries,Nitrous oxide,Seasonally adjusted,Kilotonnes,1607,Carbon dioxide equivalents
2012.06,ZPZ,Primary industries,Methane,Actual,Kilotonnes,7416,Carbon dioxide equivalents
2012.06,ZPZ,Primary industries,Carbon dioxide,Actual,Kilotonnes,974,Carbon dioxide equivalents
2012.06,ZPZ,Primary industries,Carbon dioxide equivalents,Actual,Kilotonnes,9870,Carbon dioxide equivalents
2012.06,ZPZ,Primary industries,Fluorinated gases,Actual,Kilotonnes,1,Carbon dioxide equivalents
2012.06,ZPZ,Primary industries,Nitrous oxide,Actual,Kilotonnes,1480,Carbon dioxide equivalents
2012.09,ZPZ,Primary industries,Methane,Seasonally adjusted,Kilotonnes,9017,Carbon dioxide equivalents
2012.09,ZPZ,Primary industries,Carbon dioxide,Seasonally adjusted,Kilotonnes,1055,Carbon dioxide equivalents
2012.09,ZPZ,Primary industries,Carbon dioxide equivalents,Seasonally adjusted,Kilotonnes,11642,Carbon dioxide equivalents
2012.09,ZPZ,Primary industries,Fluorinated gases,Seasonally adjusted,Kilotonnes,1,Carbon dioxide equivalents
2012.09,ZPZ,Primary industries,Nitrous oxide,Seasonally adjusted,Kilotonnes,1577,Carbon dioxide equivalents
2012.09,ZPZ,Primary industries,Methane,Actual,Kilotonnes,7720,Carbon dioxide equivalents
2012.09,ZPZ,Primary industries,Carbon dioxide,Actual,Kilotonnes,998,Carbon dioxide equivalents
2012.09,ZPZ,Primary industries,Carbon dioxide equivalents,Actual,Kilotonnes,10351,Carbon dioxide equivalents
2012.09,ZPZ,Primary industries,Fluorinated gases,Actual,Kilotonnes,1,Carbon dioxide equivalents
2012.09,ZPZ,Primary industries,Nitrous oxide,Actual,Kilotonnes,1633,Carbon dioxide equivalents
2012.12,ZPZ,Primary industries,Methane,Seasonally adjusted,Kilotonnes,8934,Carbon dioxide equivalents
2012.12,ZPZ,Primary industries,Carbon dioxide,Seasonally adjusted,Kilotonnes,1092,Carbon dioxide equivalents
2012.12,ZPZ,Primary industries,Carbon dioxide equivalents,Seasonally adjusted,Kilotonnes,11580,Carbon dioxide equivalents
2012.12,ZPZ,Primary industries,Fluorinated gases,Seasonally adjusted,Kilotonnes,1,Carbon dioxide equivalents
2012.12,ZPZ,Primary industries,Nitrous oxide,Seasonally adjusted,Kilotonnes,1570,Carbon dioxide equivalents
2012.12,ZPZ,Primary industries,Methane,Actual,Kilotonnes,10600,Carbon dioxide equivalents
2012.12,ZPZ,Primary industries,Carbon dioxide,Actual,Kilotonnes,1170,Carbon dioxide equivalents
2012.12,ZPZ,Primary industries,Carbon dioxide equivalents,Actual,Kilotonnes,13418,Carbon dioxide equivalents
2012.12,ZPZ,Primary industries,Fluorinated gases,Actual,Kilotonnes,1,Carbon dioxide equivalents
2012.12,ZPZ,Primary industries,Nitrous oxide,Actual,Kilotonnes,1647,Carbon dioxide equivalents
2013.03,ZPZ,Primary industries,Methane,Seasonally adjusted,Kilotonnes,8960,Carbon dioxide equivalents
2013.03,ZPZ,Primary industries,Carbon dioxide,Seasonally adjusted,Kilotonnes,1015,Carbon dioxide equivalents
2013.03,ZPZ,Primary industries,Carbon dioxide equivalents,Seasonally adjusted,Kilotonnes,11546,Carbon dioxide equivalents
2013.03,ZPZ,Primary industries,Fluorinated gases,Seasonally adjusted,Kilotonnes,1,Carbon dioxide equivalents
2013.03,ZPZ,Primary industries,Nitrous oxide,Seasonally adjusted,Kilotonnes,1573,Carbon dioxide equivalents
2013.03,ZPZ,Primary industries,Methane,Actual,Kilotonnes,10430,Carbon dioxide equivalents
2013.03,ZPZ,Primary industries,Carbon dioxide,Actual,Kilotonnes,1090,Carbon dioxide equivalents
2013.03,ZPZ,Primary industries,Carbon dioxide equivalents,Actual,Kilotonnes,13086,Carbon dioxide equivalents
2013.03,ZPZ,Primary industries,Fluorinated gases,Actual,Kilotonnes,1,Carbon dioxide equivalents
2013.03,ZPZ,Primary industries,Nitrous oxide,Actual,Kilotonnes,1565,Carbon dioxide equivalents
2013.06,ZPZ,Primary industries,Methane,Seasonally adjusted,Kilotonnes,8865,Carbon dioxide equivalents
2013.06,ZPZ,Primary industries,Carbon dioxide,Seasonally adjusted,Kilotonnes,1030,Carbon dioxide equivalents
2013.06,ZPZ,Primary industries,Carbon dioxide equivalents,Seasonally adjusted,Kilotonnes,11503,Carbon dioxide equivalents
2013.06,ZPZ,Primary industries,Fluorinated gases,Seasonally adjusted,Kilotonnes,1,Carbon dioxide equivalents
2013.06,ZPZ,Primary industries,Nitrous oxide,Seasonally adjusted,Kilotonnes,1577,Carbon dioxide equivalents
2013.06,ZPZ,Primary industries,Methane,Actual,Kilotonnes,7031,Carbon dioxide equivalents
2013.06,ZPZ,Primary industries,Carbon dioxide,Actual,Kilotonnes,932,Carbon dioxide equivalents
2013.06,ZPZ,Primary industries,Carbon dioxide equivalents,Actual,Kilotonnes,9417,Carbon dioxide equivalents
2013.06,ZPZ,Primary industries,Fluorinated gases,Actual,Kilotonnes,1,Carbon dioxide equivalents
2013.06,ZPZ,Primary industries,Nitrous oxide,Actual,Kilotonnes,1452,Carbon dioxide equivalents
2013.09,ZPZ,Primary industries,Methane,Seasonally adjusted,Kilotonnes,9193,Carbon dioxide equivalents
2013.09,ZPZ,Primary industries,Carbon dioxide,Seasonally adjusted,Kilotonnes,1034,Carbon dioxide equivalents
2013.09,ZPZ,Primary industries,Carbon dioxide equivalents,Seasonally adjusted,Kilotonnes,11820,Carbon dioxide equivalents
2013.09,ZPZ,Primary industries,Fluorinated gases,Seasonally adjusted,Kilotonnes,1,Carbon dioxide equivalents
2013.09,ZPZ,Primary industries,Nitrous oxide,Seasonally adjusted,Kilotonnes,1604,Carbon dioxide equivalents
2013.09,ZPZ,Primary industries,Methane,Actual,Kilotonnes,7866,Carbon dioxide equivalents
2013.09,ZPZ,Primary industries,Carbon dioxide,Actual,Kilotonnes,983,Carbon dioxide equivalents
2013.09,ZPZ,Primary industries,Carbon dioxide equivalents,Actual,Kilotonnes,10511,Carbon dioxide equivalents
2013.09,ZPZ,Primary industries,Fluorinated gases,Actual,Kilotonnes,1,Carbon dioxide equivalents
2013.09,ZPZ,Primary industries,Nitrous oxide,Actual,Kilotonnes,1661,Carbon dioxide equivalents
2013.12,ZPZ,Primary industries,Methane,Seasonally adjusted,Kilotonnes,9250,Carbon dioxide equivalents
2013.12,ZPZ,Primary industries,Carbon dioxide,Seasonally adjusted,Kilotonnes,1074,Carbon dioxide equivalents
2013.12,ZPZ,Primary industries,Carbon dioxide equivalents,Seasonally adjusted,Kilotonnes,11935,Carbon dioxide equivalents
2013.12,ZPZ,Primary industries,Fluorinated gases,Seasonally adjusted,Kilotonnes,1,Carbon dioxide equivalents
2013.12,ZPZ,Primary industries,Nitrous oxide,Seasonally adjusted,Kilotonnes,1619,Carbon dioxide equivalents
2013.12,ZPZ,Primary industries,Methane,Actual,Kilotonnes,10976,Carbon dioxide equivalents
2013.12,ZPZ,Primary industries,Carbon dioxide,Actual,Kilotonnes,1155,Carbon dioxide equivalents
2013.12,ZPZ,Primary industries,Carbon dioxide equivalents,Actual,Kilotonnes,13829,Carbon dioxide equivalents
2013.12,ZPZ,Primary industries,Fluorinated gases,Actual,Kilotonnes,1,Carbon dioxide equivalents
2013.12,ZPZ,Primary industries,Nitrous oxide,Actual,Kilotonnes,1697,Carbon dioxide equivalents
2014.03,ZPZ,Primary industries,Methane,Seasonally adjusted,Kilotonnes,9117,Carbon dioxide equivalents
2014.03,ZPZ,Primary industries,Carbon dioxide,Seasonally adjusted,Kilotonnes,1113,Carbon dioxide equivalents
2014.03,ZPZ,Primary industries,Carbon dioxide equivalents,Seasonally adjusted,Kilotonnes,11836,Carbon dioxide equivalents
2014.03,ZPZ,Primary industries,Fluorinated gases,Seasonally adjusted,Kilotonnes,1,Carbon dioxide equivalents
2014.03,ZPZ,Primary industries,Nitrous oxide,Seasonally adjusted,Kilotonnes,1612,Carbon dioxide equivalents
2014.03,ZPZ,Primary industries,Methane,Actual,Kilotonnes,10625,Carbon dioxide equivalents
2014.03,ZPZ,Primary industries,Carbon dioxide,Actual,Kilotonnes,1185,Carbon dioxide equivalents
2014.03,ZPZ,Primary industries,Carbon dioxide equivalents,Actual,Kilotonnes,13415,Carbon dioxide equivalents
2014.03,ZPZ,Primary industries,Fluorinated gases,Actual,Kilotonnes,1,Carbon dioxide equivalents
2014.03,ZPZ,Primary industries,Nitrous oxide,Actual,Kilotonnes,1605,Carbon dioxide equivalents
2014.06,ZPZ,Primary industries,Methane,Seasonally adjusted,Kilotonnes,9003,Carbon dioxide equivalents
2014.06,ZPZ,Primary industries,Carbon dioxide,Seasonally adjusted,Kilotonnes,1013,Carbon dioxide equivalents
2014.06,ZPZ,Primary industries,Carbon dioxide equivalents,Seasonally adjusted,Kilotonnes,11651,Carbon dioxide equivalents
2014.06,ZPZ,Primary industries,Fluorinated gases,Seasonally adjusted,Kilotonnes,1,Carbon dioxide equivalents
2014.06,ZPZ,Primary industries,Nitrous oxide,Seasonally adjusted,Kilotonnes,1613,Carbon dioxide equivalents
2014.06,ZPZ,Primary industries,Methane,Actual,Kilotonnes,7136,Carbon dioxide equivalents
2014.06,ZPZ,Primary industries,Carbon dioxide,Actual,Kilotonnes,916,Carbon dioxide equivalents
2014.06,ZPZ,Primary industries,Carbon dioxide equivalents,Actual,Kilotonnes,9539,Carbon dioxide equivalents
2014.06,ZPZ,Primary industries,Fluorinated gases,Actual,Kilotonnes,1,Carbon dioxide equivalents
2014.06,ZPZ,Primary industries,Nitrous oxide,Actual,Kilotonnes,1487,Carbon dioxide equivalents
2014.09,ZPZ,Primary industries,Methane,Seasonally adjusted,Kilotonnes,9181,Carbon dioxide equivalents
2014.09,ZPZ,Primary industries,Carbon dioxide,Seasonally adjusted,Kilotonnes,999,Carbon dioxide equivalents
2014.09,ZPZ,Primary industries,Carbon dioxide equivalents,Seasonally adjusted,Kilotonnes,11811,Carbon dioxide equivalents
2014.09,ZPZ,Primary industries,Fluorinated gases,Seasonally adjusted,Kilotonnes,1,Carbon dioxide equivalents
2014.09,ZPZ,Primary industries,Nitrous oxide,Seasonally adjusted,Kilotonnes,1640,Carbon dioxide equivalents
2014.09,ZPZ,Primary industries,Methane,Actual,Kilotonnes,7848,Carbon dioxide equivalents
2014.09,ZPZ,Primary industries,Carbon dioxide,Actual,Kilotonnes,958,Carbon dioxide equivalents
2014.09,ZPZ,Primary industries,Carbon dioxide equivalents,Actual,Kilotonnes,10503,Carbon dioxide equivalents
2014.09,ZPZ,Primary industries,Fluorinated gases,Actual,Kilotonnes,1,Carbon dioxide equivalents
2014.09,ZPZ,Primary industries,Nitrous oxide,Actual,Kilotonnes,1697,Carbon dioxide equivalents
2014.12,ZPZ,Primary industries,Methane,Seasonally adjusted,Kilotonnes,9183,Carbon dioxide equivalents
2014.12,ZPZ,Primary industries,Carbon dioxide,Seasonally adjusted,Kilotonnes,984,Carbon dioxide equivalents
2014.12,ZPZ,Primary industries,Carbon dioxide equivalents,Seasonally adjusted,Kilotonnes,11810,Carbon dioxide equivalents
2014.12,ZPZ,Primary industries,Fluorinated gases,Seasonally adjusted,Kilotonnes,1,Carbon dioxide equivalents
2014.12,ZPZ,Primary industries,Nitrous oxide,Seasonally adjusted,Kilotonnes,1645,Carbon dioxide equivalents
2014.12,ZPZ,Primary industries,Methane,Actual,Kilotonnes,10894,Carbon dioxide equivalents
2014.12,ZPZ,Primary industries,Carbon dioxide,Actual,Kilotonnes,1058,Carbon dioxide equivalents
2014.12,ZPZ,Primary industries,Carbon dioxide equivalents,Actual,Kilotonnes,13676,Carbon dioxide equivalents
2014.12,ZPZ,Primary industries,Fluorinated gases,Actual,Kilotonnes,1,Carbon dioxide equivalents
2014.12,ZPZ,Primary industries,Nitrous oxide,Actual,Kilotonnes,1723,Carbon dioxide equivalents
2015.03,ZPZ,Primary industries,Methane,Seasonally adjusted,Kilotonnes,9115,Carbon dioxide equivalents
2015.03,ZPZ,Primary industries,Carbon dioxide,Seasonally adjusted,Kilotonnes,961,Carbon dioxide equivalents
2015.03,ZPZ,Primary industries,Carbon dioxide equivalents,Seasonally adjusted,Kilotonnes,11725,Carbon dioxide equivalents
2015.03,ZPZ,Primary industries,Fluorinated gases,Seasonally adjusted,Kilotonnes,1,Carbon dioxide equivalents
2015.03,ZPZ,Primary industries,Nitrous oxide,Seasonally adjusted,Kilotonnes,1645,Carbon dioxide equivalents
2015.03,ZPZ,Primary industries,Methane,Actual,Kilotonnes,10633,Carbon dioxide equivalents
2015.03,ZPZ,Primary industries,Carbon dioxide,Actual,Kilotonnes,1018,Carbon dioxide equivalents
2015.03,ZPZ,Primary industries,Carbon dioxide equivalents,Actual,Kilotonnes,13291,Carbon dioxide equivalents
2015.03,ZPZ,Primary industries,Fluorinated gases,Actual,Kilotonnes,1,Carbon dioxide equivalents
2015.03,ZPZ,Primary industries,Nitrous oxide,Actual,Kilotonnes,1639,Carbon dioxide equivalents
2015.06,ZPZ,Primary industries,Methane,Seasonally adjusted,Kilotonnes,9131,Carbon dioxide equivalents
2015.06,ZPZ,Primary industries,Carbon dioxide,Seasonally adjusted,Kilotonnes,1069,Carbon dioxide equivalents
2015.06,ZPZ,Primary industries,Carbon dioxide equivalents,Seasonally adjusted,Kilotonnes,11869,Carbon dioxide equivalents
2015.06,ZPZ,Primary industries,Fluorinated gases,Seasonally adjusted,Kilotonnes,1,Carbon dioxide equivalents
2015.06,ZPZ,Primary industries,Nitrous oxide,Seasonally adjusted,Kilotonnes,1651,Carbon dioxide equivalents
2015.06,ZPZ,Primary industries,Methane,Actual,Kilotonnes,7240,Carbon dioxide equivalents
2015.06,ZPZ,Primary industries,Carbon dioxide,Actual,Kilotonnes,964,Carbon dioxide equivalents
2015.06,ZPZ,Primary industries,Carbon dioxide equivalents,Actual,Kilotonnes,9729,Carbon dioxide equivalents
2015.06,ZPZ,Primary industries,Fluorinated gases,Actual,Kilotonnes,1,Carbon dioxide equivalents
2015.06,ZPZ,Primary industries,Nitrous oxide,Actual,Kilotonnes,1524,Carbon dioxide equivalents
2015.09,ZPZ,Primary industries,Methane,Seasonally adjusted,Kilotonnes,8915,Carbon dioxide equivalents
2015.09,ZPZ,Primary industries,Carbon dioxide,Seasonally adjusted,Kilotonnes,1058,Carbon dioxide equivalents
2015.09,ZPZ,Primary industries,Carbon dioxide equivalents,Seasonally adjusted,Kilotonnes,11593,Carbon dioxide equivalents
2015.09,ZPZ,Primary industries,Fluorinated gases,Seasonally adjusted,Kilotonnes,1,Carbon dioxide equivalents
2015.09,ZPZ,Primary industries,Nitrous oxide,Seasonally adjusted,Kilotonnes,1618,Carbon dioxide equivalents
2015.09,ZPZ,Primary industries,Methane,Actual,Kilotonnes,7615,Carbon dioxide equivalents
2015.09,ZPZ,Primary industries,Carbon dioxide,Actual,Kilotonnes,1024,Carbon dioxide equivalents
2015.09,ZPZ,Primary industries,Carbon dioxide equivalents,Actual,Kilotonnes,10313,Carbon dioxide equivalents
2015.09,ZPZ,Primary industries,Fluorinated gases,Actual,Kilotonnes,1,Carbon dioxide equivalents
2015.09,ZPZ,Primary industries,Nitrous oxide,Actual,Kilotonnes,1673,Carbon dioxide equivalents
2015.12,ZPZ,Primary industries,Methane,Seasonally adjusted,Kilotonnes,8993,Carbon dioxide equivalents
2015.12,ZPZ,Primary industries,Carbon dioxide,Seasonally adjusted,Kilotonnes,1032,Carbon dioxide equivalents
2015.12,ZPZ,Primary industries,Carbon dioxide equivalents,Seasonally adjusted,Kilotonnes,11650,Carbon dioxide equivalents
2015.12,ZPZ,Primary industries,Fluorinated gases,Seasonally adjusted,Kilotonnes,1,Carbon dioxide equivalents
2015.12,ZPZ,Primary industries,Nitrous oxide,Seasonally adjusted,Kilotonnes,1631,Carbon dioxide equivalents
2015.12,ZPZ,Primary industries,Methane,Actual,Kilotonnes,10662,Carbon dioxide equivalents
2015.12,ZPZ,Primary industries,Carbon dioxide,Actual,Kilotonnes,1106,Carbon dioxide equivalents
2015.12,ZPZ,Primary industries,Carbon dioxide equivalents,Actual,Kilotonnes,13474,Carbon dioxide equivalents
2015.12,ZPZ,Primary industries,Fluorinated gases,Actual,Kilotonnes,1,Carbon dioxide equivalents
2015.12,ZPZ,Primary industries,Nitrous oxide,Actual,Kilotonnes,1706,Carbon dioxide equivalents
2016.03,ZPZ,Primary industries,Methane,Seasonally adjusted,Kilotonnes,9029,Carbon dioxide equivalents
2016.03,ZPZ,Primary industries,Carbon dioxide,Seasonally adjusted,Kilotonnes,1007,Carbon dioxide equivalents
2016.03,ZPZ,Primary industries,Carbon dioxide equivalents,Seasonally adjusted,Kilotonnes,11674,Carbon dioxide equivalents
2016.03,ZPZ,Primary industries,Fluorinated gases,Seasonally adjusted,Kilotonnes,1,Carbon dioxide equivalents
2016.03,ZPZ,Primary industries,Nitrous oxide,Seasonally adjusted,Kilotonnes,1635,Carbon dioxide equivalents
2016.03,ZPZ,Primary industries,Methane,Actual,Kilotonnes,10533,Carbon dioxide equivalents
2016.03,ZPZ,Primary industries,Carbon dioxide,Actual,Kilotonnes,1063,Carbon dioxide equivalents
2016.03,ZPZ,Primary industries,Carbon dioxide equivalents,Actual,Kilotonnes,13225,Carbon dioxide equivalents
2016.03,ZPZ,Primary industries,Fluorinated gases,Actual,Kilotonnes,1,Carbon dioxide equivalents
2016.03,ZPZ,Primary industries,Nitrous oxide,Actual,Kilotonnes,1629,Carbon dioxide equivalents
2016.06,ZPZ,Primary industries,Methane,Seasonally adjusted,Kilotonnes,8828,Carbon dioxide equivalents
2016.06,ZPZ,Primary industries,Carbon dioxide,Seasonally adjusted,Kilotonnes,980,Carbon dioxide equivalents
2016.06,ZPZ,Primary industries,Carbon dioxide equivalents,Seasonally adjusted,Kilotonnes,11430,Carbon dioxide equivalents
2016.06,ZPZ,Primary industries,Fluorinated gases,Seasonally adjusted,Kilotonnes,1,Carbon dioxide equivalents
2016.06,ZPZ,Primary industries,Nitrous oxide,Seasonally adjusted,Kilotonnes,1616,Carbon dioxide equivalents
2016.06,ZPZ,Primary industries,Methane,Actual,Kilotonnes,7018,Carbon dioxide equivalents
2016.06,ZPZ,Primary industries,Carbon dioxide,Actual,Kilotonnes,884,Carbon dioxide equivalents
2016.06,ZPZ,Primary industries,Carbon dioxide equivalents,Actual,Kilotonnes,9398,Carbon dioxide equivalents
2016.06,ZPZ,Primary industries,Fluorinated gases,Actual,Kilotonnes,1,Carbon dioxide equivalents
2016.06,ZPZ,Primary industries,Nitrous oxide,Actual,Kilotonnes,1495,Carbon dioxide equivalents
2016.09,ZPZ,Primary industries,Methane,Seasonally adjusted,Kilotonnes,8925,Carbon dioxide equivalents
2016.09,ZPZ,Primary industries,Carbon dioxide,Seasonally adjusted,Kilotonnes,963,Carbon dioxide equivalents
2016.09,ZPZ,Primary industries,Carbon dioxide equivalents,Seasonally adjusted,Kilotonnes,11521,Carbon dioxide equivalents
2016.09,ZPZ,Primary industries,Fluorinated gases,Seasonally adjusted,Kilotonnes,1,Carbon dioxide equivalents
2016.09,ZPZ,Primary industries,Nitrous oxide,Seasonally adjusted,Kilotonnes,1635,Carbon dioxide equivalents
2016.09,ZPZ,Primary industries,Methane,Actual,Kilotonnes,7614,Carbon dioxide equivalents
2016.09,ZPZ,Primary industries,Carbon dioxide,Actual,Kilotonnes,940,Carbon dioxide equivalents
2016.09,ZPZ,Primary industries,Carbon dioxide equivalents,Actual,Kilotonnes,10241,Carbon dioxide equivalents
2016.09,ZPZ,Primary industries,Fluorinated gases,Actual,Kilotonnes,1,Carbon dioxide equivalents
2016.09,ZPZ,Primary industries,Nitrous oxide,Actual,Kilotonnes,1687,Carbon dioxide equivalents
2016.12,ZPZ,Primary industries,Methane,Seasonally adjusted,Kilotonnes,8861,Carbon dioxide equivalents
2016.12,ZPZ,Primary industries,Carbon dioxide,Seasonally adjusted,Kilotonnes,941,Carbon dioxide equivalents
2016.12,ZPZ,Primary industries,Carbon dioxide equivalents,Seasonally adjusted,Kilotonnes,11433,Carbon dioxide equivalents
2016.12,ZPZ,Primary industries,Fluorinated gases,Seasonally adjusted,Kilotonnes,1,Carbon dioxide equivalents
2016.12,ZPZ,Primary industries,Nitrous oxide,Seasonally adjusted,Kilotonnes,1630,Carbon dioxide equivalents
2016.12,ZPZ,Primary industries,Methane,Actual,Kilotonnes,10498,Carbon dioxide equivalents
2016.12,ZPZ,Primary industries,Carbon dioxide,Actual,Kilotonnes,1002,Carbon dioxide equivalents
2016.12,ZPZ,Primary industries,Carbon dioxide equivalents,Actual,Kilotonnes,13204,Carbon dioxide equivalents
2016.12,ZPZ,Primary industries,Fluorinated gases,Actual,Kilotonnes,1,Carbon dioxide equivalents
2016.12,ZPZ,Primary industries,Nitrous oxide,Actual,Kilotonnes,1703,Carbon dioxide equivalents
2017.03,ZPZ,Primary industries,Methane,Seasonally adjusted,Kilotonnes,8971,Carbon dioxide equivalents
2017.03,ZPZ,Primary industries,Carbon dioxide,Seasonally adjusted,Kilotonnes,905,Carbon dioxide equivalents
2017.03,ZPZ,Primary industries,Carbon dioxide equivalents,Seasonally adjusted,Kilotonnes,11531,Carbon dioxide equivalents
2017.03,ZPZ,Primary industries,Fluorinated gases,Seasonally adjusted,Kilotonnes,1,Carbon dioxide equivalents
2017.03,ZPZ,Primary industries,Nitrous oxide,Seasonally adjusted,Kilotonnes,1648,Carbon dioxide equivalents
2017.03,ZPZ,Primary industries,Methane,Actual,Kilotonnes,10462,Carbon dioxide equivalents
2017.03,ZPZ,Primary industries,Carbon dioxide,Actual,Kilotonnes,957,Carbon dioxide equivalents
2017.03,ZPZ,Primary industries,Carbon dioxide equivalents,Actual,Kilotonnes,13062,Carbon dioxide equivalents
2017.03,ZPZ,Primary industries,Fluorinated gases,Actual,Kilotonnes,1,Carbon dioxide equivalents
2017.03,ZPZ,Primary industries,Nitrous oxide,Actual,Kilotonnes,1642,Carbon dioxide equivalents
2017.06,ZPZ,Primary industries,Methane,Seasonally adjusted,Kilotonnes,8998,Carbon dioxide equivalents
2017.06,ZPZ,Primary industries,Carbon dioxide,Seasonally adjusted,Kilotonnes,936,Carbon dioxide equivalents
2017.06,ZPZ,Primary industries,Carbon dioxide equivalents,Seasonally adjusted,Kilotonnes,11584,Carbon dioxide equivalents
2017.06,ZPZ,Primary industries,Fluorinated gases,Seasonally adjusted,Kilotonnes,1,Carbon dioxide equivalents
2017.06,ZPZ,Primary industries,Nitrous oxide,Seasonally adjusted,Kilotonnes,1655,Carbon dioxide equivalents
2017.06,ZPZ,Primary industries,Methane,Actual,Kilotonnes,7175,Carbon dioxide equivalents
2017.06,ZPZ,Primary industries,Carbon dioxide,Actual,Kilotonnes,843,Carbon dioxide equivalents
2017.06,ZPZ,Primary industries,Carbon dioxide equivalents,Actual,Kilotonnes,9554,Carbon dioxide equivalents
2017.06,ZPZ,Primary industries,Fluorinated gases,Actual,Kilotonnes,1,Carbon dioxide equivalents
2017.06,ZPZ,Primary industries,Nitrous oxide,Actual,Kilotonnes,1535,Carbon dioxide equivalents
2017.09,ZPZ,Primary industries,Methane,Seasonally adjusted,Kilotonnes,8869,Carbon dioxide equivalents
2017.09,ZPZ,Primary industries,Carbon dioxide,Seasonally adjusted,Kilotonnes,983,Carbon dioxide equivalents
2017.09,ZPZ,Primary industries,Carbon dioxide equivalents,Seasonally adjusted,Kilotonnes,11497,Carbon dioxide equivalents
2017.09,ZPZ,Primary industries,Fluorinated gases,Seasonally adjusted,Kilotonnes,1,Carbon dioxide equivalents
2017.09,ZPZ,Primary industries,Nitrous oxide,Seasonally adjusted,Kilotonnes,1640,Carbon dioxide equivalents
2017.09,ZPZ,Primary industries,Methane,Actual,Kilotonnes,7557,Carbon dioxide equivalents
2017.09,ZPZ,Primary industries,Carbon dioxide,Actual,Kilotonnes,962,Carbon dioxide equivalents
2017.09,ZPZ,Primary industries,Carbon dioxide equivalents,Actual,Kilotonnes,10210,Carbon dioxide equivalents
2017.09,ZPZ,Primary industries,Fluorinated gases,Actual,Kilotonnes,1,Carbon dioxide equivalents
2017.09,ZPZ,Primary industries,Nitrous oxide,Actual,Kilotonnes,1691,Carbon dioxide equivalents
2017.12,ZPZ,Primary industries,Methane,Seasonally adjusted,Kilotonnes,8827,Carbon dioxide equivalents
2017.12,ZPZ,Primary industries,Carbon dioxide,Seasonally adjusted,Kilotonnes,997,Carbon dioxide equivalents
2017.12,ZPZ,Primary industries,Carbon dioxide equivalents,Seasonally adjusted,Kilotonnes,11461,Carbon dioxide equivalents
2017.12,ZPZ,Primary industries,Fluorinated gases,Seasonally adjusted,Kilotonnes,1,Carbon dioxide equivalents
2017.12,ZPZ,Primary industries,Nitrous oxide,Seasonally adjusted,Kilotonnes,1639,Carbon dioxide equivalents
2017.12,ZPZ,Primary industries,Methane,Actual,Kilotonnes,10449,Carbon dioxide equivalents
2017.12,ZPZ,Primary industries,Carbon dioxide,Actual,Kilotonnes,1058,Carbon dioxide equivalents
2017.12,ZPZ,Primary industries,Carbon dioxide equivalents,Actual,Kilotonnes,13219,Carbon dioxide equivalents
2017.12,ZPZ,Primary industries,Fluorinated gases,Actual,Kilotonnes,1,Carbon dioxide equivalents
2017.12,ZPZ,Primary industries,Nitrous oxide,Actual,Kilotonnes,1712,Carbon dioxide equivalents
2018.03,ZPZ,Primary industries,Methane,Seasonally adjusted,Kilotonnes,8816,Carbon dioxide equivalents
2018.03,ZPZ,Primary industries,Carbon dioxide,Seasonally adjusted,Kilotonnes,987,Carbon dioxide equivalents
2018.03,ZPZ,Primary industries,Carbon dioxide equivalents,Seasonally adjusted,Kilotonnes,11444,Carbon dioxide equivalents
2018.03,ZPZ,Primary industries,Fluorinated gases,Seasonally adjusted,Kilotonnes,1,Carbon dioxide equivalents
2018.03,ZPZ,Primary industries,Nitrous oxide,Seasonally adjusted,Kilotonnes,1645,Carbon dioxide equivalents
2018.03,ZPZ,Primary industries,Methane,Actual,Kilotonnes,10276,Carbon dioxide equivalents
2018.03,ZPZ,Primary industries,Carbon dioxide,Actual,Kilotonnes,1046,Carbon dioxide equivalents
2018.03,ZPZ,Primary industries,Carbon dioxide equivalents,Actual,Kilotonnes,12962,Carbon dioxide equivalents
2018.03,ZPZ,Primary industries,Fluorinated gases,Actual,Kilotonnes,1,Carbon dioxide equivalents
2018.03,ZPZ,Primary industries,Nitrous oxide,Actual,Kilotonnes,1640,Carbon dioxide equivalents
2018.06,ZPZ,Primary industries,Methane,Seasonally adjusted,Kilotonnes,8929,Carbon dioxide equivalents
2018.06,ZPZ,Primary industries,Carbon dioxide,Seasonally adjusted,Kilotonnes,971,Carbon dioxide equivalents
2018.06,ZPZ,Primary industries,Carbon dioxide equivalents,Seasonally adjusted,Kilotonnes,11560,Carbon dioxide equivalents
2018.06,ZPZ,Primary industries,Fluorinated gases,Seasonally adjusted,Kilotonnes,1,Carbon dioxide equivalents
2018.06,ZPZ,Primary industries,Nitrous oxide,Seasonally adjusted,Kilotonnes,1661,Carbon dioxide equivalents
2018.06,ZPZ,Primary industries,Methane,Actual,Kilotonnes,7144,Carbon dioxide equivalents
2018.06,ZPZ,Primary industries,Carbon dioxide,Actual,Kilotonnes,877,Carbon dioxide equivalents
2018.06,ZPZ,Primary industries,Carbon dioxide equivalents,Actual,Kilotonnes,9565,Carbon dioxide equivalents
2018.06,ZPZ,Primary industries,Fluorinated gases,Actual,Kilotonnes,1,Carbon dioxide equivalents
2018.06,ZPZ,Primary industries,Nitrous oxide,Actual,Kilotonnes,1543,Carbon dioxide equivalents
2018.09,ZPZ,Primary industries,Methane,Seasonally adjusted,Kilotonnes,9007,Carbon dioxide equivalents
2018.09,ZPZ,Primary industries,Carbon dioxide,Seasonally adjusted,Kilotonnes,996,Carbon dioxide equivalents
2018.09,ZPZ,Primary industries,Carbon dioxide equivalents,Seasonally adjusted,Kilotonnes,11683,Carbon dioxide equivalents
2018.09,ZPZ,Primary industries,Fluorinated gases,Seasonally adjusted,Kilotonnes,1,Carbon dioxide equivalents
2018.09,ZPZ,Primary industries,Nitrous oxide,Seasonally adjusted,Kilotonnes,1672,Carbon dioxide equivalents
2018.09,ZPZ,Primary industries,Methane,Actual,Kilotonnes,7660,Carbon dioxide equivalents
2018.09,ZPZ,Primary industries,Carbon dioxide,Actual,Kilotonnes,972,Carbon dioxide equivalents
2018.09,ZPZ,Primary industries,Carbon dioxide equivalents,Actual,Kilotonnes,10354,Carbon dioxide equivalents
2018.09,ZPZ,Primary industries,Fluorinated gases,Actual,Kilotonnes,1,Carbon dioxide equivalents
2018.09,ZPZ,Primary industries,Nitrous oxide,Actual,Kilotonnes,1721,Carbon dioxide equivalents
2018.12,ZPZ,Primary industries,Methane,Seasonally adjusted,Kilotonnes,9016,Carbon dioxide equivalents
2018.12,ZPZ,Primary industries,Carbon dioxide,Seasonally adjusted,Kilotonnes,939,Carbon dioxide equivalents
2018.12,ZPZ,Primary industries,Carbon dioxide equivalents,Seasonally adjusted,Kilotonnes,11631,Carbon dioxide equivalents
2018.12,ZPZ,Primary industries,Fluorinated gases,Seasonally adjusted,Kilotonnes,1,Carbon dioxide equivalents
2018.12,ZPZ,Primary industries,Nitrous oxide,Seasonally adjusted,Kilotonnes,1672,Carbon dioxide equivalents
2018.12,ZPZ,Primary industries,Methane,Actual,Kilotonnes,10668,Carbon dioxide equivalents
2018.12,ZPZ,Primary industries,Carbon dioxide,Actual,Kilotonnes,994,Carbon dioxide equivalents
2018.12,ZPZ,Primary industries,Carbon dioxide equivalents,Actual,Kilotonnes,13409,Carbon dioxide equivalents
2018.12,ZPZ,Primary industries,Fluorinated gases,Actual,Kilotonnes,1,Carbon dioxide equivalents
2018.12,ZPZ,Primary industries,Nitrous oxide,Actual,Kilotonnes,1746,Carbon dioxide equivalents
2019.03,ZPZ,Primary industries,Methane,Seasonally adjusted,Kilotonnes,8965,Carbon dioxide equivalents
2019.03,ZPZ,Primary industries,Carbon dioxide,Seasonally adjusted,Kilotonnes,1015,Carbon dioxide equivalents
2019.03,ZPZ,Primary industries,Carbon dioxide equivalents,Seasonally adjusted,Kilotonnes,11638,Carbon dioxide equivalents
2019.03,ZPZ,Primary industries,Fluorinated gases,Seasonally adjusted,Kilotonnes,1,Carbon dioxide equivalents
2019.03,ZPZ,Primary industries,Nitrous oxide,Seasonally adjusted,Kilotonnes,1662,Carbon dioxide equivalents
2019.03,ZPZ,Primary industries,Methane,Actual,Kilotonnes,10448,Carbon dioxide equivalents
2019.03,ZPZ,Primary industries,Carbon dioxide,Actual,Kilotonnes,1082,Carbon dioxide equivalents
2019.03,ZPZ,Primary industries,Carbon dioxide equivalents,Actual,Kilotonnes,13188,Carbon dioxide equivalents
2019.03,ZPZ,Primary industries,Fluorinated gases,Actual,Kilotonnes,1,Carbon dioxide equivalents
2019.03,ZPZ,Primary industries,Nitrous oxide,Actual,Kilotonnes,1657,Carbon dioxide equivalents
2019.06,ZPZ,Primary industries,Methane,Seasonally adjusted,Kilotonnes,9000,Carbon dioxide equivalents
2019.06,ZPZ,Primary industries,Carbon dioxide,Seasonally adjusted,Kilotonnes,1034,Carbon dioxide equivalents
2019.06,ZPZ,Primary industries,Carbon dioxide equivalents,Seasonally adjusted,Kilotonnes,11702,Carbon dioxide equivalents
2019.06,ZPZ,Primary industries,Fluorinated gases,Seasonally adjusted,Kilotonnes,1,Carbon dioxide equivalents
2019.06,ZPZ,Primary industries,Nitrous oxide,Seasonally adjusted,Kilotonnes,1666,Carbon dioxide equivalents
2019.06,ZPZ,Primary industries,Methane,Actual,Kilotonnes,7217,Carbon dioxide equivalents
2019.06,ZPZ,Primary industries,Carbon dioxide,Actual,Kilotonnes,934,Carbon dioxide equivalents
2019.06,ZPZ,Primary industries,Carbon dioxide equivalents,Actual,Kilotonnes,9700,Carbon dioxide equivalents
2019.06,ZPZ,Primary industries,Fluorinated gases,Actual,Kilotonnes,1,Carbon dioxide equivalents
2019.06,ZPZ,Primary industries,Nitrous oxide,Actual,Kilotonnes,1550,Carbon dioxide equivalents
2019.09,ZPZ,Primary industries,Methane,Seasonally adjusted,Kilotonnes,8977,Carbon dioxide equivalents
2019.09,ZPZ,Primary industries,Carbon dioxide,Seasonally adjusted,Kilotonnes,1013,Carbon dioxide equivalents
2019.09,ZPZ,Primary industries,Carbon dioxide equivalents,Seasonally adjusted,Kilotonnes,11662,Carbon dioxide equivalents
2019.09,ZPZ,Primary industries,Fluorinated gases,Seasonally adjusted,Kilotonnes,1,Carbon dioxide equivalents
2019.09,ZPZ,Primary industries,Nitrous oxide,Seasonally adjusted,Kilotonnes,1660,Carbon dioxide equivalents
2019.09,ZPZ,Primary industries,Methane,Actual,Kilotonnes,7623,Carbon dioxide equivalents
2019.09,ZPZ,Primary industries,Carbon dioxide,Actual,Kilotonnes,981,Carbon dioxide equivalents
2019.09,ZPZ,Primary industries,Carbon dioxide equivalents,Actual,Kilotonnes,10312,Carbon dioxide equivalents
2019.09,ZPZ,Primary industries,Fluorinated gases,Actual,Kilotonnes,1,Carbon dioxide equivalents
2019.09,ZPZ,Primary industries,Nitrous oxide,Actual,Kilotonnes,1707,Carbon dioxide equivalents
2019.12,ZPZ,Primary industries,Methane,Seasonally adjusted,Kilotonnes,8982,Carbon dioxide equivalents
2019.12,ZPZ,Primary industries,Carbon dioxide,Seasonally adjusted,Kilotonnes,1012,Carbon dioxide equivalents
2019.12,ZPZ,Primary industries,Carbon dioxide equivalents,Seasonally adjusted,Kilotonnes,11657,Carbon dioxide equivalents
2019.12,ZPZ,Primary industries,Fluorinated gases,Seasonally adjusted,Kilotonnes,1,Carbon dioxide equivalents
2019.12,ZPZ,Primary industries,Nitrous oxide,Seasonally adjusted,Kilotonnes,1666,Carbon dioxide equivalents
2019.12,ZPZ,Primary industries,Methane,Actual,Kilotonnes,10629,Carbon dioxide equivalents
2019.12,ZPZ,Primary industries,Carbon dioxide,Actual,Kilotonnes,1074,Carbon dioxide equivalents
2019.12,ZPZ,Primary industries,Carbon dioxide equivalents,Actual,Kilotonnes,13445,Carbon dioxide equivalents
2019.12,ZPZ,Primary industries,Fluorinated gases,Actual,Kilotonnes,1,Carbon dioxide equivalents
2019.12,ZPZ,Primary industries,Nitrous oxide,Actual,Kilotonnes,1741,Carbon dioxide equivalents
2020.03,ZPZ,Primary industries,Methane,Seasonally adjusted,Kilotonnes,8943,Carbon dioxide equivalents
2020.03,ZPZ,Primary industries,Carbon dioxide,Seasonally adjusted,Kilotonnes,1004,Carbon dioxide equivalents
2020.03,ZPZ,Primary industries,Carbon dioxide equivalents,Seasonally adjusted,Kilotonnes,11610,Carbon dioxide equivalents
2020.03,ZPZ,Primary industries,Fluorinated gases,Seasonally adjusted,Kilotonnes,1,Carbon dioxide equivalents
2020.03,ZPZ,Primary industries,Nitrous oxide,Seasonally adjusted,Kilotonnes,1669,Carbon dioxide equivalents
2020.03,ZPZ,Primary industries,Methane,Actual,Kilotonnes,10418,Carbon dioxide equivalents
2020.03,ZPZ,Primary industries,Carbon dioxide,Actual,Kilotonnes,1072,Carbon dioxide equivalents
2020.03,ZPZ,Primary industries,Carbon dioxide equivalents,Actual,Kilotonnes,13155,Carbon dioxide equivalents
2020.03,ZPZ,Primary industries,Fluorinated gases,Actual,Kilotonnes,1,Carbon dioxide equivalents
2020.03,ZPZ,Primary industries,Nitrous oxide,Actual,Kilotonnes,1663,Carbon dioxide equivalents
2020.06,ZPZ,Primary industries,Methane,Seasonally adjusted,Kilotonnes,8794,Carbon dioxide equivalents
2020.06,ZPZ,Primary industries,Carbon dioxide,Seasonally adjusted,Kilotonnes,879,Carbon dioxide equivalents
2020.06,ZPZ,Primary industries,Carbon dioxide equivalents,Seasonally adjusted,Kilotonnes,11329,Carbon dioxide equivalents
2020.06,ZPZ,Primary industries,Fluorinated gases,Seasonally adjusted,Kilotonnes,1,Carbon dioxide equivalents
2020.06,ZPZ,Primary industries,Nitrous oxide,Seasonally adjusted,Kilotonnes,1660,Carbon dioxide equivalents
2020.06,ZPZ,Primary industries,Methane,Actual,Kilotonnes,7069,Carbon dioxide equivalents
2020.06,ZPZ,Primary industries,Carbon dioxide,Actual,Kilotonnes,797,Carbon dioxide equivalents
2020.06,ZPZ,Primary industries,Carbon dioxide equivalents,Actual,Kilotonnes,9412,Carbon dioxide equivalents
2020.06,ZPZ,Primary industries,Fluorinated gases,Actual,Kilotonnes,1,Carbon dioxide equivalents
2020.06,ZPZ,Primary industries,Nitrous oxide,Actual,Kilotonnes,1545,Carbon dioxide equivalents
2020.09,ZPZ,Primary industries,Methane,Seasonally adjusted,Kilotonnes,9008,Carbon dioxide equivalents
2020.09,ZPZ,Primary industries,Carbon dioxide,Seasonally adjusted,Kilotonnes,978,Carbon dioxide equivalents
2020.09,ZPZ,Primary industries,Carbon dioxide equivalents,Seasonally adjusted,Kilotonnes,11678,Carbon dioxide equivalents
2020.09,ZPZ,Primary industries,Fluorinated gases,Seasonally adjusted,Kilotonnes,1,Carbon dioxide equivalents
2020.09,ZPZ,Primary industries,Nitrous oxide,Seasonally adjusted,Kilotonnes,1681,Carbon dioxide equivalents
2020.09,ZPZ,Primary industries,Methane,Actual,Kilotonnes,7630,Carbon dioxide equivalents
2020.09,ZPZ,Primary industries,Carbon dioxide,Actual,Kilotonnes,936,Carbon dioxide equivalents
2020.09,ZPZ,Primary industries,Carbon dioxide equivalents,Actual,Kilotonnes,10293,Carbon dioxide equivalents
2020.09,ZPZ,Primary industries,Fluorinated gases,Actual,Kilotonnes,1,Carbon dioxide equivalents
2020.09,ZPZ,Primary industries,Nitrous oxide,Actual,Kilotonnes,1725,Carbon dioxide equivalents
2020.12,ZPZ,Primary industries,Methane,Seasonally adjusted,Kilotonnes,9004,Carbon dioxide equivalents
2020.12,ZPZ,Primary industries,Carbon dioxide,Seasonally adjusted,Kilotonnes,977,Carbon dioxide equivalents
2020.12,ZPZ,Primary industries,Carbon dioxide equivalents,Seasonally adjusted,Kilotonnes,11656,Carbon dioxide equivalents
2020.12,ZPZ,Primary industries,Fluorinated gases,Seasonally adjusted,Kilotonnes,1,Carbon dioxide equivalents
2020.12,ZPZ,Primary industries,Nitrous oxide,Seasonally adjusted,Kilotonnes,1676,Carbon dioxide equivalents
2020.12,ZPZ,Primary industries,Methane,Actual,Kilotonnes,10660,Carbon dioxide equivalents
2020.12,ZPZ,Primary industries,Carbon dioxide,Actual,Kilotonnes,1043,Carbon dioxide equivalents
2020.12,ZPZ,Primary industries,Carbon dioxide equivalents,Actual,Kilotonnes,13457,Carbon dioxide equivalents
2020.12,ZPZ,Primary industries,Fluorinated gases,Actual,Kilotonnes,1,Carbon dioxide equivalents
2020.12,ZPZ,Primary industries,Nitrous oxide,Actual,Kilotonnes,1753,Carbon dioxide equivalents
2021.03,ZPZ,Primary industries,Methane,Seasonally adjusted,Kilotonnes,9052,Carbon dioxide equivalents
2021.03,ZPZ,Primary industries,Carbon dioxide,Seasonally adjusted,Kilotonnes,939,Carbon dioxide equivalents
2021.03,ZPZ,Primary industries,Carbon dioxide equivalents,Seasonally adjusted,Kilotonnes,11666,Carbon dioxide equivalents
2021.03,ZPZ,Primary industries,Fluorinated gases,Seasonally adjusted,Kilotonnes,1,Carbon dioxide equivalents
2021.03,ZPZ,Primary industries,Nitrous oxide,Seasonally adjusted,Kilotonnes,1675,Carbon dioxide equivalents
2021.03,ZPZ,Primary industries,Methane,Actual,Kilotonnes,10549,Carbon dioxide equivalents
2021.03,ZPZ,Primary industries,Carbon dioxide,Actual,Kilotonnes,1004,Carbon dioxide equivalents
2021.03,ZPZ,Primary industries,Carbon dioxide equivalents,Actual,Kilotonnes,13224,Carbon dioxide equivalents
2021.03,ZPZ,Primary industries,Fluorinated gases,Actual,Kilotonnes,1,Carbon dioxide equivalents
2021.03,ZPZ,Primary industries,Nitrous oxide,Actual,Kilotonnes,1670,Carbon dioxide equivalents
2021.06,ZPZ,Primary industries,Methane,Seasonally adjusted,Kilotonnes,9026,Carbon dioxide equivalents
2021.06,ZPZ,Primary industries,Carbon dioxide,Seasonally adjusted,Kilotonnes,954,Carbon dioxide equivalents
2021.06,ZPZ,Primary industries,Carbon dioxide equivalents,Seasonally adjusted,Kilotonnes,11646,Carbon dioxide equivalents
2021.06,ZPZ,Primary industries,Fluorinated gases,Seasonally adjusted,Kilotonnes,1,Carbon dioxide equivalents
2021.06,ZPZ,Primary industries,Nitrous oxide,Seasonally adjusted,Kilotonnes,1667,Carbon dioxide equivalents
2021.06,ZPZ,Primary industries,Methane,Actual,Kilotonnes,7261,Carbon dioxide equivalents
2021.06,ZPZ,Primary industries,Carbon dioxide,Actual,Kilotonnes,866,Carbon dioxide equivalents
2021.06,ZPZ,Primary industries,Carbon dioxide equivalents,Actual,Kilotonnes,9679,Carbon dioxide equivalents
2021.06,ZPZ,Primary industries,Fluorinated gases,Actual,Kilotonnes,1,Carbon dioxide equivalents
2021.06,ZPZ,Primary industries,Nitrous oxide,Actual,Kilotonnes,1551,Carbon dioxide equivalents
2021.09,ZPZ,Primary industries,Methane,Seasonally adjusted,Kilotonnes,8902,Carbon dioxide equivalents
2021.09,ZPZ,Primary industries,Carbon dioxide,Seasonally adjusted,Kilotonnes,896,Carbon dioxide equivalents
2021.09,ZPZ,Primary industries,Carbon dioxide equivalents,Seasonally adjusted,Kilotonnes,11446,Carbon dioxide equivalents
2021.09,ZPZ,Primary industries,Fluorinated gases,Seasonally adjusted,Kilotonnes,1,Carbon dioxide equivalents
2021.09,ZPZ,Primary industries,Nitrous oxide,Seasonally adjusted,Kilotonnes,1646,Carbon dioxide equivalents
2021.09,ZPZ,Primary industries,Methane,Actual,Kilotonnes,7527,Carbon dioxide equivalents
2021.09,ZPZ,Primary industries,Carbon dioxide,Actual,Kilotonnes,853,Carbon dioxide equivalents
2021.09,ZPZ,Primary industries,Carbon dioxide equivalents,Actual,Kilotonnes,10069,Carbon dioxide equivalents
2021.09,ZPZ,Primary industries,Fluorinated gases,Actual,Kilotonnes,1,Carbon dioxide equivalents
2021.09,ZPZ,Primary industries,Nitrous oxide,Actual,Kilotonnes,1688,Carbon dioxide equivalents
2021.12,ZPZ,Primary industries,Methane,Seasonally adjusted,Kilotonnes,8814,Carbon dioxide equivalents
2021.12,ZPZ,Primary industries,Carbon dioxide,Seasonally adjusted,Kilotonnes,911,Carbon dioxide equivalents
2021.12,ZPZ,Primary industries,Carbon dioxide equivalents,Seasonally adjusted,Kilotonnes,11354,Carbon dioxide equivalents
2021.12,ZPZ,Primary industries,Fluorinated gases,Seasonally adjusted,Kilotonnes,1,Carbon dioxide equivalents
2021.12,ZPZ,Primary industries,Nitrous oxide,Seasonally adjusted,Kilotonnes,1628,Carbon dioxide equivalents
2021.12,ZPZ,Primary industries,Methane,Actual,Kilotonnes,10438,Carbon dioxide equivalents
2021.12,ZPZ,Primary industries,Carbon dioxide,Actual,Kilotonnes,978,Carbon dioxide equivalents
2021.12,ZPZ,Primary industries,Carbon dioxide equivalents,Actual,Kilotonnes,13123,Carbon dioxide equivalents
2021.12,ZPZ,Primary industries,Fluorinated gases,Actual,Kilotonnes,1,Carbon dioxide equivalents
2021.12,ZPZ,Primary industries,Nitrous oxide,Actual,Kilotonnes,1705,Carbon dioxide equivalents
2022.03,ZPZ,Primary industries,Methane,Seasonally adjusted,Kilotonnes,8811,Carbon dioxide equivalents
2022.03,ZPZ,Primary industries,Carbon dioxide,Seasonally adjusted,Kilotonnes,968,Carbon dioxide equivalents
2022.03,ZPZ,Primary industries,Carbon dioxide equivalents,Seasonally adjusted,Kilotonnes,11399,Carbon dioxide equivalents
2022.03,ZPZ,Primary industries,Fluorinated gases,Seasonally adjusted,Kilotonnes,1,Carbon dioxide equivalents
2022.03,ZPZ,Primary industries,Nitrous oxide,Seasonally adjusted,Kilotonnes,1621,Carbon dioxide equivalents
2022.03,ZPZ,Primary industries,Methane,Actual,Kilotonnes,10271,Carbon dioxide equivalents
2022.03,ZPZ,Primary industries,Carbon dioxide,Actual,Kilotonnes,1033,Carbon dioxide equivalents
2022.03,ZPZ,Primary industries,Carbon dioxide equivalents,Actual,Kilotonnes,12922,Carbon dioxide equivalents
2022.03,ZPZ,Primary industries,Fluorinated gases,Actual,Kilotonnes,1,Carbon dioxide equivalents
2022.03,ZPZ,Primary industries,Nitrous oxide,Actual,Kilotonnes,1617,Carbon dioxide equivalents
2022.06,ZPZ,Primary industries,Methane,Seasonally adjusted,Kilotonnes,8746,Carbon dioxide equivalents
2022.06,ZPZ,Primary industries,Carbon dioxide,Seasonally adjusted,Kilotonnes,959,Carbon dioxide equivalents
2022.06,ZPZ,Primary industries,Carbon dioxide equivalents,Seasonally adjusted,Kilotonnes,11315,Carbon dioxide equivalents
2022.06,ZPZ,Primary industries,Fluorinated gases,Seasonally adjusted,Kilotonnes,1,Carbon dioxide equivalents
2022.06,ZPZ,Primary industries,Nitrous oxide,Seasonally adjusted,Kilotonnes,1605,Carbon dioxide equivalents
2022.06,ZPZ,Primary industries,Methane,Actual,Kilotonnes,7040,Carbon dioxide equivalents
2022.06,ZPZ,Primary industries,Carbon dioxide,Actual,Kilotonnes,872,Carbon dioxide equivalents
2022.06,ZPZ,Primary industries,Carbon dioxide equivalents,Actual,Kilotonnes,9405,Carbon dioxide equivalents
2022.06,ZPZ,Primary industries,Fluorinated gases,Actual,Kilotonnes,1,Carbon dioxide equivalents
2022.06,ZPZ,Primary industries,Nitrous oxide,Actual,Kilotonnes,1493,Carbon dioxide equivalents
2022.09,ZPZ,Primary industries,Methane,Seasonally adjusted,Kilotonnes,8689,Carbon dioxide equivalents
2022.09,ZPZ,Primary industries,Carbon dioxide,Seasonally adjusted,Kilotonnes,929,Carbon dioxide equivalents
2022.09,ZPZ,Primary industries,Carbon dioxide equivalents,Seasonally adjusted,Kilotonnes,11207,Carbon dioxide equivalents
2022.09,ZPZ,Primary industries,Fluorinated gases,Seasonally adjusted,Kilotonnes,1,Carbon dioxide equivalents
2022.09,ZPZ,Primary industries,Nitrous oxide,Seasonally adjusted,Kilotonnes,1589,Carbon dioxide equivalents
2022.09,ZPZ,Primary industries,Methane,Actual,Kilotonnes,7338,Carbon dioxide equivalents
2022.09,ZPZ,Primary industries,Carbon dioxide,Actual,Kilotonnes,881,Carbon dioxide equivalents
2022.09,ZPZ,Primary industries,Carbon dioxide equivalents,Actual,Kilotonnes,9848,Carbon dioxide equivalents
2022.09,ZPZ,Primary industries,Fluorinated gases,Actual,Kilotonnes,1,Carbon dioxide equivalents
2022.09,ZPZ,Primary industries,Nitrous oxide,Actual,Kilotonnes,1628,Carbon dioxide equivalents
2022.12,ZPZ,Primary industries,Methane,Seasonally adjusted,Kilotonnes,8681,Carbon dioxide equivalents
2022.12,ZPZ,Primary industries,Carbon dioxide,Seasonally adjusted,Kilotonnes,914,Carbon dioxide equivalents
2022.12,ZPZ,Primary industries,Carbon dioxide equivalents,Seasonally adjusted,Kilotonnes,11176,Carbon dioxide equivalents
2022.12,ZPZ,Primary industries,Fluorinated gases,Seasonally adjusted,Kilotonnes,1,Carbon dioxide equivalents
2022.12,ZPZ,Primary industries,Nitrous oxide,Seasonally adjusted,Kilotonnes,1579,Carbon dioxide equivalents
2022.12,ZPZ,Primary industries,Methane,Actual,Kilotonnes,10282,Carbon dioxide equivalents
2022.12,ZPZ,Primary industries,Carbon dioxide,Actual,Kilotonnes,986,Carbon dioxide equivalents
2022.12,ZPZ,Primary industries,Carbon dioxide equivalents,Actual,Kilotonnes,12923,Carbon dioxide equivalents
2022.12,ZPZ,Primary industries,Fluorinated gases,Actual,Kilotonnes,1,Carbon dioxide equivalents
2022.12,ZPZ,Primary industries,Nitrous oxide,Actual,Kilotonnes,1655,Carbon dioxide equivalents
2023.03,ZPZ,Primary industries,Methane,Seasonally adjusted,Kilotonnes,8599,Carbon dioxide equivalents
2023.03,ZPZ,Primary industries,Carbon dioxide,Seasonally adjusted,Kilotonnes,864,Carbon dioxide equivalents
2023.03,ZPZ,Primary industries,Carbon dioxide equivalents,Seasonally adjusted,Kilotonnes,11024,Carbon dioxide equivalents
2023.03,ZPZ,Primary industries,Fluorinated gases,Seasonally adjusted,Kilotonnes,1,Carbon dioxide equivalents
2023.03,ZPZ,Primary industries,Nitrous oxide,Seasonally adjusted,Kilotonnes,1556,Carbon dioxide equivalents
2023.03,ZPZ,Primary industries,Methane,Actual,Kilotonnes,10028,Carbon dioxide equivalents
2023.03,ZPZ,Primary industries,Carbon dioxide,Actual,Kilotonnes,919,Carbon dioxide equivalents
2023.03,ZPZ,Primary industries,Carbon dioxide equivalents,Actual,Kilotonnes,12500,Carbon dioxide equivalents
2023.03,ZPZ,Primary industries,Fluorinated gases,Actual,Kilotonnes,1,Carbon dioxide equivalents
2023.03,ZPZ,Primary industries,Nitrous oxide,Actual,Kilotonnes,1552,Carbon dioxide equivalents
2023.06,ZPZ,Primary industries,Methane,Seasonally adjusted,Kilotonnes,8620,Carbon dioxide equivalents
2023.06,ZPZ,Primary industries,Carbon dioxide,Seasonally adjusted,Kilotonnes,870,Carbon dioxide equivalents
2023.06,ZPZ,Primary industries,Carbon dioxide equivalents,Seasonally adjusted,Kilotonnes,11036,Carbon dioxide equivalents
2023.06,ZPZ,Primary industries,Fluorinated gases,Seasonally adjusted,Kilotonnes,1,Carbon dioxide equivalents
2023.06,ZPZ,Primary industries,Nitrous oxide,Seasonally adjusted,Kilotonnes,1550,Carbon dioxide equivalents
2023.06,ZPZ,Primary industries,Methane,Actual,Kilotonnes,6937,Carbon dioxide equivalents
2023.06,ZPZ,Primary industries,Carbon dioxide,Actual,Kilotonnes,789,Carbon dioxide equivalents
2023.06,ZPZ,Primary industries,Carbon dioxide equivalents,Actual,Kilotonnes,9166,Carbon dioxide equivalents
2023.06,ZPZ,Primary industries,Fluorinated gases,Actual,Kilotonnes,1,Carbon dioxide equivalents
2023.06,ZPZ,Primary industries,Nitrous oxide,Actual,Kilotonnes,1440,Carbon dioxide equivalents
2023.09,ZPZ,Primary industries,Methane,Seasonally adjusted,Kilotonnes,8493,Carbon dioxide equivalents
2023.09,ZPZ,Primary industries,Carbon dioxide,Seasonally adjusted,Kilotonnes,853,Carbon dioxide equivalents
2023.09,ZPZ,Primary industries,Carbon dioxide equivalents,Seasonally adjusted,Kilotonnes,10878,Carbon dioxide equivalents
2023.09,ZPZ,Primary industries,Fluorinated gases,Seasonally adjusted,Kilotonnes,1,Carbon dioxide equivalents
2023.09,ZPZ,Primary industries,Nitrous oxide,Seasonally adjusted,Kilotonnes,1541,Carbon dioxide equivalents
2023.09,ZPZ,Primary industries,Methane,Actual,Kilotonnes,7172,Carbon dioxide equivalents
2023.09,ZPZ,Primary industries,Carbon dioxide,Actual,Kilotonnes,812,Carbon dioxide equivalents
2023.09,ZPZ,Primary industries,Carbon dioxide equivalents,Actual,Kilotonnes,9564,Carbon dioxide equivalents
2023.09,ZPZ,Primary industries,Fluorinated gases,Actual,Kilotonnes,1,Carbon dioxide equivalents
2023.09,ZPZ,Primary industries,Nitrous oxide,Actual,Kilotonnes,1579,Carbon dioxide equivalents
2023.12,ZPZ,Primary industries,Methane,Seasonally adjusted,Kilotonnes,8565,Carbon dioxide equivalents
2023.12,ZPZ,Primary industries,Carbon dioxide,Seasonally adjusted,Kilotonnes,909,Carbon dioxide equivalents
2023.12,ZPZ,Primary industries,Carbon dioxide equivalents,Seasonally adjusted,Kilotonnes,11030,Carbon dioxide equivalents
2023.12,ZPZ,Primary industries,Fluorinated gases,Seasonally adjusted,Kilotonnes,1,Carbon dioxide equivalents
2023.12,ZPZ,Primary industries,Nitrous oxide,Seasonally adjusted,Kilotonnes,1554,Carbon dioxide equivalents
2023.12,ZPZ,Primary industries,Methane,Actual,Kilotonnes,10145,Carbon dioxide equivalents
2023.12,ZPZ,Primary industries,Carbon dioxide,Actual,Kilotonnes,981,Carbon dioxide equivalents
2023.12,ZPZ,Primary industries,Carbon dioxide equivalents,Actual,Kilotonnes,12757,Carbon dioxide equivalents
2023.12,ZPZ,Primary industries,Fluorinated gases,Actual,Kilotonnes,1,Carbon dioxide equivalents
2023.12,ZPZ,Primary industries,Nitrous oxide,Actual,Kilotonnes,1630,Carbon dioxide equivalents
2024.03,ZPZ,Primary industries,Methane,Seasonally adjusted,Kilotonnes,8573,Carbon dioxide equivalents
2024.03,ZPZ,Primary industries,Carbon dioxide,Seasonally adjusted,Kilotonnes,884,Carbon dioxide equivalents
2024.03,ZPZ,Primary industries,Carbon dioxide equivalents,Seasonally adjusted,Kilotonnes,11027,Carbon dioxide equivalents
2024.03,ZPZ,Primary industries,Fluorinated gases,Seasonally adjusted,Kilotonnes,1,Carbon dioxide equivalents
2024.03,ZPZ,Primary industries,Nitrous oxide,Seasonally adjusted,Kilotonnes,1568,Carbon dioxide equivalents
2024.03,ZPZ,Primary industries,Methane,Actual,Kilotonnes,9999,Carbon dioxide equivalents
2024.03,ZPZ,Primary industries,Carbon dioxide,Actual,Kilotonnes,938,Carbon dioxide equivalents
2024.03,ZPZ,Primary industries,Carbon dioxide equivalents,Actual,Kilotonnes,12501,Carbon dioxide equivalents
2024.03,ZPZ,Primary industries,Fluorinated gases,Actual,Kilotonnes,1,Carbon dioxide equivalents
2024.03,ZPZ,Primary industries,Nitrous oxide,Actual,Kilotonnes,1563,Carbon dioxide equivalents
2024.06,ZPZ,Primary industries,Methane,Seasonally adjusted,Kilotonnes,8497,Carbon dioxide equivalents
2024.06,ZPZ,Primary industries,Carbon dioxide,Seasonally adjusted,Kilotonnes,891,Carbon dioxide equivalents
2024.06,ZPZ,Primary industries,Carbon dioxide equivalents,Seasonally adjusted,Kilotonnes,10961,Carbon dioxide equivalents
2024.06,ZPZ,Primary industries,Fluorinated gases,Seasonally adjusted,Kilotonnes,1,Carbon dioxide equivalents
2024.06,ZPZ,Primary industries,Nitrous oxide,Seasonally adjusted,Kilotonnes,1566,Carbon dioxide equivalents
2024.06,ZPZ,Primary industries,Methane,Actual,Kilotonnes,6837,Carbon dioxide equivalents
2024.06,ZPZ,Primary industries,Carbon dioxide,Actual,Kilotonnes,806,Carbon dioxide equivalents
2024.06,ZPZ,Primary industries,Carbon dioxide equivalents,Actual,Kilotonnes,9099,Carbon dioxide equivalents
2024.06,ZPZ,Primary industries,Fluorinated gases,Actual,Kilotonnes,1,Carbon dioxide equivalents
2024.06,ZPZ,Primary industries,Nitrous oxide,Actual,Kilotonnes,1455,Carbon dioxide equivalents
2024.09,ZPZ,Primary industries,Methane,Seasonally adjusted,Kilotonnes,8542,Carbon dioxide equivalents
2024.09,ZPZ,Primary industries,Carbon dioxide,Seasonally adjusted,Kilotonnes,929,Carbon dioxide equivalents
2024.09,ZPZ,Primary industries,Carbon dioxide equivalents,Seasonally adjusted,Kilotonnes,11041,Carbon dioxide equivalents
2024.09,ZPZ,Primary industries,Fluorinated gases,Seasonally adjusted,Kilotonnes,1,Carbon dioxide equivalents
2024.09,ZPZ,Primary industries,Nitrous oxide,Seasonally adjusted,Kilotonnes,1573,Carbon dioxide equivalents
2024.09,ZPZ,Primary industries,Methane,Actual,Kilotonnes,7214,Carbon dioxide equivalents
2024.09,ZPZ,Primary industries,Carbon dioxide,Actual,Kilotonnes,887,Carbon dioxide equivalents
2024.09,ZPZ,Primary industries,Carbon dioxide equivalents,Actual,Kilotonnes,9715,Carbon dioxide equivalents
2024.09,ZPZ,Primary industries,Fluorinated gases,Actual,Kilotonnes,1,Carbon dioxide equivalents
2024.09,ZPZ,Primary industries,Nitrous oxide,Actual,Kilotonnes,1613,Carbon dioxide equivalents
2024.12,ZPZ,Primary industries,Methane,Seasonally adjusted,Kilotonnes,8507,Carbon dioxide equivalents
2024.12,ZPZ,Primary industries,Carbon dioxide,Seasonally adjusted,Kilotonnes,893,Carbon dioxide equivalents
2024.12,ZPZ,Primary industries,Carbon dioxide equivalents,Seasonally adjusted,Kilotonnes,10969,Carbon dioxide equivalents
2024.12,ZPZ,Primary industries,Fluorinated gases,Seasonally adjusted,Kilotonnes,1,Carbon dioxide equivalents
2024.12,ZPZ,Primary industries,Nitrous oxide,Seasonally adjusted,Kilotonnes,1568,Carbon dioxide equivalents
2024.12,ZPZ,Primary industries,Methane,Actual,Kilotonnes,10073,Carbon dioxide equivalents
2024.12,ZPZ,Primary industries,Carbon dioxide,Actual,Kilotonnes,965,Carbon dioxide equivalents
2024.12,ZPZ,Primary industries,Carbon dioxide equivalents,Actual,Kilotonnes,12683,Carbon dioxide equivalents
2024.12,ZPZ,Primary industries,Fluorinated gases,Actual,Kilotonnes,1,Carbon dioxide equivalents
2024.12,ZPZ,Primary industries,Nitrous oxide,Actual,Kilotonnes,1645,Carbon dioxide equivalents
2025.03,ZPZ,Primary industries,Methane,Seasonally adjusted,Kilotonnes,8415,Carbon dioxide equivalents
2025.03,ZPZ,Primary industries,Carbon dioxide,Seasonally adjusted,Kilotonnes,936,Carbon dioxide equivalents
2025.03,ZPZ,Primary industries,Carbon dioxide equivalents,Seasonally adjusted,Kilotonnes,10890,Carbon dioxide equivalents
2025.03,ZPZ,Primary industries,Fluorinated gases,Seasonally adjusted,Kilotonnes,1,Carbon dioxide equivalents
2025.03,ZPZ,Primary industries,Nitrous oxide,Seasonally adjusted,Kilotonnes,1543,Carbon dioxide equivalents
2025.03,ZPZ,Primary industries,Methane,Actual,Kilotonnes,9819,Carbon dioxide equivalents
2025.03,ZPZ,Primary industries,Carbon dioxide,Actual,Kilotonnes,991,Carbon dioxide equivalents
2025.03,ZPZ,Primary industries,Carbon dioxide equivalents,Actual,Kilotonnes,12350,Carbon dioxide equivalents
2025.03,ZPZ,Primary industries,Fluorinated gases,Actual,Kilotonnes,1,Carbon dioxide equivalents
2025.03,ZPZ,Primary industries,Nitrous oxide,Actual,Kilotonnes,1538,Carbon dioxide equivalents
2025.06,ZPZ,Primary industries,Methane,Seasonally adjusted,Kilotonnes,8473,Carbon dioxide equivalents
2025.06,ZPZ,Primary industries,Carbon dioxide,Seasonally adjusted,Kilotonnes,903,Carbon dioxide equivalents
2025.06,ZPZ,Primary industries,Carbon dioxide equivalents,Seasonally adjusted,Kilotonnes,10928,Carbon dioxide equivalents
2025.06,ZPZ,Primary industries,Fluorinated gases,Seasonally adjusted,Kilotonnes,1,Carbon dioxide equivalents
2025.06,ZPZ,Primary industries,Nitrous oxide,Seasonally adjusted,Kilotonnes,1545,Carbon dioxide equivalents
2025.06,ZPZ,Primary industries,Methane,Actual,Kilotonnes,6813,Carbon dioxide equivalents
2025.06,ZPZ,Primary industries,Carbon dioxide,Actual,Kilotonnes,815,Carbon dioxide equivalents
2025.06,ZPZ,Primary industries,Carbon dioxide equivalents,Actual,Kilotonnes,9064,Carbon dioxide equivalents
2025.06,ZPZ,Primary industries,Fluorinated gases,Actual,Kilotonnes,1,Carbon dioxide equivalents
2025.06,ZPZ,Primary industries,Nitrous oxide,Actual,Kilotonnes,1434,Carbon dioxide equivalents
2025.09,ZPZ,Primary industries,Methane,Seasonally adjusted,Kilotonnes,8470,Carbon dioxide equivalents
2025.09,ZPZ,Primary industries,Carbon dioxide,Seasonally adjusted,Kilotonnes,906,Carbon dioxide equivalents
2025.09,ZPZ,Primary industries,Carbon dioxide equivalents,Seasonally adjusted,Kilotonnes,10914,Carbon dioxide equivalents
2025.09,ZPZ,Primary industries,Fluorinated gases,Seasonally adjusted,Kilotonnes,1,Carbon dioxide equivalents
2025.09,ZPZ,Primary industries,Nitrous oxide,Seasonally adjusted,Kilotonnes,1545,Carbon dioxide equivalents
2025.09,ZPZ,Primary industries,Methane,Actual,Kilotonnes,7159,Carbon dioxide equivalents
2025.09,ZPZ,Primary industries,Carbon dioxide,Actual,Kilotonnes,870,Carbon dioxide equivalents
2025.09,ZPZ,Primary industries,Carbon dioxide equivalents,Actual,Kilotonnes,9615,Carbon dioxide equivalents
2025.09,ZPZ,Primary industries,Fluorinated gases,Actual,Kilotonnes,1,Carbon dioxide equivalents
2025.09,ZPZ,Primary industries,Nitrous oxide,Actual,Kilotonnes,1584,Carbon dioxide equivalents
2025.12,ZPZ,Primary industries,Methane,Seasonally adjusted,Kilotonnes,8436,Carbon dioxide equivalents
2025.12,ZPZ,Primary industries,Carbon dioxide,Seasonally adjusted,Kilotonnes,883,Carbon dioxide equivalents
2025.12,ZPZ,Primary industries,Carbon dioxide equivalents,Seasonally adjusted,Kilotonnes,10859,Carbon dioxide equivalents
2025.12,ZPZ,Primary industries,Fluorinated gases,Seasonally adjusted,Kilotonnes,1,Carbon dioxide equivalents
2025.12,ZPZ,Primary industries,Nitrous oxide,Seasonally adjusted,Kilotonnes,1537,Carbon dioxide equivalents
2025.12,ZPZ,Primary industries,Methane,Actual,Kilotonnes,9987,Carbon dioxide equivalents
2025.12,ZPZ,Primary industries,Carbon dioxide,Actual,Kilotonnes,951,Carbon dioxide equivalents
2025.12,ZPZ,Primary industries,Carbon dioxide equivalents,Actual,Kilotonnes,12553,Carbon dioxide equivalents
2025.12,ZPZ,Primary industries,Fluorinated gases,Actual,Kilotonnes,1,Carbon dioxide equivalents
2025.12,ZPZ,Primary industries,Nitrous oxide,Actual,Kilotonnes,1613,Carbon dioxide equivalents
2026.03,ZPZ,Primary industries,Methane,Seasonally adjusted,Kilotonnes,8535,Carbon dioxide equivalents
2026.03,ZPZ,Primary industries,Carbon dioxide,Seasonally adjusted,Kilotonnes,859,Carbon dioxide equivalents
2026.03,ZPZ,Primary industries,Carbon dioxide equivalents,Seasonally adjusted,Kilotonnes,10943,Carbon dioxide equivalents
2026.03,ZPZ,Primary industries,Fluorinated gases,Seasonally adjusted,Kilotonnes,1,Carbon dioxide equivalents
2026.03,ZPZ,Primary industries,Nitrous oxide,Seasonally adjusted,Kilotonnes,1545,Carbon dioxide equivalents
2026.03,ZPZ,Primary industries,Methane,Actual,Kilotonnes,9959,Carbon dioxide equivalents
2026.03,ZPZ,Primary industries,Carbon dioxide,Actual,Kilotonnes,910,Carbon dioxide equivalents
2026.03,ZPZ,Primary industries,Carbon dioxide equivalents,Actual,Kilotonnes,12409,Carbon dioxide equivalents
2026.03,ZPZ,Primary industries,Fluorinated gases,Actual,Kilotonnes,1,Carbon dioxide equivalents
2026.03,ZPZ,Primary industries,Nitrous oxide,Actual,Kilotonnes,1540,Carbon dioxide equivalents
2010.03,ZSX,"Services excluding transport, postal, and warehousing",Carbon dioxide equivalents,Seasonally adjusted,Kilotonnes,731,Carbon dioxide equivalents
2010.03,ZSX,"Services excluding transport, postal, and warehousing",Carbon dioxide equivalents,Actual,Kilotonnes,684,Carbon dioxide equivalents
2010.06,ZSX,"Services excluding transport, postal, and warehousing",Carbon dioxide equivalents,Seasonally adjusted,Kilotonnes,741,Carbon dioxide equivalents
2010.06,ZSX,"Services excluding transport, postal, and warehousing",Carbon dioxide equivalents,Actual,Kilotonnes,754,Carbon dioxide equivalents
2010.09,ZSX,"Services excluding transport, postal, and warehousing",Carbon dioxide equivalents,Seasonally adjusted,Kilotonnes,730,Carbon dioxide equivalents
2010.09,ZSX,"Services excluding transport, postal, and warehousing",Carbon dioxide equivalents,Actual,Kilotonnes,763,Carbon dioxide equivalents
2010.12,ZSX,"Services excluding transport, postal, and warehousing",Carbon dioxide equivalents,Seasonally adjusted,Kilotonnes,741,Carbon dioxide equivalents
2010.12,ZSX,"Services excluding transport, postal, and warehousing",Carbon dioxide equivalents,Actual,Kilotonnes,742,Carbon dioxide equivalents
2011.03,ZSX,"Services excluding transport, postal, and warehousing",Carbon dioxide equivalents,Seasonally adjusted,Kilotonnes,720,Carbon dioxide equivalents
2011.03,ZSX,"Services excluding transport, postal, and warehousing",Carbon dioxide equivalents,Actual,Kilotonnes,674,Carbon dioxide equivalents
2011.06,ZSX,"Services excluding transport, postal, and warehousing",Carbon dioxide equivalents,Seasonally adjusted,Kilotonnes,704,Carbon dioxide equivalents
2011.06,ZSX,"Services excluding transport, postal, and warehousing",Carbon dioxide equivalents,Actual,Kilotonnes,715,Carbon dioxide equivalents
2011.09,ZSX,"Services excluding transport, postal, and warehousing",Carbon dioxide equivalents,Seasonally adjusted,Kilotonnes,683,Carbon dioxide equivalents
2011.09,ZSX,"Services excluding transport, postal, and warehousing",Carbon dioxide equivalents,Actual,Kilotonnes,716,Carbon dioxide equivalents
2011.12,ZSX,"Services excluding transport, postal, and warehousing",Carbon dioxide equivalents,Seasonally adjusted,Kilotonnes,691,Carbon dioxide equivalents
2011.12,ZSX,"Services excluding transport, postal, and warehousing",Carbon dioxide equivalents,Actual,Kilotonnes,692,Carbon dioxide equivalents
2012.03,ZSX,"Services excluding transport, postal, and warehousing",Carbon dioxide equivalents,Seasonally adjusted,Kilotonnes,712,Carbon dioxide equivalents
2012.03,ZSX,"Services excluding transport, postal, and warehousing",Carbon dioxide equivalents,Actual,Kilotonnes,666,Carbon dioxide equivalents
2012.06,ZSX,"Services excluding transport, postal, and warehousing",Carbon dioxide equivalents,Seasonally adjusted,Kilotonnes,710,Carbon dioxide equivalents
2012.06,ZSX,"Services excluding transport, postal, and warehousing",Carbon dioxide equivalents,Actual,Kilotonnes,721,Carbon dioxide equivalents
2012.09,ZSX,"Services excluding transport, postal, and warehousing",Carbon dioxide equivalents,Seasonally adjusted,Kilotonnes,704,Carbon dioxide equivalents
2012.09,ZSX,"Services excluding transport, postal, and warehousing",Carbon dioxide equivalents,Actual,Kilotonnes,740,Carbon dioxide equivalents
2012.12,ZSX,"Services excluding transport, postal, and warehousing",Carbon dioxide equivalents,Seasonally adjusted,Kilotonnes,696,Carbon dioxide equivalents
2012.12,ZSX,"Services excluding transport, postal, and warehousing",Carbon dioxide equivalents,Actual,Kilotonnes,696,Carbon dioxide equivalents
2013.03,ZSX,"Services excluding transport, postal, and warehousing",Carbon dioxide equivalents,Seasonally adjusted,Kilotonnes,685,Carbon dioxide equivalents
2013.03,ZSX,"Services excluding transport, postal, and warehousing",Carbon dioxide equivalents,Actual,Kilotonnes,640,Carbon dioxide equivalents
2013.06,ZSX,"Services excluding transport, postal, and warehousing",Carbon dioxide equivalents,Seasonally adjusted,Kilotonnes,702,Carbon dioxide equivalents
2013.06,ZSX,"Services excluding transport, postal, and warehousing",Carbon dioxide equivalents,Actual,Kilotonnes,713,Carbon dioxide equivalents
2013.09,ZSX,"Services excluding transport, postal, and warehousing",Carbon dioxide equivalents,Seasonally adjusted,Kilotonnes,706,Carbon dioxide equivalents
2013.09,ZSX,"Services excluding transport, postal, and warehousing",Carbon dioxide equivalents,Actual,Kilotonnes,743,Carbon dioxide equivalents
2013.12,ZSX,"Services excluding transport, postal, and warehousing",Carbon dioxide equivalents,Seasonally adjusted,Kilotonnes,704,Carbon dioxide equivalents
2013.12,ZSX,"Services excluding transport, postal, and warehousing",Carbon dioxide equivalents,Actual,Kilotonnes,703,Carbon dioxide equivalents
2014.03,ZSX,"Services excluding transport, postal, and warehousing",Carbon dioxide equivalents,Seasonally adjusted,Kilotonnes,719,Carbon dioxide equivalents
2014.03,ZSX,"Services excluding transport, postal, and warehousing",Carbon dioxide equivalents,Actual,Kilotonnes,671,Carbon dioxide equivalents
2014.06,ZSX,"Services excluding transport, postal, and warehousing",Carbon dioxide equivalents,Seasonally adjusted,Kilotonnes,710,Carbon dioxide equivalents
2014.06,ZSX,"Services excluding transport, postal, and warehousing",Carbon dioxide equivalents,Actual,Kilotonnes,721,Carbon dioxide equivalents
2014.09,ZSX,"Services excluding transport, postal, and warehousing",Carbon dioxide equivalents,Seasonally adjusted,Kilotonnes,717,Carbon dioxide equivalents
2014.09,ZSX,"Services excluding transport, postal, and warehousing",Carbon dioxide equivalents,Actual,Kilotonnes,756,Carbon dioxide equivalents
2014.12,ZSX,"Services excluding transport, postal, and warehousing",Carbon dioxide equivalents,Seasonally adjusted,Kilotonnes,716,Carbon dioxide equivalents
2014.12,ZSX,"Services excluding transport, postal, and warehousing",Carbon dioxide equivalents,Actual,Kilotonnes,715,Carbon dioxide equivalents
2015.03,ZSX,"Services excluding transport, postal, and warehousing",Carbon dioxide equivalents,Seasonally adjusted,Kilotonnes,695,Carbon dioxide equivalents
2015.03,ZSX,"Services excluding transport, postal, and warehousing",Carbon dioxide equivalents,Actual,Kilotonnes,648,Carbon dioxide equivalents
2015.06,ZSX,"Services excluding transport, postal, and warehousing",Carbon dioxide equivalents,Seasonally adjusted,Kilotonnes,683,Carbon dioxide equivalents
2015.06,ZSX,"Services excluding transport, postal, and warehousing",Carbon dioxide equivalents,Actual,Kilotonnes,693,Carbon dioxide equivalents
2015.09,ZSX,"Services excluding transport, postal, and warehousing",Carbon dioxide equivalents,Seasonally adjusted,Kilotonnes,693,Carbon dioxide equivalents
2015.09,ZSX,"Services excluding transport, postal, and warehousing",Carbon dioxide equivalents,Actual,Kilotonnes,731,Carbon dioxide equivalents
2015.12,ZSX,"Services excluding transport, postal, and warehousing",Carbon dioxide equivalents,Seasonally adjusted,Kilotonnes,687,Carbon dioxide equivalents
2015.12,ZSX,"Services excluding transport, postal, and warehousing",Carbon dioxide equivalents,Actual,Kilotonnes,686,Carbon dioxide equivalents
2016.03,ZSX,"Services excluding transport, postal, and warehousing",Carbon dioxide equivalents,Seasonally adjusted,Kilotonnes,689,Carbon dioxide equivalents
2016.03,ZSX,"Services excluding transport, postal, and warehousing",Carbon dioxide equivalents,Actual,Kilotonnes,642,Carbon dioxide equivalents
2016.06,ZSX,"Services excluding transport, postal, and warehousing",Carbon dioxide equivalents,Seasonally adjusted,Kilotonnes,687,Carbon dioxide equivalents
2016.06,ZSX,"Services excluding transport, postal, and warehousing",Carbon dioxide equivalents,Actual,Kilotonnes,697,Carbon dioxide equivalents
2016.09,ZSX,"Services excluding transport, postal, and warehousing",Carbon dioxide equivalents,Seasonally adjusted,Kilotonnes,705,Carbon dioxide equivalents
2016.09,ZSX,"Services excluding transport, postal, and warehousing",Carbon dioxide equivalents,Actual,Kilotonnes,745,Carbon dioxide equivalents
2016.12,ZSX,"Services excluding transport, postal, and warehousing",Carbon dioxide equivalents,Seasonally adjusted,Kilotonnes,685,Carbon dioxide equivalents
2016.12,ZSX,"Services excluding transport, postal, and warehousing",Carbon dioxide equivalents,Actual,Kilotonnes,683,Carbon dioxide equivalents
2017.03,ZSX,"Services excluding transport, postal, and warehousing",Carbon dioxide equivalents,Seasonally adjusted,Kilotonnes,699,Carbon dioxide equivalents
2017.03,ZSX,"Services excluding transport, postal, and warehousing",Carbon dioxide equivalents,Actual,Kilotonnes,652,Carbon dioxide equivalents
2017.06,ZSX,"Services excluding transport, postal, and warehousing",Carbon dioxide equivalents,Seasonally adjusted,Kilotonnes,704,Carbon dioxide equivalents
2017.06,ZSX,"Services excluding transport, postal, and warehousing",Carbon dioxide equivalents,Actual,Kilotonnes,714,Carbon dioxide equivalents
2017.09,ZSX,"Services excluding transport, postal, and warehousing",Carbon dioxide equivalents,Seasonally adjusted,Kilotonnes,693,Carbon dioxide equivalents
2017.09,ZSX,"Services excluding transport, postal, and warehousing",Carbon dioxide equivalents,Actual,Kilotonnes,732,Carbon dioxide equivalents
2017.12,ZSX,"Services excluding transport, postal, and warehousing",Carbon dioxide equivalents,Seasonally adjusted,Kilotonnes,700,Carbon dioxide equivalents
2017.12,ZSX,"Services excluding transport, postal, and warehousing",Carbon dioxide equivalents,Actual,Kilotonnes,697,Carbon dioxide equivalents
2018.03,ZSX,"Services excluding transport, postal, and warehousing",Carbon dioxide equivalents,Seasonally adjusted,Kilotonnes,659,Carbon dioxide equivalents
2018.03,ZSX,"Services excluding transport, postal, and warehousing",Carbon dioxide equivalents,Actual,Kilotonnes,615,Carbon dioxide equivalents
2018.06,ZSX,"Services excluding transport, postal, and warehousing",Carbon dioxide equivalents,Seasonally adjusted,Kilotonnes,678,Carbon dioxide equivalents
2018.06,ZSX,"Services excluding transport, postal, and warehousing",Carbon dioxide equivalents,Actual,Kilotonnes,688,Carbon dioxide equivalents
2018.09,ZSX,"Services excluding transport, postal, and warehousing",Carbon dioxide equivalents,Seasonally adjusted,Kilotonnes,660,Carbon dioxide equivalents
2018.09,ZSX,"Services excluding transport, postal, and warehousing",Carbon dioxide equivalents,Actual,Kilotonnes,697,Carbon dioxide equivalents
2018.12,ZSX,"Services excluding transport, postal, and warehousing",Carbon dioxide equivalents,Seasonally adjusted,Kilotonnes,676,Carbon dioxide equivalents
2018.12,ZSX,"Services excluding transport, postal, and warehousing",Carbon dioxide equivalents,Actual,Kilotonnes,672,Carbon dioxide equivalents
2019.03,ZSX,"Services excluding transport, postal, and warehousing",Carbon dioxide equivalents,Seasonally adjusted,Kilotonnes,724,Carbon dioxide equivalents
2019.03,ZSX,"Services excluding transport, postal, and warehousing",Carbon dioxide equivalents,Actual,Kilotonnes,677,Carbon dioxide equivalents
2019.06,ZSX,"Services excluding transport, postal, and warehousing",Carbon dioxide equivalents,Seasonally adjusted,Kilotonnes,721,Carbon dioxide equivalents
2019.06,ZSX,"Services excluding transport, postal, and warehousing",Carbon dioxide equivalents,Actual,Kilotonnes,731,Carbon dioxide equivalents
2019.09,ZSX,"Services excluding transport, postal, and warehousing",Carbon dioxide equivalents,Seasonally adjusted,Kilotonnes,757,Carbon dioxide equivalents
2019.09,ZSX,"Services excluding transport, postal, and warehousing",Carbon dioxide equivalents,Actual,Kilotonnes,800,Carbon dioxide equivalents
2019.12,ZSX,"Services excluding transport, postal, and warehousing",Carbon dioxide equivalents,Seasonally adjusted,Kilotonnes,738,Carbon dioxide equivalents
2019.12,ZSX,"Services excluding transport, postal, and warehousing",Carbon dioxide equivalents,Actual,Kilotonnes,734,Carbon dioxide equivalents
2020.03,ZSX,"Services excluding transport, postal, and warehousing",Carbon dioxide equivalents,Seasonally adjusted,Kilotonnes,692,Carbon dioxide equivalents
2020.03,ZSX,"Services excluding transport, postal, and warehousing",Carbon dioxide equivalents,Actual,Kilotonnes,648,Carbon dioxide equivalents
2020.06,ZSX,"Services excluding transport, postal, and warehousing",Carbon dioxide equivalents,Seasonally adjusted,Kilotonnes,588,Carbon dioxide equivalents
2020.06,ZSX,"Services excluding transport, postal, and warehousing",Carbon dioxide equivalents,Actual,Kilotonnes,597,Carbon dioxide equivalents
2020.09,ZSX,"Services excluding transport, postal, and warehousing",Carbon dioxide equivalents,Seasonally adjusted,Kilotonnes,674,Carbon dioxide equivalents
2020.09,ZSX,"Services excluding transport, postal, and warehousing",Carbon dioxide equivalents,Actual,Kilotonnes,711,Carbon dioxide equivalents
2020.12,ZSX,"Services excluding transport, postal, and warehousing",Carbon dioxide equivalents,Seasonally adjusted,Kilotonnes,687,Carbon dioxide equivalents
2020.12,ZSX,"Services excluding transport, postal, and warehousing",Carbon dioxide equivalents,Actual,Kilotonnes,684,Carbon dioxide equivalents
2021.03,ZSX,"Services excluding transport, postal, and warehousing",Carbon dioxide equivalents,Seasonally adjusted,Kilotonnes,671,Carbon dioxide equivalents
2021.03,ZSX,"Services excluding transport, postal, and warehousing",Carbon dioxide equivalents,Actual,Kilotonnes,629,Carbon dioxide equivalents
2021.06,ZSX,"Services excluding transport, postal, and warehousing",Carbon dioxide equivalents,Seasonally adjusted,Kilotonnes,680,Carbon dioxide equivalents
2021.06,ZSX,"Services excluding transport, postal, and warehousing",Carbon dioxide equivalents,Actual,Kilotonnes,689,Carbon dioxide equivalents
2021.09,ZSX,"Services excluding transport, postal, and warehousing",Carbon dioxide equivalents,Seasonally adjusted,Kilotonnes,660,Carbon dioxide equivalents
2021.09,ZSX,"Services excluding transport, postal, and warehousing",Carbon dioxide equivalents,Actual,Kilotonnes,696,Carbon dioxide equivalents
2021.12,ZSX,"Services excluding transport, postal, and warehousing",Carbon dioxide equivalents,Seasonally adjusted,Kilotonnes,671,Carbon dioxide equivalents
2021.12,ZSX,"Services excluding transport, postal, and warehousing",Carbon dioxide equivalents,Actual,Kilotonnes,669,Carbon dioxide equivalents
2022.03,ZSX,"Services excluding transport, postal, and warehousing",Carbon dioxide equivalents,Seasonally adjusted,Kilotonnes,729,Carbon dioxide equivalents
2022.03,ZSX,"Services excluding transport, postal, and warehousing",Carbon dioxide equivalents,Actual,Kilotonnes,685,Carbon dioxide equivalents
2022.06,ZSX,"Services excluding transport, postal, and warehousing",Carbon dioxide equivalents,Seasonally adjusted,Kilotonnes,711,Carbon dioxide equivalents
2022.06,ZSX,"Services excluding transport, postal, and warehousing",Carbon dioxide equivalents,Actual,Kilotonnes,719,Carbon dioxide equivalents
2022.09,ZSX,"Services excluding transport, postal, and warehousing",Carbon dioxide equivalents,Seasonally adjusted,Kilotonnes,676,Carbon dioxide equivalents
2022.09,ZSX,"Services excluding transport, postal, and warehousing",Carbon dioxide equivalents,Actual,Kilotonnes,711,Carbon dioxide equivalents
2022.12,ZSX,"Services excluding transport, postal, and warehousing",Carbon dioxide equivalents,Seasonally adjusted,Kilotonnes,627,Carbon dioxide equivalents
2022.12,ZSX,"Services excluding transport, postal, and warehousing",Carbon dioxide equivalents,Actual,Kilotonnes,626,Carbon dioxide equivalents
2023.03,ZSX,"Services excluding transport, postal, and warehousing",Carbon dioxide equivalents,Seasonally adjusted,Kilotonnes,630,Carbon dioxide equivalents
2023.03,ZSX,"Services excluding transport, postal, and warehousing",Carbon dioxide equivalents,Actual,Kilotonnes,592,Carbon dioxide equivalents
2023.06,ZSX,"Services excluding transport, postal, and warehousing",Carbon dioxide equivalents,Seasonally adjusted,Kilotonnes,625,Carbon dioxide equivalents
2023.06,ZSX,"Services excluding transport, postal, and warehousing",Carbon dioxide equivalents,Actual,Kilotonnes,631,Carbon dioxide equivalents
2023.09,ZSX,"Services excluding transport, postal, and warehousing",Carbon dioxide equivalents,Seasonally adjusted,Kilotonnes,637,Carbon dioxide equivalents
2023.09,ZSX,"Services excluding transport, postal, and warehousing",Carbon dioxide equivalents,Actual,Kilotonnes,670,Carbon dioxide equivalents
2023.12,ZSX,"Services excluding transport, postal, and warehousing",Carbon dioxide equivalents,Seasonally adjusted,Kilotonnes,627,Carbon dioxide equivalents
2023.12,ZSX,"Services excluding transport, postal, and warehousing",Carbon dioxide equivalents,Actual,Kilotonnes,626,Carbon dioxide equivalents
2024.03,ZSX,"Services excluding transport, postal, and warehousing",Carbon dioxide equivalents,Seasonally adjusted,Kilotonnes,599,Carbon dioxide equivalents
2024.03,ZSX,"Services excluding transport, postal, and warehousing",Carbon dioxide equivalents,Actual,Kilotonnes,564,Carbon dioxide equivalents
2024.06,ZSX,"Services excluding transport, postal, and warehousing",Carbon dioxide equivalents,Seasonally adjusted,Kilotonnes,601,Carbon dioxide equivalents
2024.06,ZSX,"Services excluding transport, postal, and warehousing",Carbon dioxide equivalents,Actual,Kilotonnes,606,Carbon dioxide equivalents
2024.09,ZSX,"Services excluding transport, postal, and warehousing",Carbon dioxide equivalents,Seasonally adjusted,Kilotonnes,591,Carbon dioxide equivalents
2024.09,ZSX,"Services excluding transport, postal, and warehousing",Carbon dioxide equivalents,Actual,Kilotonnes,621,Carbon dioxide equivalents
2024.12,ZSX,"Services excluding transport, postal, and warehousing",Carbon dioxide equivalents,Seasonally adjusted,Kilotonnes,593,Carbon dioxide equivalents
2024.12,ZSX,"Services excluding transport, postal, and warehousing",Carbon dioxide equivalents,Actual,Kilotonnes,592,Carbon dioxide equivalents
2025.03,ZSX,"Services excluding transport, postal, and warehousing",Carbon dioxide equivalents,Seasonally adjusted,Kilotonnes,589,Carbon dioxide equivalents
2025.03,ZSX,"Services excluding transport, postal, and warehousing",Carbon dioxide equivalents,Actual,Kilotonnes,554,Carbon dioxide equivalents
2025.06,ZSX,"Services excluding transport, postal, and warehousing",Carbon dioxide equivalents,Seasonally adjusted,Kilotonnes,578,Carbon dioxide equivalents
2025.06,ZSX,"Services excluding transport, postal, and warehousing",Carbon dioxide equivalents,Actual,Kilotonnes,582,Carbon dioxide equivalents
2025.09,ZSX,"Services excluding transport, postal, and warehousing",Carbon dioxide equivalents,Seasonally adjusted,Kilotonnes,607,Carbon dioxide equivalents
2025.09,ZSX,"Services excluding transport, postal, and warehousing",Carbon dioxide equivalents,Actual,Kilotonnes,638,Carbon dioxide equivalents
2025.12,ZSX,"Services excluding transport, postal, and warehousing",Carbon dioxide equivalents,Seasonally adjusted,Kilotonnes,658,Carbon dioxide equivalents
2025.12,ZSX,"Services excluding transport, postal, and warehousing",Carbon dioxide equivalents,Actual,Kilotonnes,658,Carbon dioxide equivalents
2026.03,ZSX,"Services excluding transport, postal, and warehousing",Carbon dioxide equivalents,Seasonally adjusted,Kilotonnes,637,Carbon dioxide equivalents
2026.03,ZSX,"Services excluding transport, postal, and warehousing",Carbon dioxide equivalents,Actual,Kilotonnes,600,Carbon dioxide equivalents
2010.03,ZSZ,Service industries,Methane,Seasonally adjusted,Kilotonnes,4,Carbon dioxide equivalents
2010.03,ZSZ,Service industries,Carbon dioxide,Seasonally adjusted,Kilotonnes,1964,Carbon dioxide equivalents
2010.03,ZSZ,Service industries,Carbon dioxide equivalents,Seasonally adjusted,Kilotonnes,2178,Carbon dioxide equivalents
2010.03,ZSZ,Service industries,Fluorinated gases,Seasonally adjusted,Kilotonnes,180,Carbon dioxide equivalents
2010.03,ZSZ,Service industries,Nitrous oxide,Seasonally adjusted,Kilotonnes,30,Carbon dioxide equivalents
2010.03,ZSZ,Service industries,Methane,Actual,Kilotonnes,4,Carbon dioxide equivalents
2010.03,ZSZ,Service industries,Carbon dioxide,Actual,Kilotonnes,1942,Carbon dioxide equivalents
2010.03,ZSZ,Service industries,Carbon dioxide equivalents,Actual,Kilotonnes,2156,Carbon dioxide equivalents
2010.03,ZSZ,Service industries,Fluorinated gases,Actual,Kilotonnes,180,Carbon dioxide equivalents
2010.03,ZSZ,Service industries,Nitrous oxide,Actual,Kilotonnes,30,Carbon dioxide equivalents
2010.06,ZSZ,Service industries,Methane,Seasonally adjusted,Kilotonnes,4,Carbon dioxide equivalents
2010.06,ZSZ,Service industries,Carbon dioxide,Seasonally adjusted,Kilotonnes,2011,Carbon dioxide equivalents
2010.06,ZSZ,Service industries,Carbon dioxide equivalents,Seasonally adjusted,Kilotonnes,2226,Carbon dioxide equivalents
2010.06,ZSZ,Service industries,Fluorinated gases,Seasonally adjusted,Kilotonnes,181,Carbon dioxide equivalents
2010.06,ZSZ,Service industries,Nitrous oxide,Seasonally adjusted,Kilotonnes,30,Carbon dioxide equivalents
2010.06,ZSZ,Service industries,Methane,Actual,Kilotonnes,4,Carbon dioxide equivalents
2010.06,ZSZ,Service industries,Carbon dioxide,Actual,Kilotonnes,1948,Carbon dioxide equivalents
2010.06,ZSZ,Service industries,Carbon dioxide equivalents,Actual,Kilotonnes,2162,Carbon dioxide equivalents
2010.06,ZSZ,Service industries,Fluorinated gases,Actual,Kilotonnes,181,Carbon dioxide equivalents
2010.06,ZSZ,Service industries,Nitrous oxide,Actual,Kilotonnes,29,Carbon dioxide equivalents
2010.09,ZSZ,Service industries,Methane,Seasonally adjusted,Kilotonnes,4,Carbon dioxide equivalents
2010.09,ZSZ,Service industries,Carbon dioxide,Seasonally adjusted,Kilotonnes,2077,Carbon dioxide equivalents
2010.09,ZSZ,Service industries,Carbon dioxide equivalents,Seasonally adjusted,Kilotonnes,2292,Carbon dioxide equivalents
2010.09,ZSZ,Service industries,Fluorinated gases,Seasonally adjusted,Kilotonnes,181,Carbon dioxide equivalents
2010.09,ZSZ,Service industries,Nitrous oxide,Seasonally adjusted,Kilotonnes,30,Carbon dioxide equivalents
2010.09,ZSZ,Service industries,Methane,Actual,Kilotonnes,4,Carbon dioxide equivalents
2010.09,ZSZ,Service industries,Carbon dioxide,Actual,Kilotonnes,2123,Carbon dioxide equivalents
2010.09,ZSZ,Service industries,Carbon dioxide equivalents,Actual,Kilotonnes,2338,Carbon dioxide equivalents
2010.09,ZSZ,Service industries,Fluorinated gases,Actual,Kilotonnes,181,Carbon dioxide equivalents
2010.09,ZSZ,Service industries,Nitrous oxide,Actual,Kilotonnes,30,Carbon dioxide equivalents
2010.12,ZSZ,Service industries,Methane,Seasonally adjusted,Kilotonnes,4,Carbon dioxide equivalents
2010.12,ZSZ,Service industries,Carbon dioxide,Seasonally adjusted,Kilotonnes,2048,Carbon dioxide equivalents
2010.12,ZSZ,Service industries,Carbon dioxide equivalents,Seasonally adjusted,Kilotonnes,2263,Carbon dioxide equivalents
2010.12,ZSZ,Service industries,Fluorinated gases,Seasonally adjusted,Kilotonnes,181,Carbon dioxide equivalents
2010.12,ZSZ,Service industries,Nitrous oxide,Seasonally adjusted,Kilotonnes,30,Carbon dioxide equivalents
2010.12,ZSZ,Service industries,Methane,Actual,Kilotonnes,4,Carbon dioxide equivalents
2010.12,ZSZ,Service industries,Carbon dioxide,Actual,Kilotonnes,2091,Carbon dioxide equivalents
2010.12,ZSZ,Service industries,Carbon dioxide equivalents,Actual,Kilotonnes,2307,Carbon dioxide equivalents
2010.12,ZSZ,Service industries,Fluorinated gases,Actual,Kilotonnes,181,Carbon dioxide equivalents
2010.12,ZSZ,Service industries,Nitrous oxide,Actual,Kilotonnes,31,Carbon dioxide equivalents
2011.03,ZSZ,Service industries,Methane,Seasonally adjusted,Kilotonnes,4,Carbon dioxide equivalents
2011.03,ZSZ,Service industries,Carbon dioxide,Seasonally adjusted,Kilotonnes,2030,Carbon dioxide equivalents
2011.03,ZSZ,Service industries,Carbon dioxide equivalents,Seasonally adjusted,Kilotonnes,2244,Carbon dioxide equivalents
2011.03,ZSZ,Service industries,Fluorinated gases,Seasonally adjusted,Kilotonnes,180,Carbon dioxide equivalents
2011.03,ZSZ,Service industries,Nitrous oxide,Seasonally adjusted,Kilotonnes,30,Carbon dioxide equivalents
2011.03,ZSZ,Service industries,Methane,Actual,Kilotonnes,4,Carbon dioxide equivalents
2011.03,ZSZ,Service industries,Carbon dioxide,Actual,Kilotonnes,2006,Carbon dioxide equivalents
2011.03,ZSZ,Service industries,Carbon dioxide equivalents,Actual,Kilotonnes,2220,Carbon dioxide equivalents
2011.03,ZSZ,Service industries,Fluorinated gases,Actual,Kilotonnes,180,Carbon dioxide equivalents
2011.03,ZSZ,Service industries,Nitrous oxide,Actual,Kilotonnes,30,Carbon dioxide equivalents
2011.06,ZSZ,Service industries,Methane,Seasonally adjusted,Kilotonnes,4,Carbon dioxide equivalents
2011.06,ZSZ,Service industries,Carbon dioxide,Seasonally adjusted,Kilotonnes,1969,Carbon dioxide equivalents
2011.06,ZSZ,Service industries,Carbon dioxide equivalents,Seasonally adjusted,Kilotonnes,2182,Carbon dioxide equivalents
2011.06,ZSZ,Service industries,Fluorinated gases,Seasonally adjusted,Kilotonnes,181,Carbon dioxide equivalents
2011.06,ZSZ,Service industries,Nitrous oxide,Seasonally adjusted,Kilotonnes,29,Carbon dioxide equivalents
2011.06,ZSZ,Service industries,Methane,Actual,Kilotonnes,4,Carbon dioxide equivalents
2011.06,ZSZ,Service industries,Carbon dioxide,Actual,Kilotonnes,1908,Carbon dioxide equivalents
2011.06,ZSZ,Service industries,Carbon dioxide equivalents,Actual,Kilotonnes,2121,Carbon dioxide equivalents
2011.06,ZSZ,Service industries,Fluorinated gases,Actual,Kilotonnes,181,Carbon dioxide equivalents
2011.06,ZSZ,Service industries,Nitrous oxide,Actual,Kilotonnes,29,Carbon dioxide equivalents
2011.09,ZSZ,Service industries,Methane,Seasonally adjusted,Kilotonnes,3,Carbon dioxide equivalents
2011.09,ZSZ,Service industries,Carbon dioxide,Seasonally adjusted,Kilotonnes,1978,Carbon dioxide equivalents
2011.09,ZSZ,Service industries,Carbon dioxide equivalents,Seasonally adjusted,Kilotonnes,2192,Carbon dioxide equivalents
2011.09,ZSZ,Service industries,Fluorinated gases,Seasonally adjusted,Kilotonnes,181,Carbon dioxide equivalents
2011.09,ZSZ,Service industries,Nitrous oxide,Seasonally adjusted,Kilotonnes,30,Carbon dioxide equivalents
2011.09,ZSZ,Service industries,Methane,Actual,Kilotonnes,3,Carbon dioxide equivalents
2011.09,ZSZ,Service industries,Carbon dioxide,Actual,Kilotonnes,2023,Carbon dioxide equivalents
2011.09,ZSZ,Service industries,Carbon dioxide equivalents,Actual,Kilotonnes,2237,Carbon dioxide equivalents
2011.09,ZSZ,Service industries,Fluorinated gases,Actual,Kilotonnes,181,Carbon dioxide equivalents
2011.09,ZSZ,Service industries,Nitrous oxide,Actual,Kilotonnes,29,Carbon dioxide equivalents
2011.12,ZSZ,Service industries,Methane,Seasonally adjusted,Kilotonnes,4,Carbon dioxide equivalents
2011.12,ZSZ,Service industries,Carbon dioxide,Seasonally adjusted,Kilotonnes,1999,Carbon dioxide equivalents
2011.12,ZSZ,Service industries,Carbon dioxide equivalents,Seasonally adjusted,Kilotonnes,2215,Carbon dioxide equivalents
2011.12,ZSZ,Service industries,Fluorinated gases,Seasonally adjusted,Kilotonnes,183,Carbon dioxide equivalents
2011.12,ZSZ,Service industries,Nitrous oxide,Seasonally adjusted,Kilotonnes,30,Carbon dioxide equivalents
2011.12,ZSZ,Service industries,Methane,Actual,Kilotonnes,4,Carbon dioxide equivalents
2011.12,ZSZ,Service industries,Carbon dioxide,Actual,Kilotonnes,2038,Carbon dioxide equivalents
2011.12,ZSZ,Service industries,Carbon dioxide equivalents,Actual,Kilotonnes,2254,Carbon dioxide equivalents
2011.12,ZSZ,Service industries,Fluorinated gases,Actual,Kilotonnes,183,Carbon dioxide equivalents
2011.12,ZSZ,Service industries,Nitrous oxide,Actual,Kilotonnes,30,Carbon dioxide equivalents
2012.03,ZSZ,Service industries,Methane,Seasonally adjusted,Kilotonnes,3,Carbon dioxide equivalents
2012.03,ZSZ,Service industries,Carbon dioxide,Seasonally adjusted,Kilotonnes,1997,Carbon dioxide equivalents
2012.03,ZSZ,Service industries,Carbon dioxide equivalents,Seasonally adjusted,Kilotonnes,2214,Carbon dioxide equivalents
2012.03,ZSZ,Service industries,Fluorinated gases,Seasonally adjusted,Kilotonnes,184,Carbon dioxide equivalents
2012.03,ZSZ,Service industries,Nitrous oxide,Seasonally adjusted,Kilotonnes,29,Carbon dioxide equivalents
2012.03,ZSZ,Service industries,Methane,Actual,Kilotonnes,3,Carbon dioxide equivalents
2012.03,ZSZ,Service industries,Carbon dioxide,Actual,Kilotonnes,1973,Carbon dioxide equivalents
2012.03,ZSZ,Service industries,Carbon dioxide equivalents,Actual,Kilotonnes,2190,Carbon dioxide equivalents
2012.03,ZSZ,Service industries,Fluorinated gases,Actual,Kilotonnes,184,Carbon dioxide equivalents
2012.03,ZSZ,Service industries,Nitrous oxide,Actual,Kilotonnes,30,Carbon dioxide equivalents
2012.06,ZSZ,Service industries,Methane,Seasonally adjusted,Kilotonnes,3,Carbon dioxide equivalents
2012.06,ZSZ,Service industries,Carbon dioxide,Seasonally adjusted,Kilotonnes,1991,Carbon dioxide equivalents
2012.06,ZSZ,Service industries,Carbon dioxide equivalents,Seasonally adjusted,Kilotonnes,2209,Carbon dioxide equivalents
2012.06,ZSZ,Service industries,Fluorinated gases,Seasonally adjusted,Kilotonnes,185,Carbon dioxide equivalents
2012.06,ZSZ,Service industries,Nitrous oxide,Seasonally adjusted,Kilotonnes,29,Carbon dioxide equivalents
2012.06,ZSZ,Service industries,Methane,Actual,Kilotonnes,3,Carbon dioxide equivalents
2012.06,ZSZ,Service industries,Carbon dioxide,Actual,Kilotonnes,1932,Carbon dioxide equivalents
2012.06,ZSZ,Service industries,Carbon dioxide equivalents,Actual,Kilotonnes,2149,Carbon dioxide equivalents
2012.06,ZSZ,Service industries,Fluorinated gases,Actual,Kilotonnes,185,Carbon dioxide equivalents
2012.06,ZSZ,Service industries,Nitrous oxide,Actual,Kilotonnes,29,Carbon dioxide equivalents
2012.09,ZSZ,Service industries,Methane,Seasonally adjusted,Kilotonnes,3,Carbon dioxide equivalents
2012.09,ZSZ,Service industries,Carbon dioxide,Seasonally adjusted,Kilotonnes,1944,Carbon dioxide equivalents
2012.09,ZSZ,Service industries,Carbon dioxide equivalents,Seasonally adjusted,Kilotonnes,2161,Carbon dioxide equivalents
2012.09,ZSZ,Service industries,Fluorinated gases,Seasonally adjusted,Kilotonnes,185,Carbon dioxide equivalents
2012.09,ZSZ,Service industries,Nitrous oxide,Seasonally adjusted,Kilotonnes,29,Carbon dioxide equivalents
2012.09,ZSZ,Service industries,Methane,Actual,Kilotonnes,3,Carbon dioxide equivalents
2012.09,ZSZ,Service industries,Carbon dioxide,Actual,Kilotonnes,1989,Carbon dioxide equivalents
2012.09,ZSZ,Service industries,Carbon dioxide equivalents,Actual,Kilotonnes,2206,Carbon dioxide equivalents
2012.09,ZSZ,Service industries,Fluorinated gases,Actual,Kilotonnes,185,Carbon dioxide equivalents
2012.09,ZSZ,Service industries,Nitrous oxide,Actual,Kilotonnes,29,Carbon dioxide equivalents
2012.12,ZSZ,Service industries,Methane,Seasonally adjusted,Kilotonnes,3,Carbon dioxide equivalents
2012.12,ZSZ,Service industries,Carbon dioxide,Seasonally adjusted,Kilotonnes,1961,Carbon dioxide equivalents
2012.12,ZSZ,Service industries,Carbon dioxide equivalents,Seasonally adjusted,Kilotonnes,2179,Carbon dioxide equivalents
2012.12,ZSZ,Service industries,Fluorinated gases,Seasonally adjusted,Kilotonnes,185,Carbon dioxide equivalents
2012.12,ZSZ,Service industries,Nitrous oxide,Seasonally adjusted,Kilotonnes,30,Carbon dioxide equivalents
2012.12,ZSZ,Service industries,Methane,Actual,Kilotonnes,3,Carbon dioxide equivalents
2012.12,ZSZ,Service industries,Carbon dioxide,Actual,Kilotonnes,1996,Carbon dioxide equivalents
2012.12,ZSZ,Service industries,Carbon dioxide equivalents,Actual,Kilotonnes,2214,Carbon dioxide equivalents
2012.12,ZSZ,Service industries,Fluorinated gases,Actual,Kilotonnes,185,Carbon dioxide equivalents
2012.12,ZSZ,Service industries,Nitrous oxide,Actual,Kilotonnes,30,Carbon dioxide equivalents
2013.03,ZSZ,Service industries,Methane,Seasonally adjusted,Kilotonnes,3,Carbon dioxide equivalents
2013.03,ZSZ,Service industries,Carbon dioxide,Seasonally adjusted,Kilotonnes,1948,Carbon dioxide equivalents
2013.03,ZSZ,Service industries,Carbon dioxide equivalents,Seasonally adjusted,Kilotonnes,2165,Carbon dioxide equivalents
2013.03,ZSZ,Service industries,Fluorinated gases,Seasonally adjusted,Kilotonnes,184,Carbon dioxide equivalents
2013.03,ZSZ,Service industries,Nitrous oxide,Seasonally adjusted,Kilotonnes,30,Carbon dioxide equivalents
2013.03,ZSZ,Service industries,Methane,Actual,Kilotonnes,3,Carbon dioxide equivalents
2013.03,ZSZ,Service industries,Carbon dioxide,Actual,Kilotonnes,1923,Carbon dioxide equivalents
2013.03,ZSZ,Service industries,Carbon dioxide equivalents,Actual,Kilotonnes,2140,Carbon dioxide equivalents
2013.03,ZSZ,Service industries,Fluorinated gases,Actual,Kilotonnes,184,Carbon dioxide equivalents
2013.03,ZSZ,Service industries,Nitrous oxide,Actual,Kilotonnes,30,Carbon dioxide equivalents
2013.06,ZSZ,Service industries,Methane,Seasonally adjusted,Kilotonnes,3,Carbon dioxide equivalents
2013.06,ZSZ,Service industries,Carbon dioxide,Seasonally adjusted,Kilotonnes,2030,Carbon dioxide equivalents
2013.06,ZSZ,Service industries,Carbon dioxide equivalents,Seasonally adjusted,Kilotonnes,2248,Carbon dioxide equivalents
2013.06,ZSZ,Service industries,Fluorinated gases,Seasonally adjusted,Kilotonnes,184,Carbon dioxide equivalents
2013.06,ZSZ,Service industries,Nitrous oxide,Seasonally adjusted,Kilotonnes,31,Carbon dioxide equivalents
2013.06,ZSZ,Service industries,Methane,Actual,Kilotonnes,3,Carbon dioxide equivalents
2013.06,ZSZ,Service industries,Carbon dioxide,Actual,Kilotonnes,1972,Carbon dioxide equivalents
2013.06,ZSZ,Service industries,Carbon dioxide equivalents,Actual,Kilotonnes,2190,Carbon dioxide equivalents
2013.06,ZSZ,Service industries,Fluorinated gases,Actual,Kilotonnes,184,Carbon dioxide equivalents
2013.06,ZSZ,Service industries,Nitrous oxide,Actual,Kilotonnes,30,Carbon dioxide equivalents
2013.09,ZSZ,Service industries,Methane,Seasonally adjusted,Kilotonnes,3,Carbon dioxide equivalents
2013.09,ZSZ,Service industries,Carbon dioxide,Seasonally adjusted,Kilotonnes,1965,Carbon dioxide equivalents
2013.09,ZSZ,Service industries,Carbon dioxide equivalents,Seasonally adjusted,Kilotonnes,2183,Carbon dioxide equivalents
2013.09,ZSZ,Service industries,Fluorinated gases,Seasonally adjusted,Kilotonnes,184,Carbon dioxide equivalents
2013.09,ZSZ,Service industries,Nitrous oxide,Seasonally adjusted,Kilotonnes,30,Carbon dioxide equivalents
2013.09,ZSZ,Service industries,Methane,Actual,Kilotonnes,3,Carbon dioxide equivalents
2013.09,ZSZ,Service industries,Carbon dioxide,Actual,Kilotonnes,2015,Carbon dioxide equivalents
2013.09,ZSZ,Service industries,Carbon dioxide equivalents,Actual,Kilotonnes,2233,Carbon dioxide equivalents
2013.09,ZSZ,Service industries,Fluorinated gases,Actual,Kilotonnes,184,Carbon dioxide equivalents
2013.09,ZSZ,Service industries,Nitrous oxide,Actual,Kilotonnes,30,Carbon dioxide equivalents
2013.12,ZSZ,Service industries,Methane,Seasonally adjusted,Kilotonnes,4,Carbon dioxide equivalents
2013.12,ZSZ,Service industries,Carbon dioxide,Seasonally adjusted,Kilotonnes,1995,Carbon dioxide equivalents
2013.12,ZSZ,Service industries,Carbon dioxide equivalents,Seasonally adjusted,Kilotonnes,2215,Carbon dioxide equivalents
2013.12,ZSZ,Service industries,Fluorinated gases,Seasonally adjusted,Kilotonnes,186,Carbon dioxide equivalents
2013.12,ZSZ,Service industries,Nitrous oxide,Seasonally adjusted,Kilotonnes,31,Carbon dioxide equivalents
2013.12,ZSZ,Service industries,Methane,Actual,Kilotonnes,4,Carbon dioxide equivalents
2013.12,ZSZ,Service industries,Carbon dioxide,Actual,Kilotonnes,2024,Carbon dioxide equivalents
2013.12,ZSZ,Service industries,Carbon dioxide equivalents,Actual,Kilotonnes,2245,Carbon dioxide equivalents
2013.12,ZSZ,Service industries,Fluorinated gases,Actual,Kilotonnes,186,Carbon dioxide equivalents
2013.12,ZSZ,Service industries,Nitrous oxide,Actual,Kilotonnes,31,Carbon dioxide equivalents
2014.03,ZSZ,Service industries,Methane,Seasonally adjusted,Kilotonnes,4,Carbon dioxide equivalents
2014.03,ZSZ,Service industries,Carbon dioxide,Seasonally adjusted,Kilotonnes,1986,Carbon dioxide equivalents
2014.03,ZSZ,Service industries,Carbon dioxide equivalents,Seasonally adjusted,Kilotonnes,2208,Carbon dioxide equivalents
2014.03,ZSZ,Service industries,Fluorinated gases,Seasonally adjusted,Kilotonnes,188,Carbon dioxide equivalents
2014.03,ZSZ,Service industries,Nitrous oxide,Seasonally adjusted,Kilotonnes,30,Carbon dioxide equivalents
2014.03,ZSZ,Service industries,Methane,Actual,Kilotonnes,4,Carbon dioxide equivalents
2014.03,ZSZ,Service industries,Carbon dioxide,Actual,Kilotonnes,1961,Carbon dioxide equivalents
2014.03,ZSZ,Service industries,Carbon dioxide equivalents,Actual,Kilotonnes,2183,Carbon dioxide equivalents
2014.03,ZSZ,Service industries,Fluorinated gases,Actual,Kilotonnes,188,Carbon dioxide equivalents
2014.03,ZSZ,Service industries,Nitrous oxide,Actual,Kilotonnes,30,Carbon dioxide equivalents
2014.06,ZSZ,Service industries,Methane,Seasonally adjusted,Kilotonnes,3,Carbon dioxide equivalents
2014.06,ZSZ,Service industries,Carbon dioxide,Seasonally adjusted,Kilotonnes,1988,Carbon dioxide equivalents
2014.06,ZSZ,Service industries,Carbon dioxide equivalents,Seasonally adjusted,Kilotonnes,2209,Carbon dioxide equivalents
2014.06,ZSZ,Service industries,Fluorinated gases,Seasonally adjusted,Kilotonnes,187,Carbon dioxide equivalents
2014.06,ZSZ,Service industries,Nitrous oxide,Seasonally adjusted,Kilotonnes,30,Carbon dioxide equivalents
2014.06,ZSZ,Service industries,Methane,Actual,Kilotonnes,3,Carbon dioxide equivalents
2014.06,ZSZ,Service industries,Carbon dioxide,Actual,Kilotonnes,1934,Carbon dioxide equivalents
2014.06,ZSZ,Service industries,Carbon dioxide equivalents,Actual,Kilotonnes,2154,Carbon dioxide equivalents
2014.06,ZSZ,Service industries,Fluorinated gases,Actual,Kilotonnes,187,Carbon dioxide equivalents
2014.06,ZSZ,Service industries,Nitrous oxide,Actual,Kilotonnes,29,Carbon dioxide equivalents
2014.09,ZSZ,Service industries,Methane,Seasonally adjusted,Kilotonnes,4,Carbon dioxide equivalents
2014.09,ZSZ,Service industries,Carbon dioxide,Seasonally adjusted,Kilotonnes,2026,Carbon dioxide equivalents
2014.09,ZSZ,Service industries,Carbon dioxide equivalents,Seasonally adjusted,Kilotonnes,2243,Carbon dioxide equivalents
2014.09,ZSZ,Service industries,Fluorinated gases,Seasonally adjusted,Kilotonnes,183,Carbon dioxide equivalents
2014.09,ZSZ,Service industries,Nitrous oxide,Seasonally adjusted,Kilotonnes,30,Carbon dioxide equivalents
2014.09,ZSZ,Service industries,Methane,Actual,Kilotonnes,4,Carbon dioxide equivalents
2014.09,ZSZ,Service industries,Carbon dioxide,Actual,Kilotonnes,2081,Carbon dioxide equivalents
2014.09,ZSZ,Service industries,Carbon dioxide equivalents,Actual,Kilotonnes,2298,Carbon dioxide equivalents
2014.09,ZSZ,Service industries,Fluorinated gases,Actual,Kilotonnes,183,Carbon dioxide equivalents
2014.09,ZSZ,Service industries,Nitrous oxide,Actual,Kilotonnes,30,Carbon dioxide equivalents
2014.12,ZSZ,Service industries,Methane,Seasonally adjusted,Kilotonnes,4,Carbon dioxide equivalents
2014.12,ZSZ,Service industries,Carbon dioxide,Seasonally adjusted,Kilotonnes,2006,Carbon dioxide equivalents
2014.12,ZSZ,Service industries,Carbon dioxide equivalents,Seasonally adjusted,Kilotonnes,2216,Carbon dioxide equivalents
2014.12,ZSZ,Service industries,Fluorinated gases,Seasonally adjusted,Kilotonnes,177,Carbon dioxide equivalents
2014.12,ZSZ,Service industries,Nitrous oxide,Seasonally adjusted,Kilotonnes,30,Carbon dioxide equivalents
2014.12,ZSZ,Service industries,Methane,Actual,Kilotonnes,4,Carbon dioxide equivalents
2014.12,ZSZ,Service industries,Carbon dioxide,Actual,Kilotonnes,2028,Carbon dioxide equivalents
2014.12,ZSZ,Service industries,Carbon dioxide equivalents,Actual,Kilotonnes,2239,Carbon dioxide equivalents
2014.12,ZSZ,Service industries,Fluorinated gases,Actual,Kilotonnes,177,Carbon dioxide equivalents
2014.12,ZSZ,Service industries,Nitrous oxide,Actual,Kilotonnes,31,Carbon dioxide equivalents
2015.03,ZSZ,Service industries,Methane,Seasonally adjusted,Kilotonnes,3,Carbon dioxide equivalents
2015.03,ZSZ,Service industries,Carbon dioxide,Seasonally adjusted,Kilotonnes,2071,Carbon dioxide equivalents
2015.03,ZSZ,Service industries,Carbon dioxide equivalents,Seasonally adjusted,Kilotonnes,2272,Carbon dioxide equivalents
2015.03,ZSZ,Service industries,Fluorinated gases,Seasonally adjusted,Kilotonnes,167,Carbon dioxide equivalents
2015.03,ZSZ,Service industries,Nitrous oxide,Seasonally adjusted,Kilotonnes,31,Carbon dioxide equivalents
2015.03,ZSZ,Service industries,Methane,Actual,Kilotonnes,3,Carbon dioxide equivalents
2015.03,ZSZ,Service industries,Carbon dioxide,Actual,Kilotonnes,2047,Carbon dioxide equivalents
2015.03,ZSZ,Service industries,Carbon dioxide equivalents,Actual,Kilotonnes,2248,Carbon dioxide equivalents
2015.03,ZSZ,Service industries,Fluorinated gases,Actual,Kilotonnes,167,Carbon dioxide equivalents
2015.03,ZSZ,Service industries,Nitrous oxide,Actual,Kilotonnes,31,Carbon dioxide equivalents
2015.06,ZSZ,Service industries,Methane,Seasonally adjusted,Kilotonnes,3,Carbon dioxide equivalents
2015.06,ZSZ,Service industries,Carbon dioxide,Seasonally adjusted,Kilotonnes,2091,Carbon dioxide equivalents
2015.06,ZSZ,Service industries,Carbon dioxide equivalents,Seasonally adjusted,Kilotonnes,2286,Carbon dioxide equivalents
2015.06,ZSZ,Service industries,Fluorinated gases,Seasonally adjusted,Kilotonnes,161,Carbon dioxide equivalents
2015.06,ZSZ,Service industries,Nitrous oxide,Seasonally adjusted,Kilotonnes,31,Carbon dioxide equivalents
2015.06,ZSZ,Service industries,Methane,Actual,Kilotonnes,3,Carbon dioxide equivalents
2015.06,ZSZ,Service industries,Carbon dioxide,Actual,Kilotonnes,2036,Carbon dioxide equivalents
2015.06,ZSZ,Service industries,Carbon dioxide equivalents,Actual,Kilotonnes,2230,Carbon dioxide equivalents
2015.06,ZSZ,Service industries,Fluorinated gases,Actual,Kilotonnes,161,Carbon dioxide equivalents
2015.06,ZSZ,Service industries,Nitrous oxide,Actual,Kilotonnes,30,Carbon dioxide equivalents
2015.09,ZSZ,Service industries,Methane,Seasonally adjusted,Kilotonnes,3,Carbon dioxide equivalents
2015.09,ZSZ,Service industries,Carbon dioxide,Seasonally adjusted,Kilotonnes,2069,Carbon dioxide equivalents
2015.09,ZSZ,Service industries,Carbon dioxide equivalents,Seasonally adjusted,Kilotonnes,2263,Carbon dioxide equivalents
2015.09,ZSZ,Service industries,Fluorinated gases,Seasonally adjusted,Kilotonnes,160,Carbon dioxide equivalents
2015.09,ZSZ,Service industries,Nitrous oxide,Seasonally adjusted,Kilotonnes,30,Carbon dioxide equivalents
2015.09,ZSZ,Service industries,Methane,Actual,Kilotonnes,3,Carbon dioxide equivalents
2015.09,ZSZ,Service industries,Carbon dioxide,Actual,Kilotonnes,2129,Carbon dioxide equivalents
2015.09,ZSZ,Service industries,Carbon dioxide equivalents,Actual,Kilotonnes,2322,Carbon dioxide equivalents
2015.09,ZSZ,Service industries,Fluorinated gases,Actual,Kilotonnes,160,Carbon dioxide equivalents
2015.09,ZSZ,Service industries,Nitrous oxide,Actual,Kilotonnes,30,Carbon dioxide equivalents
2015.12,ZSZ,Service industries,Methane,Seasonally adjusted,Kilotonnes,3,Carbon dioxide equivalents
2015.12,ZSZ,Service industries,Carbon dioxide,Seasonally adjusted,Kilotonnes,2080,Carbon dioxide equivalents
2015.12,ZSZ,Service industries,Carbon dioxide equivalents,Seasonally adjusted,Kilotonnes,2276,Carbon dioxide equivalents
2015.12,ZSZ,Service industries,Fluorinated gases,Seasonally adjusted,Kilotonnes,162,Carbon dioxide equivalents
2015.12,ZSZ,Service industries,Nitrous oxide,Seasonally adjusted,Kilotonnes,31,Carbon dioxide equivalents
2015.12,ZSZ,Service industries,Methane,Actual,Kilotonnes,3,Carbon dioxide equivalents
2015.12,ZSZ,Service industries,Carbon dioxide,Actual,Kilotonnes,2095,Carbon dioxide equivalents
2015.12,ZSZ,Service industries,Carbon dioxide equivalents,Actual,Kilotonnes,2292,Carbon dioxide equivalents
2015.12,ZSZ,Service industries,Fluorinated gases,Actual,Kilotonnes,162,Carbon dioxide equivalents
2015.12,ZSZ,Service industries,Nitrous oxide,Actual,Kilotonnes,31,Carbon dioxide equivalents
2016.03,ZSZ,Service industries,Methane,Seasonally adjusted,Kilotonnes,3,Carbon dioxide equivalents
2016.03,ZSZ,Service industries,Carbon dioxide,Seasonally adjusted,Kilotonnes,2056,Carbon dioxide equivalents
2016.03,ZSZ,Service industries,Carbon dioxide equivalents,Seasonally adjusted,Kilotonnes,2259,Carbon dioxide equivalents
2016.03,ZSZ,Service industries,Fluorinated gases,Seasonally adjusted,Kilotonnes,169,Carbon dioxide equivalents
2016.03,ZSZ,Service industries,Nitrous oxide,Seasonally adjusted,Kilotonnes,31,Carbon dioxide equivalents
2016.03,ZSZ,Service industries,Methane,Actual,Kilotonnes,3,Carbon dioxide equivalents
2016.03,ZSZ,Service industries,Carbon dioxide,Actual,Kilotonnes,2036,Carbon dioxide equivalents
2016.03,ZSZ,Service industries,Carbon dioxide equivalents,Actual,Kilotonnes,2239,Carbon dioxide equivalents
2016.03,ZSZ,Service industries,Fluorinated gases,Actual,Kilotonnes,169,Carbon dioxide equivalents
2016.03,ZSZ,Service industries,Nitrous oxide,Actual,Kilotonnes,31,Carbon dioxide equivalents
2016.06,ZSZ,Service industries,Methane,Seasonally adjusted,Kilotonnes,3,Carbon dioxide equivalents
2016.06,ZSZ,Service industries,Carbon dioxide,Seasonally adjusted,Kilotonnes,2049,Carbon dioxide equivalents
2016.06,ZSZ,Service industries,Carbon dioxide equivalents,Seasonally adjusted,Kilotonnes,2256,Carbon dioxide equivalents
2016.06,ZSZ,Service industries,Fluorinated gases,Seasonally adjusted,Kilotonnes,173,Carbon dioxide equivalents
2016.06,ZSZ,Service industries,Nitrous oxide,Seasonally adjusted,Kilotonnes,30,Carbon dioxide equivalents
2016.06,ZSZ,Service industries,Methane,Actual,Kilotonnes,3,Carbon dioxide equivalents
2016.06,ZSZ,Service industries,Carbon dioxide,Actual,Kilotonnes,1996,Carbon dioxide equivalents
2016.06,ZSZ,Service industries,Carbon dioxide equivalents,Actual,Kilotonnes,2202,Carbon dioxide equivalents
2016.06,ZSZ,Service industries,Fluorinated gases,Actual,Kilotonnes,173,Carbon dioxide equivalents
2016.06,ZSZ,Service industries,Nitrous oxide,Actual,Kilotonnes,30,Carbon dioxide equivalents
2016.09,ZSZ,Service industries,Methane,Seasonally adjusted,Kilotonnes,3,Carbon dioxide equivalents
2016.09,ZSZ,Service industries,Carbon dioxide,Seasonally adjusted,Kilotonnes,2126,Carbon dioxide equivalents
2016.09,ZSZ,Service industries,Carbon dioxide equivalents,Seasonally adjusted,Kilotonnes,2335,Carbon dioxide equivalents
2016.09,ZSZ,Service industries,Fluorinated gases,Seasonally adjusted,Kilotonnes,175,Carbon dioxide equivalents
2016.09,ZSZ,Service industries,Nitrous oxide,Seasonally adjusted,Kilotonnes,31,Carbon dioxide equivalents
2016.09,ZSZ,Service industries,Methane,Actual,Kilotonnes,3,Carbon dioxide equivalents
2016.09,ZSZ,Service industries,Carbon dioxide,Actual,Kilotonnes,2186,Carbon dioxide equivalents
2016.09,ZSZ,Service industries,Carbon dioxide equivalents,Actual,Kilotonnes,2395,Carbon dioxide equivalents
2016.09,ZSZ,Service industries,Fluorinated gases,Actual,Kilotonnes,175,Carbon dioxide equivalents
2016.09,ZSZ,Service industries,Nitrous oxide,Actual,Kilotonnes,31,Carbon dioxide equivalents
2016.12,ZSZ,Service industries,Methane,Seasonally adjusted,Kilotonnes,3,Carbon dioxide equivalents
2016.12,ZSZ,Service industries,Carbon dioxide,Seasonally adjusted,Kilotonnes,2114,Carbon dioxide equivalents
2016.12,ZSZ,Service industries,Carbon dioxide equivalents,Seasonally adjusted,Kilotonnes,2322,Carbon dioxide equivalents
2016.12,ZSZ,Service industries,Fluorinated gases,Seasonally adjusted,Kilotonnes,175,Carbon dioxide equivalents
2016.12,ZSZ,Service industries,Nitrous oxide,Seasonally adjusted,Kilotonnes,30,Carbon dioxide equivalents
2016.12,ZSZ,Service industries,Methane,Actual,Kilotonnes,3,Carbon dioxide equivalents
2016.12,ZSZ,Service industries,Carbon dioxide,Actual,Kilotonnes,2126,Carbon dioxide equivalents
2016.12,ZSZ,Service industries,Carbon dioxide equivalents,Actual,Kilotonnes,2335,Carbon dioxide equivalents
2016.12,ZSZ,Service industries,Fluorinated gases,Actual,Kilotonnes,175,Carbon dioxide equivalents
2016.12,ZSZ,Service industries,Nitrous oxide,Actual,Kilotonnes,31,Carbon dioxide equivalents
2017.03,ZSZ,Service industries,Methane,Seasonally adjusted,Kilotonnes,3,Carbon dioxide equivalents
2017.03,ZSZ,Service industries,Carbon dioxide,Seasonally adjusted,Kilotonnes,2142,Carbon dioxide equivalents
2017.03,ZSZ,Service industries,Carbon dioxide equivalents,Seasonally adjusted,Kilotonnes,2347,Carbon dioxide equivalents
2017.03,ZSZ,Service industries,Fluorinated gases,Seasonally adjusted,Kilotonnes,173,Carbon dioxide equivalents
2017.03,ZSZ,Service industries,Nitrous oxide,Seasonally adjusted,Kilotonnes,29,Carbon dioxide equivalents
2017.03,ZSZ,Service industries,Methane,Actual,Kilotonnes,3,Carbon dioxide equivalents
2017.03,ZSZ,Service industries,Carbon dioxide,Actual,Kilotonnes,2127,Carbon dioxide equivalents
2017.03,ZSZ,Service industries,Carbon dioxide equivalents,Actual,Kilotonnes,2331,Carbon dioxide equivalents
2017.03,ZSZ,Service industries,Fluorinated gases,Actual,Kilotonnes,173,Carbon dioxide equivalents
2017.03,ZSZ,Service industries,Nitrous oxide,Actual,Kilotonnes,29,Carbon dioxide equivalents
2017.06,ZSZ,Service industries,Methane,Seasonally adjusted,Kilotonnes,2,Carbon dioxide equivalents
2017.06,ZSZ,Service industries,Carbon dioxide,Seasonally adjusted,Kilotonnes,2192,Carbon dioxide equivalents
2017.06,ZSZ,Service industries,Carbon dioxide equivalents,Seasonally adjusted,Kilotonnes,2393,Carbon dioxide equivalents
2017.06,ZSZ,Service industries,Fluorinated gases,Seasonally adjusted,Kilotonnes,168,Carbon dioxide equivalents
2017.06,ZSZ,Service industries,Nitrous oxide,Seasonally adjusted,Kilotonnes,30,Carbon dioxide equivalents
2017.06,ZSZ,Service industries,Methane,Actual,Kilotonnes,2,Carbon dioxide equivalents
2017.06,ZSZ,Service industries,Carbon dioxide,Actual,Kilotonnes,2137,Carbon dioxide equivalents
2017.06,ZSZ,Service industries,Carbon dioxide equivalents,Actual,Kilotonnes,2336,Carbon dioxide equivalents
2017.06,ZSZ,Service industries,Fluorinated gases,Actual,Kilotonnes,168,Carbon dioxide equivalents
2017.06,ZSZ,Service industries,Nitrous oxide,Actual,Kilotonnes,29,Carbon dioxide equivalents
2017.09,ZSZ,Service industries,Methane,Seasonally adjusted,Kilotonnes,2,Carbon dioxide equivalents
2017.09,ZSZ,Service industries,Carbon dioxide,Seasonally adjusted,Kilotonnes,2218,Carbon dioxide equivalents
2017.09,ZSZ,Service industries,Carbon dioxide equivalents,Seasonally adjusted,Kilotonnes,2412,Carbon dioxide equivalents
2017.09,ZSZ,Service industries,Fluorinated gases,Seasonally adjusted,Kilotonnes,160,Carbon dioxide equivalents
2017.09,ZSZ,Service industries,Nitrous oxide,Seasonally adjusted,Kilotonnes,30,Carbon dioxide equivalents
2017.09,ZSZ,Service industries,Methane,Actual,Kilotonnes,2,Carbon dioxide equivalents
2017.09,ZSZ,Service industries,Carbon dioxide,Actual,Kilotonnes,2274,Carbon dioxide equivalents
2017.09,ZSZ,Service industries,Carbon dioxide equivalents,Actual,Kilotonnes,2467,Carbon dioxide equivalents
2017.09,ZSZ,Service industries,Fluorinated gases,Actual,Kilotonnes,160,Carbon dioxide equivalents
2017.09,ZSZ,Service industries,Nitrous oxide,Actual,Kilotonnes,30,Carbon dioxide equivalents
2017.12,ZSZ,Service industries,Methane,Seasonally adjusted,Kilotonnes,2,Carbon dioxide equivalents
2017.12,ZSZ,Service industries,Carbon dioxide,Seasonally adjusted,Kilotonnes,2211,Carbon dioxide equivalents
2017.12,ZSZ,Service industries,Carbon dioxide equivalents,Seasonally adjusted,Kilotonnes,2394,Carbon dioxide equivalents
2017.12,ZSZ,Service industries,Fluorinated gases,Seasonally adjusted,Kilotonnes,150,Carbon dioxide equivalents
2017.12,ZSZ,Service industries,Nitrous oxide,Seasonally adjusted,Kilotonnes,31,Carbon dioxide equivalents
2017.12,ZSZ,Service industries,Methane,Actual,Kilotonnes,2,Carbon dioxide equivalents
2017.12,ZSZ,Service industries,Carbon dioxide,Actual,Kilotonnes,2223,Carbon dioxide equivalents
2017.12,ZSZ,Service industries,Carbon dioxide equivalents,Actual,Kilotonnes,2407,Carbon dioxide equivalents
2017.12,ZSZ,Service industries,Fluorinated gases,Actual,Kilotonnes,150,Carbon dioxide equivalents
2017.12,ZSZ,Service industries,Nitrous oxide,Actual,Kilotonnes,32,Carbon dioxide equivalents
2018.03,ZSZ,Service industries,Methane,Seasonally adjusted,Kilotonnes,2,Carbon dioxide equivalents
2018.03,ZSZ,Service industries,Carbon dioxide,Seasonally adjusted,Kilotonnes,2238,Carbon dioxide equivalents
2018.03,ZSZ,Service industries,Carbon dioxide equivalents,Seasonally adjusted,Kilotonnes,2411,Carbon dioxide equivalents
2018.03,ZSZ,Service industries,Fluorinated gases,Seasonally adjusted,Kilotonnes,137,Carbon dioxide equivalents
2018.03,ZSZ,Service industries,Nitrous oxide,Seasonally adjusted,Kilotonnes,33,Carbon dioxide equivalents
2018.03,ZSZ,Service industries,Methane,Actual,Kilotonnes,2,Carbon dioxide equivalents
2018.03,ZSZ,Service industries,Carbon dioxide,Actual,Kilotonnes,2229,Carbon dioxide equivalents
2018.03,ZSZ,Service industries,Carbon dioxide equivalents,Actual,Kilotonnes,2401,Carbon dioxide equivalents
2018.03,ZSZ,Service industries,Fluorinated gases,Actual,Kilotonnes,137,Carbon dioxide equivalents
2018.03,ZSZ,Service industries,Nitrous oxide,Actual,Kilotonnes,33,Carbon dioxide equivalents
2018.06,ZSZ,Service industries,Methane,Seasonally adjusted,Kilotonnes,2,Carbon dioxide equivalents
2018.06,ZSZ,Service industries,Carbon dioxide,Seasonally adjusted,Kilotonnes,2267,Carbon dioxide equivalents
2018.06,ZSZ,Service industries,Carbon dioxide equivalents,Seasonally adjusted,Kilotonnes,2435,Carbon dioxide equivalents
2018.06,ZSZ,Service industries,Fluorinated gases,Seasonally adjusted,Kilotonnes,132,Carbon dioxide equivalents
2018.06,ZSZ,Service industries,Nitrous oxide,Seasonally adjusted,Kilotonnes,35,Carbon dioxide equivalents
2018.06,ZSZ,Service industries,Methane,Actual,Kilotonnes,2,Carbon dioxide equivalents
2018.06,ZSZ,Service industries,Carbon dioxide,Actual,Kilotonnes,2213,Carbon dioxide equivalents
2018.06,ZSZ,Service industries,Carbon dioxide equivalents,Actual,Kilotonnes,2381,Carbon dioxide equivalents
2018.06,ZSZ,Service industries,Fluorinated gases,Actual,Kilotonnes,132,Carbon dioxide equivalents
2018.06,ZSZ,Service industries,Nitrous oxide,Actual,Kilotonnes,35,Carbon dioxide equivalents
2018.09,ZSZ,Service industries,Methane,Seasonally adjusted,Kilotonnes,2,Carbon dioxide equivalents
2018.09,ZSZ,Service industries,Carbon dioxide,Seasonally adjusted,Kilotonnes,2203,Carbon dioxide equivalents
2018.09,ZSZ,Service industries,Carbon dioxide equivalents,Seasonally adjusted,Kilotonnes,2375,Carbon dioxide equivalents
2018.09,ZSZ,Service industries,Fluorinated gases,Seasonally adjusted,Kilotonnes,134,Carbon dioxide equivalents
2018.09,ZSZ,Service industries,Nitrous oxide,Seasonally adjusted,Kilotonnes,36,Carbon dioxide equivalents
2018.09,ZSZ,Service industries,Methane,Actual,Kilotonnes,2,Carbon dioxide equivalents
2018.09,ZSZ,Service industries,Carbon dioxide,Actual,Kilotonnes,2247,Carbon dioxide equivalents
2018.09,ZSZ,Service industries,Carbon dioxide equivalents,Actual,Kilotonnes,2418,Carbon dioxide equivalents
2018.09,ZSZ,Service industries,Fluorinated gases,Actual,Kilotonnes,134,Carbon dioxide equivalents
2018.09,ZSZ,Service industries,Nitrous oxide,Actual,Kilotonnes,35,Carbon dioxide equivalents
2018.12,ZSZ,Service industries,Methane,Seasonally adjusted,Kilotonnes,2,Carbon dioxide equivalents
2018.12,ZSZ,Service industries,Carbon dioxide,Seasonally adjusted,Kilotonnes,2338,Carbon dioxide equivalents
2018.12,ZSZ,Service industries,Carbon dioxide equivalents,Seasonally adjusted,Kilotonnes,2521,Carbon dioxide equivalents
2018.12,ZSZ,Service industries,Fluorinated gases,Seasonally adjusted,Kilotonnes,144,Carbon dioxide equivalents
2018.12,ZSZ,Service industries,Nitrous oxide,Seasonally adjusted,Kilotonnes,37,Carbon dioxide equivalents
2018.12,ZSZ,Service industries,Methane,Actual,Kilotonnes,2,Carbon dioxide equivalents
2018.12,ZSZ,Service industries,Carbon dioxide,Actual,Kilotonnes,2353,Carbon dioxide equivalents
2018.12,ZSZ,Service industries,Carbon dioxide equivalents,Actual,Kilotonnes,2537,Carbon dioxide equivalents
2018.12,ZSZ,Service industries,Fluorinated gases,Actual,Kilotonnes,144,Carbon dioxide equivalents
2018.12,ZSZ,Service industries,Nitrous oxide,Actual,Kilotonnes,37,Carbon dioxide equivalents
2019.03,ZSZ,Service industries,Methane,Seasonally adjusted,Kilotonnes,2,Carbon dioxide equivalents
2019.03,ZSZ,Service industries,Carbon dioxide,Seasonally adjusted,Kilotonnes,2283,Carbon dioxide equivalents
2019.03,ZSZ,Service industries,Carbon dioxide equivalents,Seasonally adjusted,Kilotonnes,2483,Carbon dioxide equivalents
2019.03,ZSZ,Service industries,Fluorinated gases,Seasonally adjusted,Kilotonnes,160,Carbon dioxide equivalents
2019.03,ZSZ,Service industries,Nitrous oxide,Seasonally adjusted,Kilotonnes,37,Carbon dioxide equivalents
2019.03,ZSZ,Service industries,Methane,Actual,Kilotonnes,2,Carbon dioxide equivalents
2019.03,ZSZ,Service industries,Carbon dioxide,Actual,Kilotonnes,2280,Carbon dioxide equivalents
2019.03,ZSZ,Service industries,Carbon dioxide equivalents,Actual,Kilotonnes,2479,Carbon dioxide equivalents
2019.03,ZSZ,Service industries,Fluorinated gases,Actual,Kilotonnes,160,Carbon dioxide equivalents
2019.03,ZSZ,Service industries,Nitrous oxide,Actual,Kilotonnes,37,Carbon dioxide equivalents
2019.06,ZSZ,Service industries,Methane,Seasonally adjusted,Kilotonnes,2,Carbon dioxide equivalents
2019.06,ZSZ,Service industries,Carbon dioxide,Seasonally adjusted,Kilotonnes,2272,Carbon dioxide equivalents
2019.06,ZSZ,Service industries,Carbon dioxide equivalents,Seasonally adjusted,Kilotonnes,2480,Carbon dioxide equivalents
2019.06,ZSZ,Service industries,Fluorinated gases,Seasonally adjusted,Kilotonnes,170,Carbon dioxide equivalents
2019.06,ZSZ,Service industries,Nitrous oxide,Seasonally adjusted,Kilotonnes,36,Carbon dioxide equivalents
2019.06,ZSZ,Service industries,Methane,Actual,Kilotonnes,2,Carbon dioxide equivalents
2019.06,ZSZ,Service industries,Carbon dioxide,Actual,Kilotonnes,2221,Carbon dioxide equivalents
2019.06,ZSZ,Service industries,Carbon dioxide equivalents,Actual,Kilotonnes,2429,Carbon dioxide equivalents
2019.06,ZSZ,Service industries,Fluorinated gases,Actual,Kilotonnes,170,Carbon dioxide equivalents
2019.06,ZSZ,Service industries,Nitrous oxide,Actual,Kilotonnes,36,Carbon dioxide equivalents
2019.09,ZSZ,Service industries,Methane,Seasonally adjusted,Kilotonnes,3,Carbon dioxide equivalents
2019.09,ZSZ,Service industries,Carbon dioxide,Seasonally adjusted,Kilotonnes,2290,Carbon dioxide equivalents
2019.09,ZSZ,Service industries,Carbon dioxide equivalents,Seasonally adjusted,Kilotonnes,2501,Carbon dioxide equivalents
2019.09,ZSZ,Service industries,Fluorinated gases,Seasonally adjusted,Kilotonnes,172,Carbon dioxide equivalents
2019.09,ZSZ,Service industries,Nitrous oxide,Seasonally adjusted,Kilotonnes,36,Carbon dioxide equivalents
2019.09,ZSZ,Service industries,Methane,Actual,Kilotonnes,3,Carbon dioxide equivalents
2019.09,ZSZ,Service industries,Carbon dioxide,Actual,Kilotonnes,2327,Carbon dioxide equivalents
2019.09,ZSZ,Service industries,Carbon dioxide equivalents,Actual,Kilotonnes,2537,Carbon dioxide equivalents
2019.09,ZSZ,Service industries,Fluorinated gases,Actual,Kilotonnes,172,Carbon dioxide equivalents
2019.09,ZSZ,Service industries,Nitrous oxide,Actual,Kilotonnes,36,Carbon dioxide equivalents
2019.12,ZSZ,Service industries,Methane,Seasonally adjusted,Kilotonnes,3,Carbon dioxide equivalents
2019.12,ZSZ,Service industries,Carbon dioxide,Seasonally adjusted,Kilotonnes,2308,Carbon dioxide equivalents
2019.12,ZSZ,Service industries,Carbon dioxide equivalents,Seasonally adjusted,Kilotonnes,2514,Carbon dioxide equivalents
2019.12,ZSZ,Service industries,Fluorinated gases,Seasonally adjusted,Kilotonnes,168,Carbon dioxide equivalents
2019.12,ZSZ,Service industries,Nitrous oxide,Seasonally adjusted,Kilotonnes,35,Carbon dioxide equivalents
2019.12,ZSZ,Service industries,Methane,Actual,Kilotonnes,3,Carbon dioxide equivalents
2019.12,ZSZ,Service industries,Carbon dioxide,Actual,Kilotonnes,2324,Carbon dioxide equivalents
2019.12,ZSZ,Service industries,Carbon dioxide equivalents,Actual,Kilotonnes,2530,Carbon dioxide equivalents
2019.12,ZSZ,Service industries,Fluorinated gases,Actual,Kilotonnes,168,Carbon dioxide equivalents
2019.12,ZSZ,Service industries,Nitrous oxide,Actual,Kilotonnes,36,Carbon dioxide equivalents
2020.03,ZSZ,Service industries,Methane,Seasonally adjusted,Kilotonnes,3,Carbon dioxide equivalents
2020.03,ZSZ,Service industries,Carbon dioxide,Seasonally adjusted,Kilotonnes,2185,Carbon dioxide equivalents
2020.03,ZSZ,Service industries,Carbon dioxide equivalents,Seasonally adjusted,Kilotonnes,2377,Carbon dioxide equivalents
2020.03,ZSZ,Service industries,Fluorinated gases,Seasonally adjusted,Kilotonnes,155,Carbon dioxide equivalents
2020.03,ZSZ,Service industries,Nitrous oxide,Seasonally adjusted,Kilotonnes,34,Carbon dioxide equivalents
2020.03,ZSZ,Service industries,Methane,Actual,Kilotonnes,3,Carbon dioxide equivalents
2020.03,ZSZ,Service industries,Carbon dioxide,Actual,Kilotonnes,2186,Carbon dioxide equivalents
2020.03,ZSZ,Service industries,Carbon dioxide equivalents,Actual,Kilotonnes,2377,Carbon dioxide equivalents
2020.03,ZSZ,Service industries,Fluorinated gases,Actual,Kilotonnes,155,Carbon dioxide equivalents
2020.03,ZSZ,Service industries,Nitrous oxide,Actual,Kilotonnes,34,Carbon dioxide equivalents
2020.06,ZSZ,Service industries,Methane,Seasonally adjusted,Kilotonnes,2,Carbon dioxide equivalents
2020.06,ZSZ,Service industries,Carbon dioxide,Seasonally adjusted,Kilotonnes,1304,Carbon dioxide equivalents
2020.06,ZSZ,Service industries,Carbon dioxide equivalents,Seasonally adjusted,Kilotonnes,1479,Carbon dioxide equivalents
2020.06,ZSZ,Service industries,Fluorinated gases,Seasonally adjusted,Kilotonnes,146,Carbon dioxide equivalents
2020.06,ZSZ,Service industries,Nitrous oxide,Seasonally adjusted,Kilotonnes,27,Carbon dioxide equivalents
2020.06,ZSZ,Service industries,Methane,Actual,Kilotonnes,2,Carbon dioxide equivalents
2020.06,ZSZ,Service industries,Carbon dioxide,Actual,Kilotonnes,1277,Carbon dioxide equivalents
2020.06,ZSZ,Service industries,Carbon dioxide equivalents,Actual,Kilotonnes,1451,Carbon dioxide equivalents
2020.06,ZSZ,Service industries,Fluorinated gases,Actual,Kilotonnes,146,Carbon dioxide equivalents
2020.06,ZSZ,Service industries,Nitrous oxide,Actual,Kilotonnes,26,Carbon dioxide equivalents
2020.09,ZSZ,Service industries,Methane,Seasonally adjusted,Kilotonnes,2,Carbon dioxide equivalents
2020.09,ZSZ,Service industries,Carbon dioxide,Seasonally adjusted,Kilotonnes,1540,Carbon dioxide equivalents
2020.09,ZSZ,Service industries,Carbon dioxide equivalents,Seasonally adjusted,Kilotonnes,1712,Carbon dioxide equivalents
2020.09,ZSZ,Service industries,Fluorinated gases,Seasonally adjusted,Kilotonnes,142,Carbon dioxide equivalents
2020.09,ZSZ,Service industries,Nitrous oxide,Seasonally adjusted,Kilotonnes,28,Carbon dioxide equivalents
2020.09,ZSZ,Service industries,Methane,Actual,Kilotonnes,2,Carbon dioxide equivalents
2020.09,ZSZ,Service industries,Carbon dioxide,Actual,Kilotonnes,1560,Carbon dioxide equivalents
2020.09,ZSZ,Service industries,Carbon dioxide equivalents,Actual,Kilotonnes,1732,Carbon dioxide equivalents
2020.09,ZSZ,Service industries,Fluorinated gases,Actual,Kilotonnes,142,Carbon dioxide equivalents
2020.09,ZSZ,Service industries,Nitrous oxide,Actual,Kilotonnes,28,Carbon dioxide equivalents
2020.12,ZSZ,Service industries,Methane,Seasonally adjusted,Kilotonnes,2,Carbon dioxide equivalents
2020.12,ZSZ,Service industries,Carbon dioxide,Seasonally adjusted,Kilotonnes,1653,Carbon dioxide equivalents
2020.12,ZSZ,Service industries,Carbon dioxide equivalents,Seasonally adjusted,Kilotonnes,1827,Carbon dioxide equivalents
2020.12,ZSZ,Service industries,Fluorinated gases,Seasonally adjusted,Kilotonnes,141,Carbon dioxide equivalents
2020.12,ZSZ,Service industries,Nitrous oxide,Seasonally adjusted,Kilotonnes,30,Carbon dioxide equivalents
2020.12,ZSZ,Service industries,Methane,Actual,Kilotonnes,2,Carbon dioxide equivalents
2020.12,ZSZ,Service industries,Carbon dioxide,Actual,Kilotonnes,1665,Carbon dioxide equivalents
2020.12,ZSZ,Service industries,Carbon dioxide equivalents,Actual,Kilotonnes,1839,Carbon dioxide equivalents
2020.12,ZSZ,Service industries,Fluorinated gases,Actual,Kilotonnes,141,Carbon dioxide equivalents
2020.12,ZSZ,Service industries,Nitrous oxide,Actual,Kilotonnes,30,Carbon dioxide equivalents
2021.03,ZSZ,Service industries,Methane,Seasonally adjusted,Kilotonnes,2,Carbon dioxide equivalents
2021.03,ZSZ,Service industries,Carbon dioxide,Seasonally adjusted,Kilotonnes,1595,Carbon dioxide equivalents
2021.03,ZSZ,Service industries,Carbon dioxide equivalents,Seasonally adjusted,Kilotonnes,1772,Carbon dioxide equivalents
2021.03,ZSZ,Service industries,Fluorinated gases,Seasonally adjusted,Kilotonnes,143,Carbon dioxide equivalents
2021.03,ZSZ,Service industries,Nitrous oxide,Seasonally adjusted,Kilotonnes,31,Carbon dioxide equivalents
2021.03,ZSZ,Service industries,Methane,Actual,Kilotonnes,2,Carbon dioxide equivalents
2021.03,ZSZ,Service industries,Carbon dioxide,Actual,Kilotonnes,1595,Carbon dioxide equivalents
2021.03,ZSZ,Service industries,Carbon dioxide equivalents,Actual,Kilotonnes,1772,Carbon dioxide equivalents
2021.03,ZSZ,Service industries,Fluorinated gases,Actual,Kilotonnes,143,Carbon dioxide equivalents
2021.03,ZSZ,Service industries,Nitrous oxide,Actual,Kilotonnes,31,Carbon dioxide equivalents
2021.06,ZSZ,Service industries,Methane,Seasonally adjusted,Kilotonnes,2,Carbon dioxide equivalents
2021.06,ZSZ,Service industries,Carbon dioxide,Seasonally adjusted,Kilotonnes,1734,Carbon dioxide equivalents
2021.06,ZSZ,Service industries,Carbon dioxide equivalents,Seasonally adjusted,Kilotonnes,1914,Carbon dioxide equivalents
2021.06,ZSZ,Service industries,Fluorinated gases,Seasonally adjusted,Kilotonnes,144,Carbon dioxide equivalents
2021.06,ZSZ,Service industries,Nitrous oxide,Seasonally adjusted,Kilotonnes,33,Carbon dioxide equivalents
2021.06,ZSZ,Service industries,Methane,Actual,Kilotonnes,2,Carbon dioxide equivalents
2021.06,ZSZ,Service industries,Carbon dioxide,Actual,Kilotonnes,1700,Carbon dioxide equivalents
2021.06,ZSZ,Service industries,Carbon dioxide equivalents,Actual,Kilotonnes,1880,Carbon dioxide equivalents
2021.06,ZSZ,Service industries,Fluorinated gases,Actual,Kilotonnes,144,Carbon dioxide equivalents
2021.06,ZSZ,Service industries,Nitrous oxide,Actual,Kilotonnes,33,Carbon dioxide equivalents
2021.09,ZSZ,Service industries,Methane,Seasonally adjusted,Kilotonnes,2,Carbon dioxide equivalents
2021.09,ZSZ,Service industries,Carbon dioxide,Seasonally adjusted,Kilotonnes,1517,Carbon dioxide equivalents
2021.09,ZSZ,Service industries,Carbon dioxide equivalents,Seasonally adjusted,Kilotonnes,1694,Carbon dioxide equivalents
2021.09,ZSZ,Service industries,Fluorinated gases,Seasonally adjusted,Kilotonnes,143,Carbon dioxide equivalents
2021.09,ZSZ,Service industries,Nitrous oxide,Seasonally adjusted,Kilotonnes,32,Carbon dioxide equivalents
2021.09,ZSZ,Service industries,Methane,Actual,Kilotonnes,2,Carbon dioxide equivalents
2021.09,ZSZ,Service industries,Carbon dioxide,Actual,Kilotonnes,1535,Carbon dioxide equivalents
2021.09,ZSZ,Service industries,Carbon dioxide equivalents,Actual,Kilotonnes,1713,Carbon dioxide equivalents
2021.09,ZSZ,Service industries,Fluorinated gases,Actual,Kilotonnes,143,Carbon dioxide equivalents
2021.09,ZSZ,Service industries,Nitrous oxide,Actual,Kilotonnes,32,Carbon dioxide equivalents
2021.12,ZSZ,Service industries,Methane,Seasonally adjusted,Kilotonnes,3,Carbon dioxide equivalents
2021.12,ZSZ,Service industries,Carbon dioxide,Seasonally adjusted,Kilotonnes,1582,Carbon dioxide equivalents
2021.12,ZSZ,Service industries,Carbon dioxide equivalents,Seasonally adjusted,Kilotonnes,1760,Carbon dioxide equivalents
2021.12,ZSZ,Service industries,Fluorinated gases,Seasonally adjusted,Kilotonnes,142,Carbon dioxide equivalents
2021.12,ZSZ,Service industries,Nitrous oxide,Seasonally adjusted,Kilotonnes,35,Carbon dioxide equivalents
2021.12,ZSZ,Service industries,Methane,Actual,Kilotonnes,3,Carbon dioxide equivalents
2021.12,ZSZ,Service industries,Carbon dioxide,Actual,Kilotonnes,1594,Carbon dioxide equivalents
2021.12,ZSZ,Service industries,Carbon dioxide equivalents,Actual,Kilotonnes,1773,Carbon dioxide equivalents
2021.12,ZSZ,Service industries,Fluorinated gases,Actual,Kilotonnes,142,Carbon dioxide equivalents
2021.12,ZSZ,Service industries,Nitrous oxide,Actual,Kilotonnes,35,Carbon dioxide equivalents
2022.03,ZSZ,Service industries,Methane,Seasonally adjusted,Kilotonnes,3,Carbon dioxide equivalents
2022.03,ZSZ,Service industries,Carbon dioxide,Seasonally adjusted,Kilotonnes,1659,Carbon dioxide equivalents
2022.03,ZSZ,Service industries,Carbon dioxide equivalents,Seasonally adjusted,Kilotonnes,1837,Carbon dioxide equivalents
2022.03,ZSZ,Service industries,Fluorinated gases,Seasonally adjusted,Kilotonnes,138,Carbon dioxide equivalents
2022.03,ZSZ,Service industries,Nitrous oxide,Seasonally adjusted,Kilotonnes,36,Carbon dioxide equivalents
2022.03,ZSZ,Service industries,Methane,Actual,Kilotonnes,3,Carbon dioxide equivalents
2022.03,ZSZ,Service industries,Carbon dioxide,Actual,Kilotonnes,1657,Carbon dioxide equivalents
2022.03,ZSZ,Service industries,Carbon dioxide equivalents,Actual,Kilotonnes,1834,Carbon dioxide equivalents
2022.03,ZSZ,Service industries,Fluorinated gases,Actual,Kilotonnes,138,Carbon dioxide equivalents
2022.03,ZSZ,Service industries,Nitrous oxide,Actual,Kilotonnes,36,Carbon dioxide equivalents
2022.06,ZSZ,Service industries,Methane,Seasonally adjusted,Kilotonnes,3,Carbon dioxide equivalents
2022.06,ZSZ,Service industries,Carbon dioxide,Seasonally adjusted,Kilotonnes,1730,Carbon dioxide equivalents
2022.06,ZSZ,Service industries,Carbon dioxide equivalents,Seasonally adjusted,Kilotonnes,1906,Carbon dioxide equivalents
2022.06,ZSZ,Service industries,Fluorinated gases,Seasonally adjusted,Kilotonnes,134,Carbon dioxide equivalents
2022.06,ZSZ,Service industries,Nitrous oxide,Seasonally adjusted,Kilotonnes,38,Carbon dioxide equivalents
2022.06,ZSZ,Service industries,Methane,Actual,Kilotonnes,3,Carbon dioxide equivalents
2022.06,ZSZ,Service industries,Carbon dioxide,Actual,Kilotonnes,1700,Carbon dioxide equivalents
2022.06,ZSZ,Service industries,Carbon dioxide equivalents,Actual,Kilotonnes,1874,Carbon dioxide equivalents
2022.06,ZSZ,Service industries,Fluorinated gases,Actual,Kilotonnes,134,Carbon dioxide equivalents
2022.06,ZSZ,Service industries,Nitrous oxide,Actual,Kilotonnes,37,Carbon dioxide equivalents
2022.09,ZSZ,Service industries,Methane,Seasonally adjusted,Kilotonnes,3,Carbon dioxide equivalents
2022.09,ZSZ,Service industries,Carbon dioxide,Seasonally adjusted,Kilotonnes,1823,Carbon dioxide equivalents
2022.09,ZSZ,Service industries,Carbon dioxide equivalents,Seasonally adjusted,Kilotonnes,1997,Carbon dioxide equivalents
2022.09,ZSZ,Service industries,Fluorinated gases,Seasonally adjusted,Kilotonnes,131,Carbon dioxide equivalents
2022.09,ZSZ,Service industries,Nitrous oxide,Seasonally adjusted,Kilotonnes,39,Carbon dioxide equivalents
2022.09,ZSZ,Service industries,Methane,Actual,Kilotonnes,3,Carbon dioxide equivalents
2022.09,ZSZ,Service industries,Carbon dioxide,Actual,Kilotonnes,1844,Carbon dioxide equivalents
2022.09,ZSZ,Service industries,Carbon dioxide equivalents,Actual,Kilotonnes,2017,Carbon dioxide equivalents
2022.09,ZSZ,Service industries,Fluorinated gases,Actual,Kilotonnes,131,Carbon dioxide equivalents
2022.09,ZSZ,Service industries,Nitrous oxide,Actual,Kilotonnes,39,Carbon dioxide equivalents
2022.12,ZSZ,Service industries,Methane,Seasonally adjusted,Kilotonnes,3,Carbon dioxide equivalents
2022.12,ZSZ,Service industries,Carbon dioxide,Seasonally adjusted,Kilotonnes,1848,Carbon dioxide equivalents
2022.12,ZSZ,Service industries,Carbon dioxide equivalents,Seasonally adjusted,Kilotonnes,2018,Carbon dioxide equivalents
2022.12,ZSZ,Service industries,Fluorinated gases,Seasonally adjusted,Kilotonnes,127,Carbon dioxide equivalents
2022.12,ZSZ,Service industries,Nitrous oxide,Seasonally adjusted,Kilotonnes,40,Carbon dioxide equivalents
2022.12,ZSZ,Service industries,Methane,Actual,Kilotonnes,3,Carbon dioxide equivalents
2022.12,ZSZ,Service industries,Carbon dioxide,Actual,Kilotonnes,1865,Carbon dioxide equivalents
2022.12,ZSZ,Service industries,Carbon dioxide equivalents,Actual,Kilotonnes,2036,Carbon dioxide equivalents
2022.12,ZSZ,Service industries,Fluorinated gases,Actual,Kilotonnes,127,Carbon dioxide equivalents
2022.12,ZSZ,Service industries,Nitrous oxide,Actual,Kilotonnes,41,Carbon dioxide equivalents
2023.03,ZSZ,Service industries,Methane,Seasonally adjusted,Kilotonnes,2,Carbon dioxide equivalents
2023.03,ZSZ,Service industries,Carbon dioxide,Seasonally adjusted,Kilotonnes,1897,Carbon dioxide equivalents
2023.03,ZSZ,Service industries,Carbon dioxide equivalents,Seasonally adjusted,Kilotonnes,2064,Carbon dioxide equivalents
2023.03,ZSZ,Service industries,Fluorinated gases,Seasonally adjusted,Kilotonnes,124,Carbon dioxide equivalents
2023.03,ZSZ,Service industries,Nitrous oxide,Seasonally adjusted,Kilotonnes,41,Carbon dioxide equivalents
2023.03,ZSZ,Service industries,Methane,Actual,Kilotonnes,2,Carbon dioxide equivalents
2023.03,ZSZ,Service industries,Carbon dioxide,Actual,Kilotonnes,1889,Carbon dioxide equivalents
2023.03,ZSZ,Service industries,Carbon dioxide equivalents,Actual,Kilotonnes,2056,Carbon dioxide equivalents
2023.03,ZSZ,Service industries,Fluorinated gases,Actual,Kilotonnes,124,Carbon dioxide equivalents
2023.03,ZSZ,Service industries,Nitrous oxide,Actual,Kilotonnes,41,Carbon dioxide equivalents
2023.06,ZSZ,Service industries,Methane,Seasonally adjusted,Kilotonnes,2,Carbon dioxide equivalents
2023.06,ZSZ,Service industries,Carbon dioxide,Seasonally adjusted,Kilotonnes,2001,Carbon dioxide equivalents
2023.06,ZSZ,Service industries,Carbon dioxide equivalents,Seasonally adjusted,Kilotonnes,2167,Carbon dioxide equivalents
2023.06,ZSZ,Service industries,Fluorinated gases,Seasonally adjusted,Kilotonnes,121,Carbon dioxide equivalents
2023.06,ZSZ,Service industries,Nitrous oxide,Seasonally adjusted,Kilotonnes,43,Carbon dioxide equivalents
2023.06,ZSZ,Service industries,Methane,Actual,Kilotonnes,2,Carbon dioxide equivalents
2023.06,ZSZ,Service industries,Carbon dioxide,Actual,Kilotonnes,1966,Carbon dioxide equivalents
2023.06,ZSZ,Service industries,Carbon dioxide equivalents,Actual,Kilotonnes,2132,Carbon dioxide equivalents
2023.06,ZSZ,Service industries,Fluorinated gases,Actual,Kilotonnes,121,Carbon dioxide equivalents
2023.06,ZSZ,Service industries,Nitrous oxide,Actual,Kilotonnes,42,Carbon dioxide equivalents
2023.09,ZSZ,Service industries,Methane,Seasonally adjusted,Kilotonnes,2,Carbon dioxide equivalents
2023.09,ZSZ,Service industries,Carbon dioxide,Seasonally adjusted,Kilotonnes,2096,Carbon dioxide equivalents
2023.09,ZSZ,Service industries,Carbon dioxide equivalents,Seasonally adjusted,Kilotonnes,2261,Carbon dioxide equivalents
2023.09,ZSZ,Service industries,Fluorinated gases,Seasonally adjusted,Kilotonnes,118,Carbon dioxide equivalents
2023.09,ZSZ,Service industries,Nitrous oxide,Seasonally adjusted,Kilotonnes,45,Carbon dioxide equivalents
2023.09,ZSZ,Service industries,Methane,Actual,Kilotonnes,2,Carbon dioxide equivalents
2023.09,ZSZ,Service industries,Carbon dioxide,Actual,Kilotonnes,2119,Carbon dioxide equivalents
2023.09,ZSZ,Service industries,Carbon dioxide equivalents,Actual,Kilotonnes,2284,Carbon dioxide equivalents
2023.09,ZSZ,Service industries,Fluorinated gases,Actual,Kilotonnes,118,Carbon dioxide equivalents
2023.09,ZSZ,Service industries,Nitrous oxide,Actual,Kilotonnes,45,Carbon dioxide equivalents
2023.12,ZSZ,Service industries,Methane,Seasonally adjusted,Kilotonnes,2,Carbon dioxide equivalents
2023.12,ZSZ,Service industries,Carbon dioxide,Seasonally adjusted,Kilotonnes,2036,Carbon dioxide equivalents
2023.12,ZSZ,Service industries,Carbon dioxide equivalents,Seasonally adjusted,Kilotonnes,2200,Carbon dioxide equivalents
2023.12,ZSZ,Service industries,Fluorinated gases,Seasonally adjusted,Kilotonnes,115,Carbon dioxide equivalents
2023.12,ZSZ,Service industries,Nitrous oxide,Seasonally adjusted,Kilotonnes,47,Carbon dioxide equivalents
2023.12,ZSZ,Service industries,Methane,Actual,Kilotonnes,2,Carbon dioxide equivalents
2023.12,ZSZ,Service industries,Carbon dioxide,Actual,Kilotonnes,2061,Carbon dioxide equivalents
2023.12,ZSZ,Service industries,Carbon dioxide equivalents,Actual,Kilotonnes,2225,Carbon dioxide equivalents
2023.12,ZSZ,Service industries,Fluorinated gases,Actual,Kilotonnes,115,Carbon dioxide equivalents
2023.12,ZSZ,Service industries,Nitrous oxide,Actual,Kilotonnes,47,Carbon dioxide equivalents
2024.03,ZSZ,Service industries,Methane,Seasonally adjusted,Kilotonnes,2,Carbon dioxide equivalents
2024.03,ZSZ,Service industries,Carbon dioxide,Seasonally adjusted,Kilotonnes,2048,Carbon dioxide equivalents
2024.03,ZSZ,Service industries,Carbon dioxide equivalents,Seasonally adjusted,Kilotonnes,2211,Carbon dioxide equivalents
2024.03,ZSZ,Service industries,Fluorinated gases,Seasonally adjusted,Kilotonnes,112,Carbon dioxide equivalents
2024.03,ZSZ,Service industries,Nitrous oxide,Seasonally adjusted,Kilotonnes,49,Carbon dioxide equivalents
2024.03,ZSZ,Service industries,Methane,Actual,Kilotonnes,2,Carbon dioxide equivalents
2024.03,ZSZ,Service industries,Carbon dioxide,Actual,Kilotonnes,2036,Carbon dioxide equivalents
2024.03,ZSZ,Service industries,Carbon dioxide equivalents,Actual,Kilotonnes,2199,Carbon dioxide equivalents
2024.03,ZSZ,Service industries,Fluorinated gases,Actual,Kilotonnes,112,Carbon dioxide equivalents
2024.03,ZSZ,Service industries,Nitrous oxide,Actual,Kilotonnes,50,Carbon dioxide equivalents
2024.06,ZSZ,Service industries,Methane,Seasonally adjusted,Kilotonnes,2,Carbon dioxide equivalents
2024.06,ZSZ,Service industries,Carbon dioxide,Seasonally adjusted,Kilotonnes,2042,Carbon dioxide equivalents
2024.06,ZSZ,Service industries,Carbon dioxide equivalents,Seasonally adjusted,Kilotonnes,2204,Carbon dioxide equivalents
2024.06,ZSZ,Service industries,Fluorinated gases,Seasonally adjusted,Kilotonnes,110,Carbon dioxide equivalents
2024.06,ZSZ,Service industries,Nitrous oxide,Seasonally adjusted,Kilotonnes,51,Carbon dioxide equivalents
2024.06,ZSZ,Service industries,Methane,Actual,Kilotonnes,2,Carbon dioxide equivalents
2024.06,ZSZ,Service industries,Carbon dioxide,Actual,Kilotonnes,2006,Carbon dioxide equivalents
2024.06,ZSZ,Service industries,Carbon dioxide equivalents,Actual,Kilotonnes,2168,Carbon dioxide equivalents
2024.06,ZSZ,Service industries,Fluorinated gases,Actual,Kilotonnes,110,Carbon dioxide equivalents
2024.06,ZSZ,Service industries,Nitrous oxide,Actual,Kilotonnes,50,Carbon dioxide equivalents
2024.09,ZSZ,Service industries,Methane,Seasonally adjusted,Kilotonnes,2,Carbon dioxide equivalents
2024.09,ZSZ,Service industries,Carbon dioxide,Seasonally adjusted,Kilotonnes,1989,Carbon dioxide equivalents
2024.09,ZSZ,Service industries,Carbon dioxide equivalents,Seasonally adjusted,Kilotonnes,2151,Carbon dioxide equivalents
2024.09,ZSZ,Service industries,Fluorinated gases,Seasonally adjusted,Kilotonnes,108,Carbon dioxide equivalents
2024.09,ZSZ,Service industries,Nitrous oxide,Seasonally adjusted,Kilotonnes,51,Carbon dioxide equivalents
2024.09,ZSZ,Service industries,Methane,Actual,Kilotonnes,2,Carbon dioxide equivalents
2024.09,ZSZ,Service industries,Carbon dioxide,Actual,Kilotonnes,2011,Carbon dioxide equivalents
2024.09,ZSZ,Service industries,Carbon dioxide equivalents,Actual,Kilotonnes,2172,Carbon dioxide equivalents
2024.09,ZSZ,Service industries,Fluorinated gases,Actual,Kilotonnes,108,Carbon dioxide equivalents
2024.09,ZSZ,Service industries,Nitrous oxide,Actual,Kilotonnes,51,Carbon dioxide equivalents
2024.12,ZSZ,Service industries,Methane,Seasonally adjusted,Kilotonnes,2,Carbon dioxide equivalents
2024.12,ZSZ,Service industries,Carbon dioxide,Seasonally adjusted,Kilotonnes,2022,Carbon dioxide equivalents
2024.12,ZSZ,Service industries,Carbon dioxide equivalents,Seasonally adjusted,Kilotonnes,2183,Carbon dioxide equivalents
2024.12,ZSZ,Service industries,Fluorinated gases,Seasonally adjusted,Kilotonnes,109,Carbon dioxide equivalents
2024.12,ZSZ,Service industries,Nitrous oxide,Seasonally adjusted,Kilotonnes,52,Carbon dioxide equivalents
2024.12,ZSZ,Service industries,Methane,Actual,Kilotonnes,2,Carbon dioxide equivalents
2024.12,ZSZ,Service industries,Carbon dioxide,Actual,Kilotonnes,2051,Carbon dioxide equivalents
2024.12,ZSZ,Service industries,Carbon dioxide equivalents,Actual,Kilotonnes,2214,Carbon dioxide equivalents
2024.12,ZSZ,Service industries,Fluorinated gases,Actual,Kilotonnes,109,Carbon dioxide equivalents
2024.12,ZSZ,Service industries,Nitrous oxide,Actual,Kilotonnes,52,Carbon dioxide equivalents
2025.03,ZSZ,Service industries,Methane,Seasonally adjusted,Kilotonnes,2,Carbon dioxide equivalents
2025.03,ZSZ,Service industries,Carbon dioxide,Seasonally adjusted,Kilotonnes,1992,Carbon dioxide equivalents
2025.03,ZSZ,Service industries,Carbon dioxide equivalents,Seasonally adjusted,Kilotonnes,2154,Carbon dioxide equivalents
2025.03,ZSZ,Service industries,Fluorinated gases,Seasonally adjusted,Kilotonnes,109,Carbon dioxide equivalents
2025.03,ZSZ,Service industries,Nitrous oxide,Seasonally adjusted,Kilotonnes,51,Carbon dioxide equivalents
2025.03,ZSZ,Service industries,Methane,Actual,Kilotonnes,2,Carbon dioxide equivalents
2025.03,ZSZ,Service industries,Carbon dioxide,Actual,Kilotonnes,1978,Carbon dioxide equivalents
2025.03,ZSZ,Service industries,Carbon dioxide equivalents,Actual,Kilotonnes,2140,Carbon dioxide equivalents
2025.03,ZSZ,Service industries,Fluorinated gases,Actual,Kilotonnes,109,Carbon dioxide equivalents
2025.03,ZSZ,Service industries,Nitrous oxide,Actual,Kilotonnes,51,Carbon dioxide equivalents
2025.06,ZSZ,Service industries,Methane,Seasonally adjusted,Kilotonnes,2,Carbon dioxide equivalents
2025.06,ZSZ,Service industries,Carbon dioxide,Seasonally adjusted,Kilotonnes,2007,Carbon dioxide equivalents
2025.06,ZSZ,Service industries,Carbon dioxide equivalents,Seasonally adjusted,Kilotonnes,2169,Carbon dioxide equivalents
2025.06,ZSZ,Service industries,Fluorinated gases,Seasonally adjusted,Kilotonnes,109,Carbon dioxide equivalents
2025.06,ZSZ,Service industries,Nitrous oxide,Seasonally adjusted,Kilotonnes,51,Carbon dioxide equivalents
2025.06,ZSZ,Service industries,Methane,Actual,Kilotonnes,2,Carbon dioxide equivalents
2025.06,ZSZ,Service industries,Carbon dioxide,Actual,Kilotonnes,1970,Carbon dioxide equivalents
2025.06,ZSZ,Service industries,Carbon dioxide equivalents,Actual,Kilotonnes,2132,Carbon dioxide equivalents
2025.06,ZSZ,Service industries,Fluorinated gases,Actual,Kilotonnes,109,Carbon dioxide equivalents
2025.06,ZSZ,Service industries,Nitrous oxide,Actual,Kilotonnes,51,Carbon dioxide equivalents
2025.09,ZSZ,Service industries,Methane,Seasonally adjusted,Kilotonnes,2,Carbon dioxide equivalents
2025.09,ZSZ,Service industries,Carbon dioxide,Seasonally adjusted,Kilotonnes,2028,Carbon dioxide equivalents
2025.09,ZSZ,Service industries,Carbon dioxide equivalents,Seasonally adjusted,Kilotonnes,2191,Carbon dioxide equivalents
2025.09,ZSZ,Service industries,Fluorinated gases,Seasonally adjusted,Kilotonnes,110,Carbon dioxide equivalents
2025.09,ZSZ,Service industries,Nitrous oxide,Seasonally adjusted,Kilotonnes,51,Carbon dioxide equivalents
2025.09,ZSZ,Service industries,Methane,Actual,Kilotonnes,2,Carbon dioxide equivalents
2025.09,ZSZ,Service industries,Carbon dioxide,Actual,Kilotonnes,2048,Carbon dioxide equivalents
2025.09,ZSZ,Service industries,Carbon dioxide equivalents,Actual,Kilotonnes,2210,Carbon dioxide equivalents
2025.09,ZSZ,Service industries,Fluorinated gases,Actual,Kilotonnes,110,Carbon dioxide equivalents
2025.09,ZSZ,Service industries,Nitrous oxide,Actual,Kilotonnes,51,Carbon dioxide equivalents
2025.12,ZSZ,Service industries,Methane,Seasonally adjusted,Kilotonnes,2,Carbon dioxide equivalents
2025.12,ZSZ,Service industries,Carbon dioxide,Seasonally adjusted,Kilotonnes,2092,Carbon dioxide equivalents
2025.12,ZSZ,Service industries,Carbon dioxide equivalents,Seasonally adjusted,Kilotonnes,2255,Carbon dioxide equivalents
2025.12,ZSZ,Service industries,Fluorinated gases,Seasonally adjusted,Kilotonnes,110,Carbon dioxide equivalents
2025.12,ZSZ,Service industries,Nitrous oxide,Seasonally adjusted,Kilotonnes,51,Carbon dioxide equivalents
2025.12,ZSZ,Service industries,Methane,Actual,Kilotonnes,2,Carbon dioxide equivalents
2025.12,ZSZ,Service industries,Carbon dioxide,Actual,Kilotonnes,2126,Carbon dioxide equivalents
2025.12,ZSZ,Service industries,Carbon dioxide equivalents,Actual,Kilotonnes,2290,Carbon dioxide equivalents
2025.12,ZSZ,Service industries,Fluorinated gases,Actual,Kilotonnes,110,Carbon dioxide equivalents
2025.12,ZSZ,Service industries,Nitrous oxide,Actual,Kilotonnes,51,Carbon dioxide equivalents
2026.03,ZSZ,Service industries,Methane,Seasonally adjusted,Kilotonnes,2,Carbon dioxide equivalents
2026.03,ZSZ,Service industries,Carbon dioxide,Seasonally adjusted,Kilotonnes,2096,Carbon dioxide equivalents
2026.03,ZSZ,Service industries,Carbon dioxide equivalents,Seasonally adjusted,Kilotonnes,2259,Carbon dioxide equivalents
2026.03,ZSZ,Service industries,Fluorinated gases,Seasonally adjusted,Kilotonnes,110,Carbon dioxide equivalents
2026.03,ZSZ,Service industries,Nitrous oxide,Seasonally adjusted,Kilotonnes,51,Carbon dioxide equivalents
2026.03,ZSZ,Service industries,Methane,Actual,Kilotonnes,2,Carbon dioxide equivalents
2026.03,ZSZ,Service industries,Carbon dioxide,Actual,Kilotonnes,2081,Carbon dioxide equivalents
2026.03,ZSZ,Service industries,Carbon dioxide equivalents,Actual,Kilotonnes,2244,Carbon dioxide equivalents
2026.03,ZSZ,Service industries,Fluorinated gases,Actual,Kilotonnes,110,Carbon dioxide equivalents
2026.03,ZSZ,Service industries,Nitrous oxide,Actual,Kilotonnes,51,Carbon dioxide equivalents
2010.03,ZZ9,Total industry,Methane,Seasonally adjusted,Kilotonnes,9773,Carbon dioxide equivalents
2010.03,ZZ9,Total industry,Carbon dioxide,Seasonally adjusted,Kilotonnes,7400,Carbon dioxide equivalents
2010.03,ZZ9,Total industry,Carbon dioxide equivalents,Seasonally adjusted,Kilotonnes,19029,Carbon dioxide equivalents
2010.03,ZZ9,Total industry,Fluorinated gases,Seasonally adjusted,Kilotonnes,247,Carbon dioxide equivalents
2010.03,ZZ9,Total industry,Nitrous oxide,Seasonally adjusted,Kilotonnes,1604,Carbon dioxide equivalents
2010.03,ZZ9,Total industry,Methane,Actual,Kilotonnes,11247,Carbon dioxide equivalents
2010.03,ZZ9,Total industry,Carbon dioxide,Actual,Kilotonnes,7286,Carbon dioxide equivalents
2010.03,ZZ9,Total industry,Carbon dioxide equivalents,Actual,Kilotonnes,20375,Carbon dioxide equivalents
2010.03,ZZ9,Total industry,Fluorinated gases,Actual,Kilotonnes,247,Carbon dioxide equivalents
2010.03,ZZ9,Total industry,Nitrous oxide,Actual,Kilotonnes,1594,Carbon dioxide equivalents
2010.06,ZZ9,Total industry,Methane,Seasonally adjusted,Kilotonnes,9677,Carbon dioxide equivalents
2010.06,ZZ9,Total industry,Carbon dioxide,Seasonally adjusted,Kilotonnes,7387,Carbon dioxide equivalents
2010.06,ZZ9,Total industry,Carbon dioxide equivalents,Seasonally adjusted,Kilotonnes,18873,Carbon dioxide equivalents
2010.06,ZZ9,Total industry,Fluorinated gases,Seasonally adjusted,Kilotonnes,248,Carbon dioxide equivalents
2010.06,ZZ9,Total industry,Nitrous oxide,Seasonally adjusted,Kilotonnes,1592,Carbon dioxide equivalents
2010.06,ZZ9,Total industry,Methane,Actual,Kilotonnes,7841,Carbon dioxide equivalents
2010.06,ZZ9,Total industry,Carbon dioxide,Actual,Kilotonnes,7335,Carbon dioxide equivalents
2010.06,ZZ9,Total industry,Carbon dioxide equivalents,Actual,Kilotonnes,16896,Carbon dioxide equivalents
2010.06,ZZ9,Total industry,Fluorinated gases,Actual,Kilotonnes,248,Carbon dioxide equivalents
2010.06,ZZ9,Total industry,Nitrous oxide,Actual,Kilotonnes,1471,Carbon dioxide equivalents
2010.09,ZZ9,Total industry,Methane,Seasonally adjusted,Kilotonnes,9574,Carbon dioxide equivalents
2010.09,ZZ9,Total industry,Carbon dioxide,Seasonally adjusted,Kilotonnes,7251,Carbon dioxide equivalents
2010.09,ZZ9,Total industry,Carbon dioxide equivalents,Seasonally adjusted,Kilotonnes,18681,Carbon dioxide equivalents
2010.09,ZZ9,Total industry,Fluorinated gases,Seasonally adjusted,Kilotonnes,249,Carbon dioxide equivalents
2010.09,ZZ9,Total industry,Nitrous oxide,Seasonally adjusted,Kilotonnes,1589,Carbon dioxide equivalents
2010.09,ZZ9,Total industry,Methane,Actual,Kilotonnes,8289,Carbon dioxide equivalents
2010.09,ZZ9,Total industry,Carbon dioxide,Actual,Kilotonnes,7344,Carbon dioxide equivalents
2010.09,ZZ9,Total industry,Carbon dioxide equivalents,Actual,Kilotonnes,17526,Carbon dioxide equivalents
2010.09,ZZ9,Total industry,Fluorinated gases,Actual,Kilotonnes,249,Carbon dioxide equivalents
2010.09,ZZ9,Total industry,Nitrous oxide,Actual,Kilotonnes,1643,Carbon dioxide equivalents
2010.12,ZZ9,Total industry,Methane,Seasonally adjusted,Kilotonnes,9506,Carbon dioxide equivalents
2010.12,ZZ9,Total industry,Carbon dioxide,Seasonally adjusted,Kilotonnes,7401,Carbon dioxide equivalents
2010.12,ZZ9,Total industry,Carbon dioxide equivalents,Seasonally adjusted,Kilotonnes,18749,Carbon dioxide equivalents
2010.12,ZZ9,Total industry,Fluorinated gases,Seasonally adjusted,Kilotonnes,250,Carbon dioxide equivalents
2010.12,ZZ9,Total industry,Nitrous oxide,Seasonally adjusted,Kilotonnes,1599,Carbon dioxide equivalents
2010.12,ZZ9,Total industry,Methane,Actual,Kilotonnes,11149,Carbon dioxide equivalents
2010.12,ZZ9,Total industry,Carbon dioxide,Actual,Kilotonnes,7465,Carbon dioxide equivalents
2010.12,ZZ9,Total industry,Carbon dioxide equivalents,Actual,Kilotonnes,20540,Carbon dioxide equivalents
2010.12,ZZ9,Total industry,Fluorinated gases,Actual,Kilotonnes,250,Carbon dioxide equivalents
2010.12,ZZ9,Total industry,Nitrous oxide,Actual,Kilotonnes,1676,Carbon dioxide equivalents
2011.03,ZZ9,Total industry,Methane,Seasonally adjusted,Kilotonnes,9459,Carbon dioxide equivalents
2011.03,ZZ9,Total industry,Carbon dioxide,Seasonally adjusted,Kilotonnes,7210,Carbon dioxide equivalents
2011.03,ZZ9,Total industry,Carbon dioxide equivalents,Seasonally adjusted,Kilotonnes,18520,Carbon dioxide equivalents
2011.03,ZZ9,Total industry,Fluorinated gases,Seasonally adjusted,Kilotonnes,251,Carbon dioxide equivalents
2011.03,ZZ9,Total industry,Nitrous oxide,Seasonally adjusted,Kilotonnes,1598,Carbon dioxide equivalents
2011.03,ZZ9,Total industry,Methane,Actual,Kilotonnes,10893,Carbon dioxide equivalents
2011.03,ZZ9,Total industry,Carbon dioxide,Actual,Kilotonnes,7111,Carbon dioxide equivalents
2011.03,ZZ9,Total industry,Carbon dioxide equivalents,Actual,Kilotonnes,19844,Carbon dioxide equivalents
2011.03,ZZ9,Total industry,Fluorinated gases,Actual,Kilotonnes,251,Carbon dioxide equivalents
2011.03,ZZ9,Total industry,Nitrous oxide,Actual,Kilotonnes,1589,Carbon dioxide equivalents
2011.06,ZZ9,Total industry,Methane,Seasonally adjusted,Kilotonnes,9590,Carbon dioxide equivalents
2011.06,ZZ9,Total industry,Carbon dioxide,Seasonally adjusted,Kilotonnes,6795,Carbon dioxide equivalents
2011.06,ZZ9,Total industry,Carbon dioxide equivalents,Seasonally adjusted,Kilotonnes,18161,Carbon dioxide equivalents
2011.06,ZZ9,Total industry,Fluorinated gases,Seasonally adjusted,Kilotonnes,253,Carbon dioxide equivalents
2011.06,ZZ9,Total industry,Nitrous oxide,Seasonally adjusted,Kilotonnes,1615,Carbon dioxide equivalents
2011.06,ZZ9,Total industry,Methane,Actual,Kilotonnes,7760,Carbon dioxide equivalents
2011.06,ZZ9,Total industry,Carbon dioxide,Actual,Kilotonnes,6746,Carbon dioxide equivalents
2011.06,ZZ9,Total industry,Carbon dioxide equivalents,Actual,Kilotonnes,16251,Carbon dioxide equivalents
2011.06,ZZ9,Total industry,Fluorinated gases,Actual,Kilotonnes,253,Carbon dioxide equivalents
2011.06,ZZ9,Total industry,Nitrous oxide,Actual,Kilotonnes,1492,Carbon dioxide equivalents
2011.09,ZZ9,Total industry,Methane,Seasonally adjusted,Kilotonnes,9778,Carbon dioxide equivalents
2011.09,ZZ9,Total industry,Carbon dioxide,Seasonally adjusted,Kilotonnes,7414,Carbon dioxide equivalents
2011.09,ZZ9,Total industry,Carbon dioxide equivalents,Seasonally adjusted,Kilotonnes,19118,Carbon dioxide equivalents
2011.09,ZZ9,Total industry,Fluorinated gases,Seasonally adjusted,Kilotonnes,255,Carbon dioxide equivalents
2011.09,ZZ9,Total industry,Nitrous oxide,Seasonally adjusted,Kilotonnes,1650,Carbon dioxide equivalents
2011.09,ZZ9,Total industry,Methane,Actual,Kilotonnes,8468,Carbon dioxide equivalents
2011.09,ZZ9,Total industry,Carbon dioxide,Actual,Kilotonnes,7494,Carbon dioxide equivalents
2011.09,ZZ9,Total industry,Carbon dioxide equivalents,Actual,Kilotonnes,17924,Carbon dioxide equivalents
2011.09,ZZ9,Total industry,Fluorinated gases,Actual,Kilotonnes,255,Carbon dioxide equivalents
2011.09,ZZ9,Total industry,Nitrous oxide,Actual,Kilotonnes,1707,Carbon dioxide equivalents
2011.12,ZZ9,Total industry,Methane,Seasonally adjusted,Kilotonnes,9838,Carbon dioxide equivalents
2011.12,ZZ9,Total industry,Carbon dioxide,Seasonally adjusted,Kilotonnes,7409,Carbon dioxide equivalents
2011.12,ZZ9,Total industry,Carbon dioxide equivalents,Seasonally adjusted,Kilotonnes,19179,Carbon dioxide equivalents
2011.12,ZZ9,Total industry,Fluorinated gases,Seasonally adjusted,Kilotonnes,258,Carbon dioxide equivalents
2011.12,ZZ9,Total industry,Nitrous oxide,Seasonally adjusted,Kilotonnes,1662,Carbon dioxide equivalents
2011.12,ZZ9,Total industry,Methane,Actual,Kilotonnes,11543,Carbon dioxide equivalents
2011.12,ZZ9,Total industry,Carbon dioxide,Actual,Kilotonnes,7476,Carbon dioxide equivalents
2011.12,ZZ9,Total industry,Carbon dioxide equivalents,Actual,Kilotonnes,21019,Carbon dioxide equivalents
2011.12,ZZ9,Total industry,Fluorinated gases,Actual,Kilotonnes,258,Carbon dioxide equivalents
2011.12,ZZ9,Total industry,Nitrous oxide,Actual,Kilotonnes,1741,Carbon dioxide equivalents
2012.03,ZZ9,Total industry,Methane,Seasonally adjusted,Kilotonnes,9935,Carbon dioxide equivalents
2012.03,ZZ9,Total industry,Carbon dioxide,Seasonally adjusted,Kilotonnes,7513,Carbon dioxide equivalents
2012.03,ZZ9,Total industry,Carbon dioxide equivalents,Seasonally adjusted,Kilotonnes,19399,Carbon dioxide equivalents
2012.03,ZZ9,Total industry,Fluorinated gases,Seasonally adjusted,Kilotonnes,262,Carbon dioxide equivalents
2012.03,ZZ9,Total industry,Nitrous oxide,Seasonally adjusted,Kilotonnes,1676,Carbon dioxide equivalents
2012.03,ZZ9,Total industry,Methane,Actual,Kilotonnes,11447,Carbon dioxide equivalents
2012.03,ZZ9,Total industry,Carbon dioxide,Actual,Kilotonnes,7441,Carbon dioxide equivalents
2012.03,ZZ9,Total industry,Carbon dioxide equivalents,Actual,Kilotonnes,20816,Carbon dioxide equivalents
2012.03,ZZ9,Total industry,Fluorinated gases,Actual,Kilotonnes,262,Carbon dioxide equivalents
2012.03,ZZ9,Total industry,Nitrous oxide,Actual,Kilotonnes,1666,Carbon dioxide equivalents
2012.06,ZZ9,Total industry,Methane,Seasonally adjusted,Kilotonnes,9999,Carbon dioxide equivalents
2012.06,ZZ9,Total industry,Carbon dioxide,Seasonally adjusted,Kilotonnes,8151,Carbon dioxide equivalents
2012.06,ZZ9,Total industry,Carbon dioxide equivalents,Seasonally adjusted,Kilotonnes,20109,Carbon dioxide equivalents
2012.06,ZZ9,Total industry,Fluorinated gases,Seasonally adjusted,Kilotonnes,264,Carbon dioxide equivalents
2012.06,ZZ9,Total industry,Nitrous oxide,Seasonally adjusted,Kilotonnes,1682,Carbon dioxide equivalents
2012.06,ZZ9,Total industry,Methane,Actual,Kilotonnes,8080,Carbon dioxide equivalents
2012.06,ZZ9,Total industry,Carbon dioxide,Actual,Kilotonnes,8066,Carbon dioxide equivalents
2012.06,ZZ9,Total industry,Carbon dioxide equivalents,Actual,Kilotonnes,17964,Carbon dioxide equivalents
2012.06,ZZ9,Total industry,Fluorinated gases,Actual,Kilotonnes,264,Carbon dioxide equivalents
2012.06,ZZ9,Total industry,Nitrous oxide,Actual,Kilotonnes,1554,Carbon dioxide equivalents
2012.09,ZZ9,Total industry,Methane,Seasonally adjusted,Kilotonnes,9683,Carbon dioxide equivalents
2012.09,ZZ9,Total industry,Carbon dioxide,Seasonally adjusted,Kilotonnes,7563,Carbon dioxide equivalents
2012.09,ZZ9,Total industry,Carbon dioxide equivalents,Seasonally adjusted,Kilotonnes,19202,Carbon dioxide equivalents
2012.09,ZZ9,Total industry,Fluorinated gases,Seasonally adjusted,Kilotonnes,266,Carbon dioxide equivalents
2012.09,ZZ9,Total industry,Nitrous oxide,Seasonally adjusted,Kilotonnes,1650,Carbon dioxide equivalents
2012.09,ZZ9,Total industry,Methane,Actual,Kilotonnes,8383,Carbon dioxide equivalents
2012.09,ZZ9,Total industry,Carbon dioxide,Actual,Kilotonnes,7629,Carbon dioxide equivalents
2012.09,ZZ9,Total industry,Carbon dioxide equivalents,Actual,Kilotonnes,17985,Carbon dioxide equivalents
2012.09,ZZ9,Total industry,Fluorinated gases,Actual,Kilotonnes,266,Carbon dioxide equivalents
2012.09,ZZ9,Total industry,Nitrous oxide,Actual,Kilotonnes,1706,Carbon dioxide equivalents
2012.12,ZZ9,Total industry,Methane,Seasonally adjusted,Kilotonnes,9596,Carbon dioxide equivalents
2012.12,ZZ9,Total industry,Carbon dioxide,Seasonally adjusted,Kilotonnes,7402,Carbon dioxide equivalents
2012.12,ZZ9,Total industry,Carbon dioxide equivalents,Seasonally adjusted,Kilotonnes,18908,Carbon dioxide equivalents
2012.12,ZZ9,Total industry,Fluorinated gases,Seasonally adjusted,Kilotonnes,269,Carbon dioxide equivalents
2012.12,ZZ9,Total industry,Nitrous oxide,Seasonally adjusted,Kilotonnes,1643,Carbon dioxide equivalents
2012.12,ZZ9,Total industry,Methane,Actual,Kilotonnes,11265,Carbon dioxide equivalents
2012.12,ZZ9,Total industry,Carbon dioxide,Actual,Kilotonnes,7482,Carbon dioxide equivalents
2012.12,ZZ9,Total industry,Carbon dioxide equivalents,Actual,Kilotonnes,20737,Carbon dioxide equivalents
2012.12,ZZ9,Total industry,Fluorinated gases,Actual,Kilotonnes,269,Carbon dioxide equivalents
2012.12,ZZ9,Total industry,Nitrous oxide,Actual,Kilotonnes,1721,Carbon dioxide equivalents
2013.03,ZZ9,Total industry,Methane,Seasonally adjusted,Kilotonnes,9619,Carbon dioxide equivalents
2013.03,ZZ9,Total industry,Carbon dioxide,Seasonally adjusted,Kilotonnes,7378,Carbon dioxide equivalents
2013.03,ZZ9,Total industry,Carbon dioxide equivalents,Seasonally adjusted,Kilotonnes,18917,Carbon dioxide equivalents
2013.03,ZZ9,Total industry,Fluorinated gases,Seasonally adjusted,Kilotonnes,270,Carbon dioxide equivalents
2013.03,ZZ9,Total industry,Nitrous oxide,Seasonally adjusted,Kilotonnes,1646,Carbon dioxide equivalents
2013.03,ZZ9,Total industry,Methane,Actual,Kilotonnes,11093,Carbon dioxide equivalents
2013.03,ZZ9,Total industry,Carbon dioxide,Actual,Kilotonnes,7341,Carbon dioxide equivalents
2013.03,ZZ9,Total industry,Carbon dioxide equivalents,Actual,Kilotonnes,20342,Carbon dioxide equivalents
2013.03,ZZ9,Total industry,Fluorinated gases,Actual,Kilotonnes,270,Carbon dioxide equivalents
2013.03,ZZ9,Total industry,Nitrous oxide,Actual,Kilotonnes,1638,Carbon dioxide equivalents
2013.06,ZZ9,Total industry,Methane,Seasonally adjusted,Kilotonnes,9535,Carbon dioxide equivalents
2013.06,ZZ9,Total industry,Carbon dioxide,Seasonally adjusted,Kilotonnes,8011,Carbon dioxide equivalents
2013.06,ZZ9,Total industry,Carbon dioxide equivalents,Seasonally adjusted,Kilotonnes,19510,Carbon dioxide equivalents
2013.06,ZZ9,Total industry,Fluorinated gases,Seasonally adjusted,Kilotonnes,273,Carbon dioxide equivalents
2013.06,ZZ9,Total industry,Nitrous oxide,Seasonally adjusted,Kilotonnes,1653,Carbon dioxide equivalents
2013.06,ZZ9,Total industry,Methane,Actual,Kilotonnes,7694,Carbon dioxide equivalents
2013.06,ZZ9,Total industry,Carbon dioxide,Actual,Kilotonnes,7889,Carbon dioxide equivalents
2013.06,ZZ9,Total industry,Carbon dioxide equivalents,Actual,Kilotonnes,17383,Carbon dioxide equivalents
2013.06,ZZ9,Total industry,Fluorinated gases,Actual,Kilotonnes,273,Carbon dioxide equivalents
2013.06,ZZ9,Total industry,Nitrous oxide,Actual,Kilotonnes,1528,Carbon dioxide equivalents
2013.09,ZZ9,Total industry,Methane,Seasonally adjusted,Kilotonnes,9850,Carbon dioxide equivalents
2013.09,ZZ9,Total industry,Carbon dioxide,Seasonally adjusted,Kilotonnes,7395,Carbon dioxide equivalents
2013.09,ZZ9,Total industry,Carbon dioxide equivalents,Seasonally adjusted,Kilotonnes,19214,Carbon dioxide equivalents
2013.09,ZZ9,Total industry,Fluorinated gases,Seasonally adjusted,Kilotonnes,276,Carbon dioxide equivalents
2013.09,ZZ9,Total industry,Nitrous oxide,Seasonally adjusted,Kilotonnes,1679,Carbon dioxide equivalents
2013.09,ZZ9,Total industry,Methane,Actual,Kilotonnes,8523,Carbon dioxide equivalents
2013.09,ZZ9,Total industry,Carbon dioxide,Actual,Kilotonnes,7442,Carbon dioxide equivalents
2013.09,ZZ9,Total industry,Carbon dioxide equivalents,Actual,Kilotonnes,17976,Carbon dioxide equivalents
2013.09,ZZ9,Total industry,Fluorinated gases,Actual,Kilotonnes,276,Carbon dioxide equivalents
2013.09,ZZ9,Total industry,Nitrous oxide,Actual,Kilotonnes,1735,Carbon dioxide equivalents
2013.12,ZZ9,Total industry,Methane,Seasonally adjusted,Kilotonnes,9909,Carbon dioxide equivalents
2013.12,ZZ9,Total industry,Carbon dioxide,Seasonally adjusted,Kilotonnes,7148,Carbon dioxide equivalents
2013.12,ZZ9,Total industry,Carbon dioxide equivalents,Seasonally adjusted,Kilotonnes,19068,Carbon dioxide equivalents
2013.12,ZZ9,Total industry,Fluorinated gases,Seasonally adjusted,Kilotonnes,282,Carbon dioxide equivalents
2013.12,ZZ9,Total industry,Nitrous oxide,Seasonally adjusted,Kilotonnes,1693,Carbon dioxide equivalents
2013.12,ZZ9,Total industry,Methane,Actual,Kilotonnes,11633,Carbon dioxide equivalents
2013.12,ZZ9,Total industry,Carbon dioxide,Actual,Kilotonnes,7249,Carbon dioxide equivalents
2013.12,ZZ9,Total industry,Carbon dioxide equivalents,Actual,Kilotonnes,20936,Carbon dioxide equivalents
2013.12,ZZ9,Total industry,Fluorinated gases,Actual,Kilotonnes,282,Carbon dioxide equivalents
2013.12,ZZ9,Total industry,Nitrous oxide,Actual,Kilotonnes,1772,Carbon dioxide equivalents
2014.03,ZZ9,Total industry,Methane,Seasonally adjusted,Kilotonnes,9782,Carbon dioxide equivalents
2014.03,ZZ9,Total industry,Carbon dioxide,Seasonally adjusted,Kilotonnes,7321,Carbon dioxide equivalents
2014.03,ZZ9,Total industry,Carbon dioxide equivalents,Seasonally adjusted,Kilotonnes,19094,Carbon dioxide equivalents
2014.03,ZZ9,Total industry,Fluorinated gases,Seasonally adjusted,Kilotonnes,286,Carbon dioxide equivalents
2014.03,ZZ9,Total industry,Nitrous oxide,Seasonally adjusted,Kilotonnes,1686,Carbon dioxide equivalents
2014.03,ZZ9,Total industry,Methane,Actual,Kilotonnes,11295,Carbon dioxide equivalents
2014.03,ZZ9,Total industry,Carbon dioxide,Actual,Kilotonnes,7320,Carbon dioxide equivalents
2014.03,ZZ9,Total industry,Carbon dioxide equivalents,Actual,Kilotonnes,20579,Carbon dioxide equivalents
2014.03,ZZ9,Total industry,Fluorinated gases,Actual,Kilotonnes,286,Carbon dioxide equivalents
2014.03,ZZ9,Total industry,Nitrous oxide,Actual,Kilotonnes,1679,Carbon dioxide equivalents
2014.06,ZZ9,Total industry,Methane,Seasonally adjusted,Kilotonnes,9669,Carbon dioxide equivalents
2014.06,ZZ9,Total industry,Carbon dioxide,Seasonally adjusted,Kilotonnes,7349,Carbon dioxide equivalents
2014.06,ZZ9,Total industry,Carbon dioxide equivalents,Seasonally adjusted,Kilotonnes,18950,Carbon dioxide equivalents
2014.06,ZZ9,Total industry,Fluorinated gases,Seasonally adjusted,Kilotonnes,289,Carbon dioxide equivalents
2014.06,ZZ9,Total industry,Nitrous oxide,Seasonally adjusted,Kilotonnes,1687,Carbon dioxide equivalents
2014.06,ZZ9,Total industry,Methane,Actual,Kilotonnes,7796,Carbon dioxide equivalents
2014.06,ZZ9,Total industry,Carbon dioxide,Actual,Kilotonnes,7183,Carbon dioxide equivalents
2014.06,ZZ9,Total industry,Carbon dioxide equivalents,Actual,Kilotonnes,16828,Carbon dioxide equivalents
2014.06,ZZ9,Total industry,Fluorinated gases,Actual,Kilotonnes,289,Carbon dioxide equivalents
2014.06,ZZ9,Total industry,Nitrous oxide,Actual,Kilotonnes,1560,Carbon dioxide equivalents
2014.09,ZZ9,Total industry,Methane,Seasonally adjusted,Kilotonnes,9851,Carbon dioxide equivalents
2014.09,ZZ9,Total industry,Carbon dioxide,Seasonally adjusted,Kilotonnes,7462,Carbon dioxide equivalents
2014.09,ZZ9,Total industry,Carbon dioxide equivalents,Seasonally adjusted,Kilotonnes,19341,Carbon dioxide equivalents
2014.09,ZZ9,Total industry,Fluorinated gases,Seasonally adjusted,Kilotonnes,291,Carbon dioxide equivalents
2014.09,ZZ9,Total industry,Nitrous oxide,Seasonally adjusted,Kilotonnes,1715,Carbon dioxide equivalents
2014.09,ZZ9,Total industry,Methane,Actual,Kilotonnes,8516,Carbon dioxide equivalents
2014.09,ZZ9,Total industry,Carbon dioxide,Actual,Kilotonnes,7501,Carbon dioxide equivalents
2014.09,ZZ9,Total industry,Carbon dioxide equivalents,Actual,Kilotonnes,18079,Carbon dioxide equivalents
2014.09,ZZ9,Total industry,Fluorinated gases,Actual,Kilotonnes,291,Carbon dioxide equivalents
2014.09,ZZ9,Total industry,Nitrous oxide,Actual,Kilotonnes,1772,Carbon dioxide equivalents
2014.12,ZZ9,Total industry,Methane,Seasonally adjusted,Kilotonnes,9849,Carbon dioxide equivalents
2014.12,ZZ9,Total industry,Carbon dioxide,Seasonally adjusted,Kilotonnes,7822,Carbon dioxide equivalents
2014.12,ZZ9,Total industry,Carbon dioxide equivalents,Seasonally adjusted,Kilotonnes,19664,Carbon dioxide equivalents
2014.12,ZZ9,Total industry,Fluorinated gases,Seasonally adjusted,Kilotonnes,291,Carbon dioxide equivalents
2014.12,ZZ9,Total industry,Nitrous oxide,Seasonally adjusted,Kilotonnes,1722,Carbon dioxide equivalents
2014.12,ZZ9,Total industry,Methane,Actual,Kilotonnes,11561,Carbon dioxide equivalents
2014.12,ZZ9,Total industry,Carbon dioxide,Actual,Kilotonnes,7968,Carbon dioxide equivalents
2014.12,ZZ9,Total industry,Carbon dioxide equivalents,Actual,Kilotonnes,21620,Carbon dioxide equivalents
2014.12,ZZ9,Total industry,Fluorinated gases,Actual,Kilotonnes,291,Carbon dioxide equivalents
2014.12,ZZ9,Total industry,Nitrous oxide,Actual,Kilotonnes,1800,Carbon dioxide equivalents
2015.03,ZZ9,Total industry,Methane,Seasonally adjusted,Kilotonnes,9776,Carbon dioxide equivalents
2015.03,ZZ9,Total industry,Carbon dioxide,Seasonally adjusted,Kilotonnes,7761,Carbon dioxide equivalents
2015.03,ZZ9,Total industry,Carbon dioxide equivalents,Seasonally adjusted,Kilotonnes,19533,Carbon dioxide equivalents
2015.03,ZZ9,Total industry,Fluorinated gases,Seasonally adjusted,Kilotonnes,289,Carbon dioxide equivalents
2015.03,ZZ9,Total industry,Nitrous oxide,Seasonally adjusted,Kilotonnes,1723,Carbon dioxide equivalents
2015.03,ZZ9,Total industry,Methane,Actual,Kilotonnes,11298,Carbon dioxide equivalents
2015.03,ZZ9,Total industry,Carbon dioxide,Actual,Kilotonnes,7790,Carbon dioxide equivalents
2015.03,ZZ9,Total industry,Carbon dioxide equivalents,Actual,Kilotonnes,21095,Carbon dioxide equivalents
2015.03,ZZ9,Total industry,Fluorinated gases,Actual,Kilotonnes,289,Carbon dioxide equivalents
2015.03,ZZ9,Total industry,Nitrous oxide,Actual,Kilotonnes,1717,Carbon dioxide equivalents
2015.06,ZZ9,Total industry,Methane,Seasonally adjusted,Kilotonnes,9794,Carbon dioxide equivalents
2015.06,ZZ9,Total industry,Carbon dioxide,Seasonally adjusted,Kilotonnes,7325,Carbon dioxide equivalents
2015.06,ZZ9,Total industry,Carbon dioxide equivalents,Seasonally adjusted,Kilotonnes,19086,Carbon dioxide equivalents
2015.06,ZZ9,Total industry,Fluorinated gases,Seasonally adjusted,Kilotonnes,288,Carbon dioxide equivalents
2015.06,ZZ9,Total industry,Nitrous oxide,Seasonally adjusted,Kilotonnes,1726,Carbon dioxide equivalents
2015.06,ZZ9,Total industry,Methane,Actual,Kilotonnes,7899,Carbon dioxide equivalents
2015.06,ZZ9,Total industry,Carbon dioxide,Actual,Kilotonnes,7103,Carbon dioxide equivalents
2015.06,ZZ9,Total industry,Carbon dioxide equivalents,Actual,Kilotonnes,16889,Carbon dioxide equivalents
2015.06,ZZ9,Total industry,Fluorinated gases,Actual,Kilotonnes,288,Carbon dioxide equivalents
2015.06,ZZ9,Total industry,Nitrous oxide,Actual,Kilotonnes,1598,Carbon dioxide equivalents
2015.09,ZZ9,Total industry,Methane,Seasonally adjusted,Kilotonnes,9568,Carbon dioxide equivalents
2015.09,ZZ9,Total industry,Carbon dioxide,Seasonally adjusted,Kilotonnes,7429,Carbon dioxide equivalents
2015.09,ZZ9,Total industry,Carbon dioxide equivalents,Seasonally adjusted,Kilotonnes,19008,Carbon dioxide equivalents
2015.09,ZZ9,Total industry,Fluorinated gases,Seasonally adjusted,Kilotonnes,288,Carbon dioxide equivalents
2015.09,ZZ9,Total industry,Nitrous oxide,Seasonally adjusted,Kilotonnes,1694,Carbon dioxide equivalents
2015.09,ZZ9,Total industry,Methane,Actual,Kilotonnes,8265,Carbon dioxide equivalents
2015.09,ZZ9,Total industry,Carbon dioxide,Actual,Kilotonnes,7457,Carbon dioxide equivalents
2015.09,ZZ9,Total industry,Carbon dioxide equivalents,Actual,Kilotonnes,17758,Carbon dioxide equivalents
2015.09,ZZ9,Total industry,Fluorinated gases,Actual,Kilotonnes,288,Carbon dioxide equivalents
2015.09,ZZ9,Total industry,Nitrous oxide,Actual,Kilotonnes,1748,Carbon dioxide equivalents
2015.12,ZZ9,Total industry,Methane,Seasonally adjusted,Kilotonnes,9644,Carbon dioxide equivalents
2015.12,ZZ9,Total industry,Carbon dioxide,Seasonally adjusted,Kilotonnes,7557,Carbon dioxide equivalents
2015.12,ZZ9,Total industry,Carbon dioxide equivalents,Seasonally adjusted,Kilotonnes,19186,Carbon dioxide equivalents
2015.12,ZZ9,Total industry,Fluorinated gases,Seasonally adjusted,Kilotonnes,289,Carbon dioxide equivalents
2015.12,ZZ9,Total industry,Nitrous oxide,Seasonally adjusted,Kilotonnes,1709,Carbon dioxide equivalents
2015.12,ZZ9,Total industry,Methane,Actual,Kilotonnes,11314,Carbon dioxide equivalents
2015.12,ZZ9,Total industry,Carbon dioxide,Actual,Kilotonnes,7741,Carbon dioxide equivalents
2015.12,ZZ9,Total industry,Carbon dioxide equivalents,Actual,Kilotonnes,21129,Carbon dioxide equivalents
2015.12,ZZ9,Total industry,Fluorinated gases,Actual,Kilotonnes,289,Carbon dioxide equivalents
2015.12,ZZ9,Total industry,Nitrous oxide,Actual,Kilotonnes,1785,Carbon dioxide equivalents
2016.03,ZZ9,Total industry,Methane,Seasonally adjusted,Kilotonnes,9679,Carbon dioxide equivalents
2016.03,ZZ9,Total industry,Carbon dioxide,Seasonally adjusted,Kilotonnes,7345,Carbon dioxide equivalents
2016.03,ZZ9,Total industry,Carbon dioxide equivalents,Seasonally adjusted,Kilotonnes,19033,Carbon dioxide equivalents
2016.03,ZZ9,Total industry,Fluorinated gases,Seasonally adjusted,Kilotonnes,288,Carbon dioxide equivalents
2016.03,ZZ9,Total industry,Nitrous oxide,Seasonally adjusted,Kilotonnes,1713,Carbon dioxide equivalents
2016.03,ZZ9,Total industry,Methane,Actual,Kilotonnes,11186,Carbon dioxide equivalents
2016.03,ZZ9,Total industry,Carbon dioxide,Actual,Kilotonnes,7404,Carbon dioxide equivalents
2016.03,ZZ9,Total industry,Carbon dioxide equivalents,Actual,Kilotonnes,20587,Carbon dioxide equivalents
2016.03,ZZ9,Total industry,Fluorinated gases,Actual,Kilotonnes,288,Carbon dioxide equivalents
2016.03,ZZ9,Total industry,Nitrous oxide,Actual,Kilotonnes,1708,Carbon dioxide equivalents
2016.06,ZZ9,Total industry,Methane,Seasonally adjusted,Kilotonnes,9489,Carbon dioxide equivalents
2016.06,ZZ9,Total industry,Carbon dioxide,Seasonally adjusted,Kilotonnes,7180,Carbon dioxide equivalents
2016.06,ZZ9,Total industry,Carbon dioxide equivalents,Seasonally adjusted,Kilotonnes,18624,Carbon dioxide equivalents
2016.06,ZZ9,Total industry,Fluorinated gases,Seasonally adjusted,Kilotonnes,290,Carbon dioxide equivalents
2016.06,ZZ9,Total industry,Nitrous oxide,Seasonally adjusted,Kilotonnes,1693,Carbon dioxide equivalents
2016.06,ZZ9,Total industry,Methane,Actual,Kilotonnes,7671,Carbon dioxide equivalents
2016.06,ZZ9,Total industry,Carbon dioxide,Actual,Kilotonnes,6894,Carbon dioxide equivalents
2016.06,ZZ9,Total industry,Carbon dioxide equivalents,Actual,Kilotonnes,16425,Carbon dioxide equivalents
2016.06,ZZ9,Total industry,Fluorinated gases,Actual,Kilotonnes,290,Carbon dioxide equivalents
2016.06,ZZ9,Total industry,Nitrous oxide,Actual,Kilotonnes,1571,Carbon dioxide equivalents
2016.09,ZZ9,Total industry,Methane,Seasonally adjusted,Kilotonnes,9569,Carbon dioxide equivalents
2016.09,ZZ9,Total industry,Carbon dioxide,Seasonally adjusted,Kilotonnes,7159,Carbon dioxide equivalents
2016.09,ZZ9,Total industry,Carbon dioxide equivalents,Seasonally adjusted,Kilotonnes,18733,Carbon dioxide equivalents
2016.09,ZZ9,Total industry,Fluorinated gases,Seasonally adjusted,Kilotonnes,292,Carbon dioxide equivalents
2016.09,ZZ9,Total industry,Nitrous oxide,Seasonally adjusted,Kilotonnes,1712,Carbon dioxide equivalents
2016.09,ZZ9,Total industry,Methane,Actual,Kilotonnes,8254,Carbon dioxide equivalents
2016.09,ZZ9,Total industry,Carbon dioxide,Actual,Kilotonnes,7190,Carbon dioxide equivalents
2016.09,ZZ9,Total industry,Carbon dioxide equivalents,Actual,Kilotonnes,17500,Carbon dioxide equivalents
2016.09,ZZ9,Total industry,Fluorinated gases,Actual,Kilotonnes,292,Carbon dioxide equivalents
2016.09,ZZ9,Total industry,Nitrous oxide,Actual,Kilotonnes,1764,Carbon dioxide equivalents
2016.12,ZZ9,Total industry,Methane,Seasonally adjusted,Kilotonnes,9498,Carbon dioxide equivalents
2016.12,ZZ9,Total industry,Carbon dioxide,Seasonally adjusted,Kilotonnes,6751,Carbon dioxide equivalents
2016.12,ZZ9,Total industry,Carbon dioxide equivalents,Seasonally adjusted,Kilotonnes,18284,Carbon dioxide equivalents
2016.12,ZZ9,Total industry,Fluorinated gases,Seasonally adjusted,Kilotonnes,295,Carbon dioxide equivalents
2016.12,ZZ9,Total industry,Nitrous oxide,Seasonally adjusted,Kilotonnes,1707,Carbon dioxide equivalents
2016.12,ZZ9,Total industry,Methane,Actual,Kilotonnes,11138,Carbon dioxide equivalents
2016.12,ZZ9,Total industry,Carbon dioxide,Actual,Kilotonnes,6950,Carbon dioxide equivalents
2016.12,ZZ9,Total industry,Carbon dioxide equivalents,Actual,Kilotonnes,20164,Carbon dioxide equivalents
2016.12,ZZ9,Total industry,Fluorinated gases,Actual,Kilotonnes,295,Carbon dioxide equivalents
2016.12,ZZ9,Total industry,Nitrous oxide,Actual,Kilotonnes,1781,Carbon dioxide equivalents
2017.03,ZZ9,Total industry,Methane,Seasonally adjusted,Kilotonnes,9605,Carbon dioxide equivalents
2017.03,ZZ9,Total industry,Carbon dioxide,Seasonally adjusted,Kilotonnes,6990,Carbon dioxide equivalents
2017.03,ZZ9,Total industry,Carbon dioxide equivalents,Seasonally adjusted,Kilotonnes,18641,Carbon dioxide equivalents
2017.03,ZZ9,Total industry,Fluorinated gases,Seasonally adjusted,Kilotonnes,297,Carbon dioxide equivalents
2017.03,ZZ9,Total industry,Nitrous oxide,Seasonally adjusted,Kilotonnes,1724,Carbon dioxide equivalents
2017.03,ZZ9,Total industry,Methane,Actual,Kilotonnes,11098,Carbon dioxide equivalents
2017.03,ZZ9,Total industry,Carbon dioxide,Actual,Kilotonnes,7050,Carbon dioxide equivalents
2017.03,ZZ9,Total industry,Carbon dioxide equivalents,Actual,Kilotonnes,20164,Carbon dioxide equivalents
2017.03,ZZ9,Total industry,Fluorinated gases,Actual,Kilotonnes,297,Carbon dioxide equivalents
2017.03,ZZ9,Total industry,Nitrous oxide,Actual,Kilotonnes,1719,Carbon dioxide equivalents
2017.06,ZZ9,Total industry,Methane,Seasonally adjusted,Kilotonnes,9622,Carbon dioxide equivalents
2017.06,ZZ9,Total industry,Carbon dioxide,Seasonally adjusted,Kilotonnes,7360,Carbon dioxide equivalents
2017.06,ZZ9,Total industry,Carbon dioxide equivalents,Seasonally adjusted,Kilotonnes,19007,Carbon dioxide equivalents
2017.06,ZZ9,Total industry,Fluorinated gases,Seasonally adjusted,Kilotonnes,300,Carbon dioxide equivalents
2017.06,ZZ9,Total industry,Nitrous oxide,Seasonally adjusted,Kilotonnes,1732,Carbon dioxide equivalents
2017.06,ZZ9,Total industry,Methane,Actual,Kilotonnes,7799,Carbon dioxide equivalents
2017.06,ZZ9,Total industry,Carbon dioxide,Actual,Kilotonnes,7041,Carbon dioxide equivalents
2017.06,ZZ9,Total industry,Carbon dioxide equivalents,Actual,Kilotonnes,16751,Carbon dioxide equivalents
2017.06,ZZ9,Total industry,Fluorinated gases,Actual,Kilotonnes,300,Carbon dioxide equivalents
2017.06,ZZ9,Total industry,Nitrous oxide,Actual,Kilotonnes,1611,Carbon dioxide equivalents
2017.09,ZZ9,Total industry,Methane,Seasonally adjusted,Kilotonnes,9498,Carbon dioxide equivalents
2017.09,ZZ9,Total industry,Carbon dioxide,Seasonally adjusted,Kilotonnes,7570,Carbon dioxide equivalents
2017.09,ZZ9,Total industry,Carbon dioxide equivalents,Seasonally adjusted,Kilotonnes,19116,Carbon dioxide equivalents
2017.09,ZZ9,Total industry,Fluorinated gases,Seasonally adjusted,Kilotonnes,303,Carbon dioxide equivalents
2017.09,ZZ9,Total industry,Nitrous oxide,Seasonally adjusted,Kilotonnes,1718,Carbon dioxide equivalents
2017.09,ZZ9,Total industry,Methane,Actual,Kilotonnes,8182,Carbon dioxide equivalents
2017.09,ZZ9,Total industry,Carbon dioxide,Actual,Kilotonnes,7600,Carbon dioxide equivalents
2017.09,ZZ9,Total industry,Carbon dioxide equivalents,Actual,Kilotonnes,17853,Carbon dioxide equivalents
2017.09,ZZ9,Total industry,Fluorinated gases,Actual,Kilotonnes,303,Carbon dioxide equivalents
2017.09,ZZ9,Total industry,Nitrous oxide,Actual,Kilotonnes,1768,Carbon dioxide equivalents
2017.12,ZZ9,Total industry,Methane,Seasonally adjusted,Kilotonnes,9454,Carbon dioxide equivalents
2017.12,ZZ9,Total industry,Carbon dioxide,Seasonally adjusted,Kilotonnes,7700,Carbon dioxide equivalents
2017.12,ZZ9,Total industry,Carbon dioxide equivalents,Seasonally adjusted,Kilotonnes,19142,Carbon dioxide equivalents
2017.12,ZZ9,Total industry,Fluorinated gases,Seasonally adjusted,Kilotonnes,306,Carbon dioxide equivalents
2017.12,ZZ9,Total industry,Nitrous oxide,Seasonally adjusted,Kilotonnes,1719,Carbon dioxide equivalents
2017.12,ZZ9,Total industry,Methane,Actual,Kilotonnes,11078,Carbon dioxide equivalents
2017.12,ZZ9,Total industry,Carbon dioxide,Actual,Kilotonnes,7931,Carbon dioxide equivalents
2017.12,ZZ9,Total industry,Carbon dioxide equivalents,Actual,Kilotonnes,21108,Carbon dioxide equivalents
2017.12,ZZ9,Total industry,Fluorinated gases,Actual,Kilotonnes,306,Carbon dioxide equivalents
2017.12,ZZ9,Total industry,Nitrous oxide,Actual,Kilotonnes,1793,Carbon dioxide equivalents
2018.03,ZZ9,Total industry,Methane,Seasonally adjusted,Kilotonnes,9437,Carbon dioxide equivalents
2018.03,ZZ9,Total industry,Carbon dioxide,Seasonally adjusted,Kilotonnes,7375,Carbon dioxide equivalents
2018.03,ZZ9,Total industry,Carbon dioxide equivalents,Seasonally adjusted,Kilotonnes,18835,Carbon dioxide equivalents
2018.03,ZZ9,Total industry,Fluorinated gases,Seasonally adjusted,Kilotonnes,307,Carbon dioxide equivalents
2018.03,ZZ9,Total industry,Nitrous oxide,Seasonally adjusted,Kilotonnes,1726,Carbon dioxide equivalents
2018.03,ZZ9,Total industry,Methane,Actual,Kilotonnes,10901,Carbon dioxide equivalents
2018.03,ZZ9,Total industry,Carbon dioxide,Actual,Kilotonnes,7442,Carbon dioxide equivalents
2018.03,ZZ9,Total industry,Carbon dioxide equivalents,Actual,Kilotonnes,20371,Carbon dioxide equivalents
2018.03,ZZ9,Total industry,Fluorinated gases,Actual,Kilotonnes,307,Carbon dioxide equivalents
2018.03,ZZ9,Total industry,Nitrous oxide,Actual,Kilotonnes,1721,Carbon dioxide equivalents
2018.06,ZZ9,Total industry,Methane,Seasonally adjusted,Kilotonnes,9548,Carbon dioxide equivalents
2018.06,ZZ9,Total industry,Carbon dioxide,Seasonally adjusted,Kilotonnes,7296,Carbon dioxide equivalents
2018.06,ZZ9,Total industry,Carbon dioxide equivalents,Seasonally adjusted,Kilotonnes,18913,Carbon dioxide equivalents
2018.06,ZZ9,Total industry,Fluorinated gases,Seasonally adjusted,Kilotonnes,310,Carbon dioxide equivalents
2018.06,ZZ9,Total industry,Nitrous oxide,Seasonally adjusted,Kilotonnes,1746,Carbon dioxide equivalents
2018.06,ZZ9,Total industry,Methane,Actual,Kilotonnes,7760,Carbon dioxide equivalents
2018.06,ZZ9,Total industry,Carbon dioxide,Actual,Kilotonnes,7008,Carbon dioxide equivalents
2018.06,ZZ9,Total industry,Carbon dioxide equivalents,Actual,Kilotonnes,16706,Carbon dioxide equivalents
2018.06,ZZ9,Total industry,Fluorinated gases,Actual,Kilotonnes,310,Carbon dioxide equivalents
2018.06,ZZ9,Total industry,Nitrous oxide,Actual,Kilotonnes,1627,Carbon dioxide equivalents
2018.09,ZZ9,Total industry,Methane,Seasonally adjusted,Kilotonnes,9632,Carbon dioxide equivalents
2018.09,ZZ9,Total industry,Carbon dioxide,Seasonally adjusted,Kilotonnes,7467,Carbon dioxide equivalents
2018.09,ZZ9,Total industry,Carbon dioxide equivalents,Seasonally adjusted,Kilotonnes,19163,Carbon dioxide equivalents
2018.09,ZZ9,Total industry,Fluorinated gases,Seasonally adjusted,Kilotonnes,313,Carbon dioxide equivalents
2018.09,ZZ9,Total industry,Nitrous oxide,Seasonally adjusted,Kilotonnes,1758,Carbon dioxide equivalents
2018.09,ZZ9,Total industry,Methane,Actual,Kilotonnes,8283,Carbon dioxide equivalents
2018.09,ZZ9,Total industry,Carbon dioxide,Actual,Kilotonnes,7468,Carbon dioxide equivalents
2018.09,ZZ9,Total industry,Carbon dioxide equivalents,Actual,Kilotonnes,17870,Carbon dioxide equivalents
2018.09,ZZ9,Total industry,Fluorinated gases,Actual,Kilotonnes,313,Carbon dioxide equivalents
2018.09,ZZ9,Total industry,Nitrous oxide,Actual,Kilotonnes,1806,Carbon dioxide equivalents
2018.12,ZZ9,Total industry,Methane,Seasonally adjusted,Kilotonnes,9632,Carbon dioxide equivalents
2018.12,ZZ9,Total industry,Carbon dioxide,Seasonally adjusted,Kilotonnes,7841,Carbon dioxide equivalents
2018.12,ZZ9,Total industry,Carbon dioxide equivalents,Seasonally adjusted,Kilotonnes,19515,Carbon dioxide equivalents
2018.12,ZZ9,Total industry,Fluorinated gases,Seasonally adjusted,Kilotonnes,319,Carbon dioxide equivalents
2018.12,ZZ9,Total industry,Nitrous oxide,Seasonally adjusted,Kilotonnes,1760,Carbon dioxide equivalents
2018.12,ZZ9,Total industry,Methane,Actual,Kilotonnes,11285,Carbon dioxide equivalents
2018.12,ZZ9,Total industry,Carbon dioxide,Actual,Kilotonnes,8049,Carbon dioxide equivalents
2018.12,ZZ9,Total industry,Carbon dioxide equivalents,Actual,Kilotonnes,21489,Carbon dioxide equivalents
2018.12,ZZ9,Total industry,Fluorinated gases,Actual,Kilotonnes,319,Carbon dioxide equivalents
2018.12,ZZ9,Total industry,Nitrous oxide,Actual,Kilotonnes,1836,Carbon dioxide equivalents
2019.03,ZZ9,Total industry,Methane,Seasonally adjusted,Kilotonnes,9574,Carbon dioxide equivalents
2019.03,ZZ9,Total industry,Carbon dioxide,Seasonally adjusted,Kilotonnes,7935,Carbon dioxide equivalents
2019.03,ZZ9,Total industry,Carbon dioxide equivalents,Seasonally adjusted,Kilotonnes,19540,Carbon dioxide equivalents
2019.03,ZZ9,Total industry,Fluorinated gases,Seasonally adjusted,Kilotonnes,320,Carbon dioxide equivalents
2019.03,ZZ9,Total industry,Nitrous oxide,Seasonally adjusted,Kilotonnes,1750,Carbon dioxide equivalents
2019.03,ZZ9,Total industry,Methane,Actual,Kilotonnes,11059,Carbon dioxide equivalents
2019.03,ZZ9,Total industry,Carbon dioxide,Actual,Kilotonnes,8020,Carbon dioxide equivalents
2019.03,ZZ9,Total industry,Carbon dioxide equivalents,Actual,Kilotonnes,21145,Carbon dioxide equivalents
2019.03,ZZ9,Total industry,Fluorinated gases,Actual,Kilotonnes,320,Carbon dioxide equivalents
2019.03,ZZ9,Total industry,Nitrous oxide,Actual,Kilotonnes,1746,Carbon dioxide equivalents
2019.06,ZZ9,Total industry,Methane,Seasonally adjusted,Kilotonnes,9607,Carbon dioxide equivalents
2019.06,ZZ9,Total industry,Carbon dioxide,Seasonally adjusted,Kilotonnes,7479,Carbon dioxide equivalents
2019.06,ZZ9,Total industry,Carbon dioxide equivalents,Seasonally adjusted,Kilotonnes,19208,Carbon dioxide equivalents
2019.06,ZZ9,Total industry,Fluorinated gases,Seasonally adjusted,Kilotonnes,322,Carbon dioxide equivalents
2019.06,ZZ9,Total industry,Nitrous oxide,Seasonally adjusted,Kilotonnes,1752,Carbon dioxide equivalents
2019.06,ZZ9,Total industry,Methane,Actual,Kilotonnes,7822,Carbon dioxide equivalents
2019.06,ZZ9,Total industry,Carbon dioxide,Actual,Kilotonnes,7252,Carbon dioxide equivalents
2019.06,ZZ9,Total industry,Carbon dioxide equivalents,Actual,Kilotonnes,17031,Carbon dioxide equivalents
2019.06,ZZ9,Total industry,Fluorinated gases,Actual,Kilotonnes,322,Carbon dioxide equivalents
2019.06,ZZ9,Total industry,Nitrous oxide,Actual,Kilotonnes,1635,Carbon dioxide equivalents
2019.09,ZZ9,Total industry,Methane,Seasonally adjusted,Kilotonnes,9578,Carbon dioxide equivalents
2019.09,ZZ9,Total industry,Carbon dioxide,Seasonally adjusted,Kilotonnes,7784,Carbon dioxide equivalents
2019.09,ZZ9,Total industry,Carbon dioxide equivalents,Seasonally adjusted,Kilotonnes,19435,Carbon dioxide equivalents
2019.09,ZZ9,Total industry,Fluorinated gases,Seasonally adjusted,Kilotonnes,321,Carbon dioxide equivalents
2019.09,ZZ9,Total industry,Nitrous oxide,Seasonally adjusted,Kilotonnes,1749,Carbon dioxide equivalents
2019.09,ZZ9,Total industry,Methane,Actual,Kilotonnes,8224,Carbon dioxide equivalents
2019.09,ZZ9,Total industry,Carbon dioxide,Actual,Kilotonnes,7736,Carbon dioxide equivalents
2019.09,ZZ9,Total industry,Carbon dioxide equivalents,Actual,Kilotonnes,18075,Carbon dioxide equivalents
2019.09,ZZ9,Total industry,Fluorinated gases,Actual,Kilotonnes,321,Carbon dioxide equivalents
2019.09,ZZ9,Total industry,Nitrous oxide,Actual,Kilotonnes,1794,Carbon dioxide equivalents
2019.12,ZZ9,Total industry,Methane,Seasonally adjusted,Kilotonnes,9586,Carbon dioxide equivalents
2019.12,ZZ9,Total industry,Carbon dioxide,Seasonally adjusted,Kilotonnes,7775,Carbon dioxide equivalents
2019.12,ZZ9,Total industry,Carbon dioxide equivalents,Seasonally adjusted,Kilotonnes,19392,Carbon dioxide equivalents
2019.12,ZZ9,Total industry,Fluorinated gases,Seasonally adjusted,Kilotonnes,319,Carbon dioxide equivalents
2019.12,ZZ9,Total industry,Nitrous oxide,Seasonally adjusted,Kilotonnes,1753,Carbon dioxide equivalents
2019.12,ZZ9,Total industry,Methane,Actual,Kilotonnes,11233,Carbon dioxide equivalents
2019.12,ZZ9,Total industry,Carbon dioxide,Actual,Kilotonnes,7922,Carbon dioxide equivalents
2019.12,ZZ9,Total industry,Carbon dioxide equivalents,Actual,Kilotonnes,21303,Carbon dioxide equivalents
2019.12,ZZ9,Total industry,Fluorinated gases,Actual,Kilotonnes,319,Carbon dioxide equivalents
2019.12,ZZ9,Total industry,Nitrous oxide,Actual,Kilotonnes,1829,Carbon dioxide equivalents
2020.03,ZZ9,Total industry,Methane,Seasonally adjusted,Kilotonnes,9545,Carbon dioxide equivalents
2020.03,ZZ9,Total industry,Carbon dioxide,Seasonally adjusted,Kilotonnes,7300,Carbon dioxide equivalents
2020.03,ZZ9,Total industry,Carbon dioxide equivalents,Seasonally adjusted,Kilotonnes,18907,Carbon dioxide equivalents
2020.03,ZZ9,Total industry,Fluorinated gases,Seasonally adjusted,Kilotonnes,313,Carbon dioxide equivalents
2020.03,ZZ9,Total industry,Nitrous oxide,Seasonally adjusted,Kilotonnes,1753,Carbon dioxide equivalents
2020.03,ZZ9,Total industry,Methane,Actual,Kilotonnes,11023,Carbon dioxide equivalents
2020.03,ZZ9,Total industry,Carbon dioxide,Actual,Kilotonnes,7420,Carbon dioxide equivalents
2020.03,ZZ9,Total industry,Carbon dioxide equivalents,Actual,Kilotonnes,20504,Carbon dioxide equivalents
2020.03,ZZ9,Total industry,Fluorinated gases,Actual,Kilotonnes,313,Carbon dioxide equivalents
2020.03,ZZ9,Total industry,Nitrous oxide,Actual,Kilotonnes,1748,Carbon dioxide equivalents
2020.06,ZZ9,Total industry,Methane,Seasonally adjusted,Kilotonnes,9398,Carbon dioxide equivalents
2020.06,ZZ9,Total industry,Carbon dioxide,Seasonally adjusted,Kilotonnes,5985,Carbon dioxide equivalents
2020.06,ZZ9,Total industry,Carbon dioxide equivalents,Seasonally adjusted,Kilotonnes,17368,Carbon dioxide equivalents
2020.06,ZZ9,Total industry,Fluorinated gases,Seasonally adjusted,Kilotonnes,312,Carbon dioxide equivalents
2020.06,ZZ9,Total industry,Nitrous oxide,Seasonally adjusted,Kilotonnes,1733,Carbon dioxide equivalents
2020.06,ZZ9,Total industry,Methane,Actual,Kilotonnes,7668,Carbon dioxide equivalents
2020.06,ZZ9,Total industry,Carbon dioxide,Actual,Kilotonnes,5845,Carbon dioxide equivalents
2020.06,ZZ9,Total industry,Carbon dioxide equivalents,Actual,Kilotonnes,15444,Carbon dioxide equivalents
2020.06,ZZ9,Total industry,Fluorinated gases,Actual,Kilotonnes,312,Carbon dioxide equivalents
2020.06,ZZ9,Total industry,Nitrous oxide,Actual,Kilotonnes,1619,Carbon dioxide equivalents
2020.09,ZZ9,Total industry,Methane,Seasonally adjusted,Kilotonnes,9593,Carbon dioxide equivalents
2020.09,ZZ9,Total industry,Carbon dioxide,Seasonally adjusted,Kilotonnes,7132,Carbon dioxide equivalents
2020.09,ZZ9,Total industry,Carbon dioxide equivalents,Seasonally adjusted,Kilotonnes,18760,Carbon dioxide equivalents
2020.09,ZZ9,Total industry,Fluorinated gases,Seasonally adjusted,Kilotonnes,325,Carbon dioxide equivalents
2020.09,ZZ9,Total industry,Nitrous oxide,Seasonally adjusted,Kilotonnes,1763,Carbon dioxide equivalents
2020.09,ZZ9,Total industry,Methane,Actual,Kilotonnes,8215,Carbon dioxide equivalents
2020.09,ZZ9,Total industry,Carbon dioxide,Actual,Kilotonnes,7064,Carbon dioxide equivalents
2020.09,ZZ9,Total industry,Carbon dioxide equivalents,Actual,Kilotonnes,17409,Carbon dioxide equivalents
2020.09,ZZ9,Total industry,Fluorinated gases,Actual,Kilotonnes,325,Carbon dioxide equivalents
2020.09,ZZ9,Total industry,Nitrous oxide,Actual,Kilotonnes,1805,Carbon dioxide equivalents
2020.12,ZZ9,Total industry,Methane,Seasonally adjusted,Kilotonnes,9599,Carbon dioxide equivalents
2020.12,ZZ9,Total industry,Carbon dioxide,Seasonally adjusted,Kilotonnes,7002,Carbon dioxide equivalents
2020.12,ZZ9,Total industry,Carbon dioxide equivalents,Seasonally adjusted,Kilotonnes,18714,Carbon dioxide equivalents
2020.12,ZZ9,Total industry,Fluorinated gases,Seasonally adjusted,Kilotonnes,344,Carbon dioxide equivalents
2020.12,ZZ9,Total industry,Nitrous oxide,Seasonally adjusted,Kilotonnes,1757,Carbon dioxide equivalents
2020.12,ZZ9,Total industry,Methane,Actual,Kilotonnes,11256,Carbon dioxide equivalents
2020.12,ZZ9,Total industry,Carbon dioxide,Actual,Kilotonnes,7080,Carbon dioxide equivalents
2020.12,ZZ9,Total industry,Carbon dioxide equivalents,Actual,Kilotonnes,20515,Carbon dioxide equivalents
2020.12,ZZ9,Total industry,Fluorinated gases,Actual,Kilotonnes,344,Carbon dioxide equivalents
2020.12,ZZ9,Total industry,Nitrous oxide,Actual,Kilotonnes,1835,Carbon dioxide equivalents
2021.03,ZZ9,Total industry,Methane,Seasonally adjusted,Kilotonnes,9644,Carbon dioxide equivalents
2021.03,ZZ9,Total industry,Carbon dioxide,Seasonally adjusted,Kilotonnes,7066,Carbon dioxide equivalents
2021.03,ZZ9,Total industry,Carbon dioxide equivalents,Seasonally adjusted,Kilotonnes,18847,Carbon dioxide equivalents
2021.03,ZZ9,Total industry,Fluorinated gases,Seasonally adjusted,Kilotonnes,368,Carbon dioxide equivalents
2021.03,ZZ9,Total industry,Nitrous oxide,Seasonally adjusted,Kilotonnes,1760,Carbon dioxide equivalents
2021.03,ZZ9,Total industry,Methane,Actual,Kilotonnes,11144,Carbon dioxide equivalents
2021.03,ZZ9,Total industry,Carbon dioxide,Actual,Kilotonnes,7197,Carbon dioxide equivalents
2021.03,ZZ9,Total industry,Carbon dioxide equivalents,Actual,Kilotonnes,20465,Carbon dioxide equivalents
2021.03,ZZ9,Total industry,Fluorinated gases,Actual,Kilotonnes,368,Carbon dioxide equivalents
2021.03,ZZ9,Total industry,Nitrous oxide,Actual,Kilotonnes,1756,Carbon dioxide equivalents
2021.06,ZZ9,Total industry,Methane,Seasonally adjusted,Kilotonnes,9609,Carbon dioxide equivalents
2021.06,ZZ9,Total industry,Carbon dioxide,Seasonally adjusted,Kilotonnes,7448,Carbon dioxide equivalents
2021.06,ZZ9,Total industry,Carbon dioxide equivalents,Seasonally adjusted,Kilotonnes,19284,Carbon dioxide equivalents
2021.06,ZZ9,Total industry,Fluorinated gases,Seasonally adjusted,Kilotonnes,385,Carbon dioxide equivalents
2021.06,ZZ9,Total industry,Nitrous oxide,Seasonally adjusted,Kilotonnes,1754,Carbon dioxide equivalents
2021.06,ZZ9,Total industry,Methane,Actual,Kilotonnes,7845,Carbon dioxide equivalents
2021.06,ZZ9,Total industry,Carbon dioxide,Actual,Kilotonnes,7328,Carbon dioxide equivalents
2021.06,ZZ9,Total industry,Carbon dioxide equivalents,Actual,Kilotonnes,17197,Carbon dioxide equivalents
2021.06,ZZ9,Total industry,Fluorinated gases,Actual,Kilotonnes,385,Carbon dioxide equivalents
2021.06,ZZ9,Total industry,Nitrous oxide,Actual,Kilotonnes,1639,Carbon dioxide equivalents
2021.09,ZZ9,Total industry,Methane,Seasonally adjusted,Kilotonnes,9476,Carbon dioxide equivalents
2021.09,ZZ9,Total industry,Carbon dioxide,Seasonally adjusted,Kilotonnes,6367,Carbon dioxide equivalents
2021.09,ZZ9,Total industry,Carbon dioxide equivalents,Seasonally adjusted,Kilotonnes,17884,Carbon dioxide equivalents
2021.09,ZZ9,Total industry,Fluorinated gases,Seasonally adjusted,Kilotonnes,392,Carbon dioxide equivalents
2021.09,ZZ9,Total industry,Nitrous oxide,Seasonally adjusted,Kilotonnes,1731,Carbon dioxide equivalents
2021.09,ZZ9,Total industry,Methane,Actual,Kilotonnes,8100,Carbon dioxide equivalents
2021.09,ZZ9,Total industry,Carbon dioxide,Actual,Kilotonnes,6314,Carbon dioxide equivalents
2021.09,ZZ9,Total industry,Carbon dioxide equivalents,Actual,Kilotonnes,16577,Carbon dioxide equivalents
2021.09,ZZ9,Total industry,Fluorinated gases,Actual,Kilotonnes,392,Carbon dioxide equivalents
2021.09,ZZ9,Total industry,Nitrous oxide,Actual,Kilotonnes,1771,Carbon dioxide equivalents
2021.12,ZZ9,Total industry,Methane,Seasonally adjusted,Kilotonnes,9396,Carbon dioxide equivalents
2021.12,ZZ9,Total industry,Carbon dioxide,Seasonally adjusted,Kilotonnes,6448,Carbon dioxide equivalents
2021.12,ZZ9,Total industry,Carbon dioxide equivalents,Seasonally adjusted,Kilotonnes,17980,Carbon dioxide equivalents
2021.12,ZZ9,Total industry,Fluorinated gases,Seasonally adjusted,Kilotonnes,393,Carbon dioxide equivalents
2021.12,ZZ9,Total industry,Nitrous oxide,Seasonally adjusted,Kilotonnes,1714,Carbon dioxide equivalents
2021.12,ZZ9,Total industry,Methane,Actual,Kilotonnes,11023,Carbon dioxide equivalents
2021.12,ZZ9,Total industry,Carbon dioxide,Actual,Kilotonnes,6449,Carbon dioxide equivalents
2021.12,ZZ9,Total industry,Carbon dioxide equivalents,Actual,Kilotonnes,19657,Carbon dioxide equivalents
2021.12,ZZ9,Total industry,Fluorinated gases,Actual,Kilotonnes,393,Carbon dioxide equivalents
2021.12,ZZ9,Total industry,Nitrous oxide,Actual,Kilotonnes,1792,Carbon dioxide equivalents
2022.03,ZZ9,Total industry,Methane,Seasonally adjusted,Kilotonnes,9392,Carbon dioxide equivalents
2022.03,ZZ9,Total industry,Carbon dioxide,Seasonally adjusted,Kilotonnes,6786,Carbon dioxide equivalents
2022.03,ZZ9,Total industry,Carbon dioxide equivalents,Seasonally adjusted,Kilotonnes,18274,Carbon dioxide equivalents
2022.03,ZZ9,Total industry,Fluorinated gases,Seasonally adjusted,Kilotonnes,383,Carbon dioxide equivalents
2022.03,ZZ9,Total industry,Nitrous oxide,Seasonally adjusted,Kilotonnes,1709,Carbon dioxide equivalents
2022.03,ZZ9,Total industry,Methane,Actual,Kilotonnes,10856,Carbon dioxide equivalents
2022.03,ZZ9,Total industry,Carbon dioxide,Actual,Kilotonnes,6930,Carbon dioxide equivalents
2022.03,ZZ9,Total industry,Carbon dioxide equivalents,Actual,Kilotonnes,19875,Carbon dioxide equivalents
2022.03,ZZ9,Total industry,Fluorinated gases,Actual,Kilotonnes,383,Carbon dioxide equivalents
2022.03,ZZ9,Total industry,Nitrous oxide,Actual,Kilotonnes,1705,Carbon dioxide equivalents
2022.06,ZZ9,Total industry,Methane,Seasonally adjusted,Kilotonnes,9324,Carbon dioxide equivalents
2022.06,ZZ9,Total industry,Carbon dioxide,Seasonally adjusted,Kilotonnes,6591,Carbon dioxide equivalents
2022.06,ZZ9,Total industry,Carbon dioxide equivalents,Seasonally adjusted,Kilotonnes,18005,Carbon dioxide equivalents
2022.06,ZZ9,Total industry,Fluorinated gases,Seasonally adjusted,Kilotonnes,368,Carbon dioxide equivalents
2022.06,ZZ9,Total industry,Nitrous oxide,Seasonally adjusted,Kilotonnes,1694,Carbon dioxide equivalents
2022.06,ZZ9,Total industry,Methane,Actual,Kilotonnes,7616,Carbon dioxide equivalents
2022.06,ZZ9,Total industry,Carbon dioxide,Actual,Kilotonnes,6515,Carbon dioxide equivalents
2022.06,ZZ9,Total industry,Carbon dioxide equivalents,Actual,Kilotonnes,16081,Carbon dioxide equivalents
2022.06,ZZ9,Total industry,Fluorinated gases,Actual,Kilotonnes,368,Carbon dioxide equivalents
2022.06,ZZ9,Total industry,Nitrous oxide,Actual,Kilotonnes,1582,Carbon dioxide equivalents
2022.09,ZZ9,Total industry,Methane,Seasonally adjusted,Kilotonnes,9261,Carbon dioxide equivalents
2022.09,ZZ9,Total industry,Carbon dioxide,Seasonally adjusted,Kilotonnes,6082,Carbon dioxide equivalents
2022.09,ZZ9,Total industry,Carbon dioxide equivalents,Seasonally adjusted,Kilotonnes,17288,Carbon dioxide equivalents
2022.09,ZZ9,Total industry,Fluorinated gases,Seasonally adjusted,Kilotonnes,350,Carbon dioxide equivalents
2022.09,ZZ9,Total industry,Nitrous oxide,Seasonally adjusted,Kilotonnes,1679,Carbon dioxide equivalents
2022.09,ZZ9,Total industry,Methane,Actual,Kilotonnes,7906,Carbon dioxide equivalents
2022.09,ZZ9,Total industry,Carbon dioxide,Actual,Kilotonnes,6057,Carbon dioxide equivalents
2022.09,ZZ9,Total industry,Carbon dioxide equivalents,Actual,Kilotonnes,16029,Carbon dioxide equivalents
2022.09,ZZ9,Total industry,Fluorinated gases,Actual,Kilotonnes,350,Carbon dioxide equivalents
2022.09,ZZ9,Total industry,Nitrous oxide,Actual,Kilotonnes,1717,Carbon dioxide equivalents
2022.12,ZZ9,Total industry,Methane,Seasonally adjusted,Kilotonnes,9256,Carbon dioxide equivalents
2022.12,ZZ9,Total industry,Carbon dioxide,Seasonally adjusted,Kilotonnes,6044,Carbon dioxide equivalents
2022.12,ZZ9,Total industry,Carbon dioxide equivalents,Seasonally adjusted,Kilotonnes,17352,Carbon dioxide equivalents
2022.12,ZZ9,Total industry,Fluorinated gases,Seasonally adjusted,Kilotonnes,325,Carbon dioxide equivalents
2022.12,ZZ9,Total industry,Nitrous oxide,Seasonally adjusted,Kilotonnes,1670,Carbon dioxide equivalents
2022.12,ZZ9,Total industry,Methane,Actual,Kilotonnes,10860,Carbon dioxide equivalents
2022.12,ZZ9,Total industry,Carbon dioxide,Actual,Kilotonnes,5995,Carbon dioxide equivalents
2022.12,ZZ9,Total industry,Carbon dioxide equivalents,Actual,Kilotonnes,18927,Carbon dioxide equivalents
2022.12,ZZ9,Total industry,Fluorinated gases,Actual,Kilotonnes,325,Carbon dioxide equivalents
2022.12,ZZ9,Total industry,Nitrous oxide,Actual,Kilotonnes,1747,Carbon dioxide equivalents
2023.03,ZZ9,Total industry,Methane,Seasonally adjusted,Kilotonnes,9170,Carbon dioxide equivalents
2023.03,ZZ9,Total industry,Carbon dioxide,Seasonally adjusted,Kilotonnes,6123,Carbon dioxide equivalents
2023.03,ZZ9,Total industry,Carbon dioxide equivalents,Seasonally adjusted,Kilotonnes,17270,Carbon dioxide equivalents
2023.03,ZZ9,Total industry,Fluorinated gases,Seasonally adjusted,Kilotonnes,295,Carbon dioxide equivalents
2023.03,ZZ9,Total industry,Nitrous oxide,Seasonally adjusted,Kilotonnes,1648,Carbon dioxide equivalents
2023.03,ZZ9,Total industry,Methane,Actual,Kilotonnes,10605,Carbon dioxide equivalents
2023.03,ZZ9,Total industry,Carbon dioxide,Actual,Kilotonnes,6248,Carbon dioxide equivalents
2023.03,ZZ9,Total industry,Carbon dioxide equivalents,Actual,Kilotonnes,18792,Carbon dioxide equivalents
2023.03,ZZ9,Total industry,Fluorinated gases,Actual,Kilotonnes,295,Carbon dioxide equivalents
2023.03,ZZ9,Total industry,Nitrous oxide,Actual,Kilotonnes,1645,Carbon dioxide equivalents
2023.06,ZZ9,Total industry,Methane,Seasonally adjusted,Kilotonnes,9193,Carbon dioxide equivalents
2023.06,ZZ9,Total industry,Carbon dioxide,Seasonally adjusted,Kilotonnes,6001,Carbon dioxide equivalents
2023.06,ZZ9,Total industry,Carbon dioxide equivalents,Seasonally adjusted,Kilotonnes,17069,Carbon dioxide equivalents
2023.06,ZZ9,Total industry,Fluorinated gases,Seasonally adjusted,Kilotonnes,273,Carbon dioxide equivalents
2023.06,ZZ9,Total industry,Nitrous oxide,Seasonally adjusted,Kilotonnes,1643,Carbon dioxide equivalents
2023.06,ZZ9,Total industry,Methane,Actual,Kilotonnes,7507,Carbon dioxide equivalents
2023.06,ZZ9,Total industry,Carbon dioxide,Actual,Kilotonnes,5954,Carbon dioxide equivalents
2023.06,ZZ9,Total industry,Carbon dioxide equivalents,Actual,Kilotonnes,15267,Carbon dioxide equivalents
2023.06,ZZ9,Total industry,Fluorinated gases,Actual,Kilotonnes,273,Carbon dioxide equivalents
2023.06,ZZ9,Total industry,Nitrous oxide,Actual,Kilotonnes,1533,Carbon dioxide equivalents
2023.09,ZZ9,Total industry,Methane,Seasonally adjusted,Kilotonnes,9061,Carbon dioxide equivalents
2023.09,ZZ9,Total industry,Carbon dioxide,Seasonally adjusted,Kilotonnes,6721,Carbon dioxide equivalents
2023.09,ZZ9,Total industry,Carbon dioxide equivalents,Seasonally adjusted,Kilotonnes,17670,Carbon dioxide equivalents
2023.09,ZZ9,Total industry,Fluorinated gases,Seasonally adjusted,Kilotonnes,259,Carbon dioxide equivalents
2023.09,ZZ9,Total industry,Nitrous oxide,Seasonally adjusted,Kilotonnes,1638,Carbon dioxide equivalents
2023.09,ZZ9,Total industry,Methane,Actual,Kilotonnes,7733,Carbon dioxide equivalents
2023.09,ZZ9,Total industry,Carbon dioxide,Actual,Kilotonnes,6722,Carbon dioxide equivalents
2023.09,ZZ9,Total industry,Carbon dioxide equivalents,Actual,Kilotonnes,16389,Carbon dioxide equivalents
2023.09,ZZ9,Total industry,Fluorinated gases,Actual,Kilotonnes,259,Carbon dioxide equivalents
2023.09,ZZ9,Total industry,Nitrous oxide,Actual,Kilotonnes,1675,Carbon dioxide equivalents
2023.12,ZZ9,Total industry,Methane,Seasonally adjusted,Kilotonnes,9130,Carbon dioxide equivalents
2023.12,ZZ9,Total industry,Carbon dioxide,Seasonally adjusted,Kilotonnes,6782,Carbon dioxide equivalents
2023.12,ZZ9,Total industry,Carbon dioxide equivalents,Seasonally adjusted,Kilotonnes,17792,Carbon dioxide equivalents
2023.12,ZZ9,Total industry,Fluorinated gases,Seasonally adjusted,Kilotonnes,253,Carbon dioxide equivalents
2023.12,ZZ9,Total industry,Nitrous oxide,Seasonally adjusted,Kilotonnes,1652,Carbon dioxide equivalents
2023.12,ZZ9,Total industry,Methane,Actual,Kilotonnes,10713,Carbon dioxide equivalents
2023.12,ZZ9,Total industry,Carbon dioxide,Actual,Kilotonnes,6688,Carbon dioxide equivalents
2023.12,ZZ9,Total industry,Carbon dioxide equivalents,Actual,Kilotonnes,19384,Carbon dioxide equivalents
2023.12,ZZ9,Total industry,Fluorinated gases,Actual,Kilotonnes,253,Carbon dioxide equivalents
2023.12,ZZ9,Total industry,Nitrous oxide,Actual,Kilotonnes,1729,Carbon dioxide equivalents
2024.03,ZZ9,Total industry,Methane,Seasonally adjusted,Kilotonnes,9129,Carbon dioxide equivalents
2024.03,ZZ9,Total industry,Carbon dioxide,Seasonally adjusted,Kilotonnes,6399,Carbon dioxide equivalents
2024.03,ZZ9,Total industry,Carbon dioxide equivalents,Seasonally adjusted,Kilotonnes,17459,Carbon dioxide equivalents
2024.03,ZZ9,Total industry,Fluorinated gases,Seasonally adjusted,Kilotonnes,255,Carbon dioxide equivalents
2024.03,ZZ9,Total industry,Nitrous oxide,Seasonally adjusted,Kilotonnes,1667,Carbon dioxide equivalents
2024.03,ZZ9,Total industry,Methane,Actual,Kilotonnes,10559,Carbon dioxide equivalents
2024.03,ZZ9,Total industry,Carbon dioxide,Actual,Kilotonnes,6527,Carbon dioxide equivalents
2024.03,ZZ9,Total industry,Carbon dioxide equivalents,Actual,Kilotonnes,19003,Carbon dioxide equivalents
2024.03,ZZ9,Total industry,Fluorinated gases,Actual,Kilotonnes,255,Carbon dioxide equivalents
2024.03,ZZ9,Total industry,Nitrous oxide,Actual,Kilotonnes,1663,Carbon dioxide equivalents
2024.06,ZZ9,Total industry,Methane,Seasonally adjusted,Kilotonnes,9052,Carbon dioxide equivalents
2024.06,ZZ9,Total industry,Carbon dioxide,Seasonally adjusted,Kilotonnes,6698,Carbon dioxide equivalents
2024.06,ZZ9,Total industry,Carbon dioxide equivalents,Seasonally adjusted,Kilotonnes,17719,Carbon dioxide equivalents
2024.06,ZZ9,Total industry,Fluorinated gases,Seasonally adjusted,Kilotonnes,256,Carbon dioxide equivalents
2024.06,ZZ9,Total industry,Nitrous oxide,Seasonally adjusted,Kilotonnes,1668,Carbon dioxide equivalents
2024.06,ZZ9,Total industry,Methane,Actual,Kilotonnes,7391,Carbon dioxide equivalents
2024.06,ZZ9,Total industry,Carbon dioxide,Actual,Kilotonnes,6638,Carbon dioxide equivalents
2024.06,ZZ9,Total industry,Carbon dioxide equivalents,Actual,Kilotonnes,15840,Carbon dioxide equivalents
2024.06,ZZ9,Total industry,Fluorinated gases,Actual,Kilotonnes,256,Carbon dioxide equivalents
2024.06,ZZ9,Total industry,Nitrous oxide,Actual,Kilotonnes,1556,Carbon dioxide equivalents
2024.09,ZZ9,Total industry,Methane,Seasonally adjusted,Kilotonnes,9088,Carbon dioxide equivalents
2024.09,ZZ9,Total industry,Carbon dioxide,Seasonally adjusted,Kilotonnes,6575,Carbon dioxide equivalents
2024.09,ZZ9,Total industry,Carbon dioxide equivalents,Seasonally adjusted,Kilotonnes,17589,Carbon dioxide equivalents
2024.09,ZZ9,Total industry,Fluorinated gases,Seasonally adjusted,Kilotonnes,253,Carbon dioxide equivalents
2024.09,ZZ9,Total industry,Nitrous oxide,Seasonally adjusted,Kilotonnes,1674,Carbon dioxide equivalents
2024.09,ZZ9,Total industry,Methane,Actual,Kilotonnes,7757,Carbon dioxide equivalents
2024.09,ZZ9,Total industry,Carbon dioxide,Actual,Kilotonnes,6614,Carbon dioxide equivalents
2024.09,ZZ9,Total industry,Carbon dioxide equivalents,Actual,Kilotonnes,16338,Carbon dioxide equivalents
2024.09,ZZ9,Total industry,Fluorinated gases,Actual,Kilotonnes,253,Carbon dioxide equivalents
2024.09,ZZ9,Total industry,Nitrous oxide,Actual,Kilotonnes,1713,Carbon dioxide equivalents
2024.12,ZZ9,Total industry,Methane,Seasonally adjusted,Kilotonnes,9054,Carbon dioxide equivalents
2024.12,ZZ9,Total industry,Carbon dioxide,Seasonally adjusted,Kilotonnes,6159,Carbon dioxide equivalents
2024.12,ZZ9,Total industry,Carbon dioxide equivalents,Seasonally adjusted,Kilotonnes,17159,Carbon dioxide equivalents
2024.12,ZZ9,Total industry,Fluorinated gases,Seasonally adjusted,Kilotonnes,258,Carbon dioxide equivalents
2024.12,ZZ9,Total industry,Nitrous oxide,Seasonally adjusted,Kilotonnes,1667,Carbon dioxide equivalents
2024.12,ZZ9,Total industry,Methane,Actual,Kilotonnes,10622,Carbon dioxide equivalents
2024.12,ZZ9,Total industry,Carbon dioxide,Actual,Kilotonnes,6068,Carbon dioxide equivalents
2024.12,ZZ9,Total industry,Carbon dioxide equivalents,Actual,Kilotonnes,18692,Carbon dioxide equivalents
2024.12,ZZ9,Total industry,Fluorinated gases,Actual,Kilotonnes,258,Carbon dioxide equivalents
2024.12,ZZ9,Total industry,Nitrous oxide,Actual,Kilotonnes,1745,Carbon dioxide equivalents
2025.03,ZZ9,Total industry,Methane,Seasonally adjusted,Kilotonnes,8963,Carbon dioxide equivalents
2025.03,ZZ9,Total industry,Carbon dioxide,Seasonally adjusted,Kilotonnes,6423,Carbon dioxide equivalents
2025.03,ZZ9,Total industry,Carbon dioxide equivalents,Seasonally adjusted,Kilotonnes,17285,Carbon dioxide equivalents
2025.03,ZZ9,Total industry,Fluorinated gases,Seasonally adjusted,Kilotonnes,264,Carbon dioxide equivalents
2025.03,ZZ9,Total industry,Nitrous oxide,Seasonally adjusted,Kilotonnes,1642,Carbon dioxide equivalents
2025.03,ZZ9,Total industry,Methane,Actual,Kilotonnes,10371,Carbon dioxide equivalents
2025.03,ZZ9,Total industry,Carbon dioxide,Actual,Kilotonnes,6519,Carbon dioxide equivalents
2025.03,ZZ9,Total industry,Carbon dioxide equivalents,Actual,Kilotonnes,18792,Carbon dioxide equivalents
2025.03,ZZ9,Total industry,Fluorinated gases,Actual,Kilotonnes,264,Carbon dioxide equivalents
2025.03,ZZ9,Total industry,Nitrous oxide,Actual,Kilotonnes,1638,Carbon dioxide equivalents
2025.06,ZZ9,Total industry,Methane,Seasonally adjusted,Kilotonnes,9011,Carbon dioxide equivalents
2025.06,ZZ9,Total industry,Carbon dioxide,Seasonally adjusted,Kilotonnes,6178,Carbon dioxide equivalents
2025.06,ZZ9,Total industry,Carbon dioxide equivalents,Seasonally adjusted,Kilotonnes,17088,Carbon dioxide equivalents
2025.06,ZZ9,Total industry,Fluorinated gases,Seasonally adjusted,Kilotonnes,266,Carbon dioxide equivalents
2025.06,ZZ9,Total industry,Nitrous oxide,Seasonally adjusted,Kilotonnes,1644,Carbon dioxide equivalents
2025.06,ZZ9,Total industry,Methane,Actual,Kilotonnes,7353,Carbon dioxide equivalents
2025.06,ZZ9,Total industry,Carbon dioxide,Actual,Kilotonnes,6130,Carbon dioxide equivalents
2025.06,ZZ9,Total industry,Carbon dioxide equivalents,Actual,Kilotonnes,15283,Carbon dioxide equivalents
2025.06,ZZ9,Total industry,Fluorinated gases,Actual,Kilotonnes,266,Carbon dioxide equivalents
2025.06,ZZ9,Total industry,Nitrous oxide,Actual,Kilotonnes,1532,Carbon dioxide equivalents
2025.09,ZZ9,Total industry,Methane,Seasonally adjusted,Kilotonnes,9016,Carbon dioxide equivalents
2025.09,ZZ9,Total industry,Carbon dioxide,Seasonally adjusted,Kilotonnes,6016,Carbon dioxide equivalents
2025.09,ZZ9,Total industry,Carbon dioxide equivalents,Seasonally adjusted,Kilotonnes,16911,Carbon dioxide equivalents
2025.09,ZZ9,Total industry,Fluorinated gases,Seasonally adjusted,Kilotonnes,267,Carbon dioxide equivalents
2025.09,ZZ9,Total industry,Nitrous oxide,Seasonally adjusted,Kilotonnes,1643,Carbon dioxide equivalents
2025.09,ZZ9,Total industry,Methane,Actual,Kilotonnes,7701,Carbon dioxide equivalents
2025.09,ZZ9,Total industry,Carbon dioxide,Actual,Kilotonnes,6075,Carbon dioxide equivalents
2025.09,ZZ9,Total industry,Carbon dioxide equivalents,Actual,Kilotonnes,15727,Carbon dioxide equivalents
2025.09,ZZ9,Total industry,Fluorinated gases,Actual,Kilotonnes,267,Carbon dioxide equivalents
2025.09,ZZ9,Total industry,Nitrous oxide,Actual,Kilotonnes,1682,Carbon dioxide equivalents
2025.12,ZZ9,Total industry,Methane,Seasonally adjusted,Kilotonnes,8979,Carbon dioxide equivalents
2025.12,ZZ9,Total industry,Carbon dioxide,Seasonally adjusted,Kilotonnes,5948,Carbon dioxide equivalents
2025.12,ZZ9,Total industry,Carbon dioxide equivalents,Seasonally adjusted,Kilotonnes,16861,Carbon dioxide equivalents
2025.12,ZZ9,Total industry,Fluorinated gases,Seasonally adjusted,Kilotonnes,266,Carbon dioxide equivalents
2025.12,ZZ9,Total industry,Nitrous oxide,Seasonally adjusted,Kilotonnes,1636,Carbon dioxide equivalents
2025.12,ZZ9,Total industry,Methane,Actual,Kilotonnes,10531,Carbon dioxide equivalents
2025.12,ZZ9,Total industry,Carbon dioxide,Actual,Kilotonnes,5853,Carbon dioxide equivalents
2025.12,ZZ9,Total industry,Carbon dioxide equivalents,Actual,Kilotonnes,18363,Carbon dioxide equivalents
2025.12,ZZ9,Total industry,Fluorinated gases,Actual,Kilotonnes,266,Carbon dioxide equivalents
2025.12,ZZ9,Total industry,Nitrous oxide,Actual,Kilotonnes,1712,Carbon dioxide equivalents
2026.03,ZZ9,Total industry,Methane,Seasonally adjusted,Kilotonnes,9081,Carbon dioxide equivalents
2026.03,ZZ9,Total industry,Carbon dioxide,Seasonally adjusted,Kilotonnes,5783,Carbon dioxide equivalents
2026.03,ZZ9,Total industry,Carbon dioxide equivalents,Seasonally adjusted,Kilotonnes,16810,Carbon dioxide equivalents
2026.03,ZZ9,Total industry,Fluorinated gases,Seasonally adjusted,Kilotonnes,262,Carbon dioxide equivalents
2026.03,ZZ9,Total industry,Nitrous oxide,Seasonally adjusted,Kilotonnes,1643,Carbon dioxide equivalents
2026.03,ZZ9,Total industry,Methane,Actual,Kilotonnes,10509,Carbon dioxide equivalents
2026.03,ZZ9,Total industry,Carbon dioxide,Actual,Kilotonnes,5853,Carbon dioxide equivalents
2026.03,ZZ9,Total industry,Carbon dioxide equivalents,Actual,Kilotonnes,18263,Carbon dioxide equivalents
2026.03,ZZ9,Total industry,Fluorinated gases,Actual,Kilotonnes,262,Carbon dioxide equivalents
2026.03,ZZ9,Total industry,Nitrous oxide,Actual,Kilotonnes,1639,Carbon dioxide equivalents
2010.03,ZZZ,Total,Methane,Seasonally adjusted,Kilotonnes,9818,Carbon dioxide equivalents
2010.03,ZZZ,Total,Carbon dioxide,Seasonally adjusted,Kilotonnes,9320,Carbon dioxide equivalents
2010.03,ZZZ,Total,Carbon dioxide equivalents,Seasonally adjusted,Kilotonnes,20990,Carbon dioxide equivalents
2010.03,ZZZ,Total,Fluorinated gases,Seasonally adjusted,Kilotonnes,273,Carbon dioxide equivalents
2010.03,ZZZ,Total,Nitrous oxide,Seasonally adjusted,Kilotonnes,1634,Carbon dioxide equivalents
2010.03,ZZZ,Total,Methane,Actual,Kilotonnes,11279,Carbon dioxide equivalents
2010.03,ZZZ,Total,Carbon dioxide,Actual,Kilotonnes,9142,Carbon dioxide equivalents
2010.03,ZZZ,Total,Carbon dioxide equivalents,Actual,Kilotonnes,22318,Carbon dioxide equivalents
2010.03,ZZZ,Total,Fluorinated gases,Actual,Kilotonnes,273,Carbon dioxide equivalents
2010.03,ZZZ,Total,Nitrous oxide,Actual,Kilotonnes,1623,Carbon dioxide equivalents
2010.06,ZZZ,Total,Methane,Seasonally adjusted,Kilotonnes,9724,Carbon dioxide equivalents
2010.06,ZZZ,Total,Carbon dioxide,Seasonally adjusted,Kilotonnes,9089,Carbon dioxide equivalents
2010.06,ZZZ,Total,Carbon dioxide equivalents,Seasonally adjusted,Kilotonnes,20861,Carbon dioxide equivalents
2010.06,ZZZ,Total,Fluorinated gases,Seasonally adjusted,Kilotonnes,275,Carbon dioxide equivalents
2010.06,ZZZ,Total,Nitrous oxide,Seasonally adjusted,Kilotonnes,1623,Carbon dioxide equivalents
2010.06,ZZZ,Total,Methane,Actual,Kilotonnes,7896,Carbon dioxide equivalents
2010.06,ZZZ,Total,Carbon dioxide,Actual,Kilotonnes,9183,Carbon dioxide equivalents
2010.06,ZZZ,Total,Carbon dioxide equivalents,Actual,Kilotonnes,18855,Carbon dioxide equivalents
2010.06,ZZZ,Total,Fluorinated gases,Actual,Kilotonnes,275,Carbon dioxide equivalents
2010.06,ZZZ,Total,Nitrous oxide,Actual,Kilotonnes,1502,Carbon dioxide equivalents
2010.09,ZZZ,Total,Methane,Seasonally adjusted,Kilotonnes,9620,Carbon dioxide equivalents
2010.09,ZZZ,Total,Carbon dioxide,Seasonally adjusted,Kilotonnes,9208,Carbon dioxide equivalents
2010.09,ZZZ,Total,Carbon dioxide equivalents,Seasonally adjusted,Kilotonnes,20694,Carbon dioxide equivalents
2010.09,ZZZ,Total,Fluorinated gases,Seasonally adjusted,Kilotonnes,276,Carbon dioxide equivalents
2010.09,ZZZ,Total,Nitrous oxide,Seasonally adjusted,Kilotonnes,1619,Carbon dioxide equivalents
2010.09,ZZZ,Total,Methane,Actual,Kilotonnes,8354,Carbon dioxide equivalents
2010.09,ZZZ,Total,Carbon dioxide,Actual,Kilotonnes,9232,Carbon dioxide equivalents
2010.09,ZZZ,Total,Carbon dioxide equivalents,Actual,Kilotonnes,19537,Carbon dioxide equivalents
2010.09,ZZZ,Total,Fluorinated gases,Actual,Kilotonnes,276,Carbon dioxide equivalents
2010.09,ZZZ,Total,Nitrous oxide,Actual,Kilotonnes,1675,Carbon dioxide equivalents
2010.12,ZZZ,Total,Methane,Seasonally adjusted,Kilotonnes,9551,Carbon dioxide equivalents
2010.12,ZZZ,Total,Carbon dioxide,Seasonally adjusted,Kilotonnes,9319,Carbon dioxide equivalents
2010.12,ZZZ,Total,Carbon dioxide equivalents,Seasonally adjusted,Kilotonnes,20699,Carbon dioxide equivalents
2010.12,ZZZ,Total,Fluorinated gases,Seasonally adjusted,Kilotonnes,278,Carbon dioxide equivalents
2010.12,ZZZ,Total,Nitrous oxide,Seasonally adjusted,Kilotonnes,1628,Carbon dioxide equivalents
2010.12,ZZZ,Total,Methane,Actual,Kilotonnes,11181,Carbon dioxide equivalents
2010.12,ZZZ,Total,Carbon dioxide,Actual,Kilotonnes,9369,Carbon dioxide equivalents
2010.12,ZZZ,Total,Carbon dioxide equivalents,Actual,Kilotonnes,22533,Carbon dioxide equivalents
2010.12,ZZZ,Total,Fluorinated gases,Actual,Kilotonnes,278,Carbon dioxide equivalents
2010.12,ZZZ,Total,Nitrous oxide,Actual,Kilotonnes,1704,Carbon dioxide equivalents
2011.03,ZZZ,Total,Methane,Seasonally adjusted,Kilotonnes,9505,Carbon dioxide equivalents
2011.03,ZZZ,Total,Carbon dioxide,Seasonally adjusted,Kilotonnes,9146,Carbon dioxide equivalents
2011.03,ZZZ,Total,Carbon dioxide equivalents,Seasonally adjusted,Kilotonnes,20501,Carbon dioxide equivalents
2011.03,ZZZ,Total,Fluorinated gases,Seasonally adjusted,Kilotonnes,279,Carbon dioxide equivalents
2011.03,ZZZ,Total,Nitrous oxide,Seasonally adjusted,Kilotonnes,1628,Carbon dioxide equivalents
2011.03,ZZZ,Total,Methane,Actual,Kilotonnes,10927,Carbon dioxide equivalents
2011.03,ZZZ,Total,Carbon dioxide,Actual,Kilotonnes,8987,Carbon dioxide equivalents
2011.03,ZZZ,Total,Carbon dioxide equivalents,Actual,Kilotonnes,21810,Carbon dioxide equivalents
2011.03,ZZZ,Total,Fluorinated gases,Actual,Kilotonnes,279,Carbon dioxide equivalents
2011.03,ZZZ,Total,Nitrous oxide,Actual,Kilotonnes,1617,Carbon dioxide equivalents
2011.06,ZZZ,Total,Methane,Seasonally adjusted,Kilotonnes,9636,Carbon dioxide equivalents
2011.06,ZZZ,Total,Carbon dioxide,Seasonally adjusted,Kilotonnes,8499,Carbon dioxide equivalents
2011.06,ZZZ,Total,Carbon dioxide equivalents,Seasonally adjusted,Kilotonnes,20138,Carbon dioxide equivalents
2011.06,ZZZ,Total,Fluorinated gases,Seasonally adjusted,Kilotonnes,281,Carbon dioxide equivalents
2011.06,ZZZ,Total,Nitrous oxide,Seasonally adjusted,Kilotonnes,1644,Carbon dioxide equivalents
2011.06,ZZZ,Total,Methane,Actual,Kilotonnes,7814,Carbon dioxide equivalents
2011.06,ZZZ,Total,Carbon dioxide,Actual,Kilotonnes,8575,Carbon dioxide equivalents
2011.06,ZZZ,Total,Carbon dioxide equivalents,Actual,Kilotonnes,18191,Carbon dioxide equivalents
2011.06,ZZZ,Total,Fluorinated gases,Actual,Kilotonnes,281,Carbon dioxide equivalents
2011.06,ZZZ,Total,Nitrous oxide,Actual,Kilotonnes,1521,Carbon dioxide equivalents
2011.09,ZZZ,Total,Methane,Seasonally adjusted,Kilotonnes,9824,Carbon dioxide equivalents
2011.09,ZZZ,Total,Carbon dioxide,Seasonally adjusted,Kilotonnes,9372,Carbon dioxide equivalents
2011.09,ZZZ,Total,Carbon dioxide equivalents,Seasonally adjusted,Kilotonnes,21132,Carbon dioxide equivalents
2011.09,ZZZ,Total,Fluorinated gases,Seasonally adjusted,Kilotonnes,284,Carbon dioxide equivalents
2011.09,ZZZ,Total,Nitrous oxide,Seasonally adjusted,Kilotonnes,1679,Carbon dioxide equivalents
2011.09,ZZZ,Total,Methane,Actual,Kilotonnes,8533,Carbon dioxide equivalents
2011.09,ZZZ,Total,Carbon dioxide,Actual,Kilotonnes,9388,Carbon dioxide equivalents
2011.09,ZZZ,Total,Carbon dioxide equivalents,Actual,Kilotonnes,19943,Carbon dioxide equivalents
2011.09,ZZZ,Total,Fluorinated gases,Actual,Kilotonnes,284,Carbon dioxide equivalents
2011.09,ZZZ,Total,Nitrous oxide,Actual,Kilotonnes,1737,Carbon dioxide equivalents
2011.12,ZZZ,Total,Methane,Seasonally adjusted,Kilotonnes,9883,Carbon dioxide equivalents
2011.12,ZZZ,Total,Carbon dioxide,Seasonally adjusted,Kilotonnes,9307,Carbon dioxide equivalents
2011.12,ZZZ,Total,Carbon dioxide equivalents,Seasonally adjusted,Kilotonnes,21120,Carbon dioxide equivalents
2011.12,ZZZ,Total,Fluorinated gases,Seasonally adjusted,Kilotonnes,289,Carbon dioxide equivalents
2011.12,ZZZ,Total,Nitrous oxide,Seasonally adjusted,Kilotonnes,1690,Carbon dioxide equivalents
2011.12,ZZZ,Total,Methane,Actual,Kilotonnes,11575,Carbon dioxide equivalents
2011.12,ZZZ,Total,Carbon dioxide,Actual,Kilotonnes,9367,Carbon dioxide equivalents
2011.12,ZZZ,Total,Carbon dioxide equivalents,Actual,Kilotonnes,22999,Carbon dioxide equivalents
2011.12,ZZZ,Total,Fluorinated gases,Actual,Kilotonnes,289,Carbon dioxide equivalents
2011.12,ZZZ,Total,Nitrous oxide,Actual,Kilotonnes,1769,Carbon dioxide equivalents
2012.03,ZZZ,Total,Methane,Seasonally adjusted,Kilotonnes,9981,Carbon dioxide equivalents
2012.03,ZZZ,Total,Carbon dioxide,Seasonally adjusted,Kilotonnes,9395,Carbon dioxide equivalents
2012.03,ZZZ,Total,Carbon dioxide equivalents,Seasonally adjusted,Kilotonnes,21338,Carbon dioxide equivalents
2012.03,ZZZ,Total,Fluorinated gases,Seasonally adjusted,Kilotonnes,292,Carbon dioxide equivalents
2012.03,ZZZ,Total,Nitrous oxide,Seasonally adjusted,Kilotonnes,1704,Carbon dioxide equivalents
2012.03,ZZZ,Total,Methane,Actual,Kilotonnes,11479,Carbon dioxide equivalents
2012.03,ZZZ,Total,Carbon dioxide,Actual,Kilotonnes,9263,Carbon dioxide equivalents
2012.03,ZZZ,Total,Carbon dioxide equivalents,Actual,Kilotonnes,22727,Carbon dioxide equivalents
2012.03,ZZZ,Total,Fluorinated gases,Actual,Kilotonnes,292,Carbon dioxide equivalents
2012.03,ZZZ,Total,Nitrous oxide,Actual,Kilotonnes,1693,Carbon dioxide equivalents
2012.06,ZZZ,Total,Methane,Seasonally adjusted,Kilotonnes,10044,Carbon dioxide equivalents
2012.06,ZZZ,Total,Carbon dioxide,Seasonally adjusted,Kilotonnes,9867,Carbon dioxide equivalents
2012.06,ZZZ,Total,Carbon dioxide equivalents,Seasonally adjusted,Kilotonnes,22090,Carbon dioxide equivalents
2012.06,ZZZ,Total,Fluorinated gases,Seasonally adjusted,Kilotonnes,294,Carbon dioxide equivalents
2012.06,ZZZ,Total,Nitrous oxide,Seasonally adjusted,Kilotonnes,1710,Carbon dioxide equivalents
2012.06,ZZZ,Total,Methane,Actual,Kilotonnes,8134,Carbon dioxide equivalents
2012.06,ZZZ,Total,Carbon dioxide,Actual,Kilotonnes,9912,Carbon dioxide equivalents
2012.06,ZZZ,Total,Carbon dioxide equivalents,Actual,Kilotonnes,19922,Carbon dioxide equivalents
2012.06,ZZZ,Total,Fluorinated gases,Actual,Kilotonnes,294,Carbon dioxide equivalents
2012.06,ZZZ,Total,Nitrous oxide,Actual,Kilotonnes,1583,Carbon dioxide equivalents
2012.09,ZZZ,Total,Methane,Seasonally adjusted,Kilotonnes,9728,Carbon dioxide equivalents
2012.09,ZZZ,Total,Carbon dioxide,Seasonally adjusted,Kilotonnes,9488,Carbon dioxide equivalents
2012.09,ZZZ,Total,Carbon dioxide equivalents,Seasonally adjusted,Kilotonnes,21176,Carbon dioxide equivalents
2012.09,ZZZ,Total,Fluorinated gases,Seasonally adjusted,Kilotonnes,297,Carbon dioxide equivalents
2012.09,ZZZ,Total,Nitrous oxide,Seasonally adjusted,Kilotonnes,1678,Carbon dioxide equivalents
2012.09,ZZZ,Total,Methane,Actual,Kilotonnes,8448,Carbon dioxide equivalents
2012.09,ZZZ,Total,Carbon dioxide,Actual,Kilotonnes,9494,Carbon dioxide equivalents
2012.09,ZZZ,Total,Carbon dioxide equivalents,Actual,Kilotonnes,19974,Carbon dioxide equivalents
2012.09,ZZZ,Total,Fluorinated gases,Actual,Kilotonnes,297,Carbon dioxide equivalents
2012.09,ZZZ,Total,Nitrous oxide,Actual,Kilotonnes,1735,Carbon dioxide equivalents
2012.12,ZZZ,Total,Methane,Seasonally adjusted,Kilotonnes,9642,Carbon dioxide equivalents
2012.12,ZZZ,Total,Carbon dioxide,Seasonally adjusted,Kilotonnes,9306,Carbon dioxide equivalents
2012.12,ZZZ,Total,Carbon dioxide equivalents,Seasonally adjusted,Kilotonnes,20864,Carbon dioxide equivalents
2012.12,ZZZ,Total,Fluorinated gases,Seasonally adjusted,Kilotonnes,300,Carbon dioxide equivalents
2012.12,ZZZ,Total,Nitrous oxide,Seasonally adjusted,Kilotonnes,1670,Carbon dioxide equivalents
2012.12,ZZZ,Total,Methane,Actual,Kilotonnes,11297,Carbon dioxide equivalents
2012.12,ZZZ,Total,Carbon dioxide,Actual,Kilotonnes,9391,Carbon dioxide equivalents
2012.12,ZZZ,Total,Carbon dioxide equivalents,Actual,Kilotonnes,22736,Carbon dioxide equivalents
2012.12,ZZZ,Total,Fluorinated gases,Actual,Kilotonnes,300,Carbon dioxide equivalents
2012.12,ZZZ,Total,Nitrous oxide,Actual,Kilotonnes,1748,Carbon dioxide equivalents
2013.03,ZZZ,Total,Methane,Seasonally adjusted,Kilotonnes,9663,Carbon dioxide equivalents
2013.03,ZZZ,Total,Carbon dioxide,Seasonally adjusted,Kilotonnes,9253,Carbon dioxide equivalents
2013.03,ZZZ,Total,Carbon dioxide equivalents,Seasonally adjusted,Kilotonnes,20859,Carbon dioxide equivalents
2013.03,ZZZ,Total,Fluorinated gases,Seasonally adjusted,Kilotonnes,301,Carbon dioxide equivalents
2013.03,ZZZ,Total,Nitrous oxide,Seasonally adjusted,Kilotonnes,1674,Carbon dioxide equivalents
2013.03,ZZZ,Total,Methane,Actual,Kilotonnes,11124,Carbon dioxide equivalents
2013.03,ZZZ,Total,Carbon dioxide,Actual,Kilotonnes,9165,Carbon dioxide equivalents
2013.03,ZZZ,Total,Carbon dioxide equivalents,Actual,Kilotonnes,22255,Carbon dioxide equivalents
2013.03,ZZZ,Total,Fluorinated gases,Actual,Kilotonnes,301,Carbon dioxide equivalents
2013.03,ZZZ,Total,Nitrous oxide,Actual,Kilotonnes,1664,Carbon dioxide equivalents
2013.06,ZZZ,Total,Methane,Seasonally adjusted,Kilotonnes,9580,Carbon dioxide equivalents
2013.06,ZZZ,Total,Carbon dioxide,Seasonally adjusted,Kilotonnes,9691,Carbon dioxide equivalents
2013.06,ZZZ,Total,Carbon dioxide equivalents,Seasonally adjusted,Kilotonnes,21416,Carbon dioxide equivalents
2013.06,ZZZ,Total,Fluorinated gases,Seasonally adjusted,Kilotonnes,303,Carbon dioxide equivalents
2013.06,ZZZ,Total,Nitrous oxide,Seasonally adjusted,Kilotonnes,1680,Carbon dioxide equivalents
2013.06,ZZZ,Total,Methane,Actual,Kilotonnes,7747,Carbon dioxide equivalents
2013.06,ZZZ,Total,Carbon dioxide,Actual,Kilotonnes,9661,Carbon dioxide equivalents
2013.06,ZZZ,Total,Carbon dioxide equivalents,Actual,Kilotonnes,19265,Carbon dioxide equivalents
2013.06,ZZZ,Total,Fluorinated gases,Actual,Kilotonnes,303,Carbon dioxide equivalents
2013.06,ZZZ,Total,Nitrous oxide,Actual,Kilotonnes,1555,Carbon dioxide equivalents
2013.09,ZZZ,Total,Methane,Seasonally adjusted,Kilotonnes,9895,Carbon dioxide equivalents
2013.09,ZZZ,Total,Carbon dioxide,Seasonally adjusted,Kilotonnes,9334,Carbon dioxide equivalents
2013.09,ZZZ,Total,Carbon dioxide equivalents,Seasonally adjusted,Kilotonnes,21208,Carbon dioxide equivalents
2013.09,ZZZ,Total,Fluorinated gases,Seasonally adjusted,Kilotonnes,307,Carbon dioxide equivalents
2013.09,ZZZ,Total,Nitrous oxide,Seasonally adjusted,Kilotonnes,1706,Carbon dioxide equivalents
2013.09,ZZZ,Total,Methane,Actual,Kilotonnes,8588,Carbon dioxide equivalents
2013.09,ZZZ,Total,Carbon dioxide,Actual,Kilotonnes,9335,Carbon dioxide equivalents
2013.09,ZZZ,Total,Carbon dioxide equivalents,Actual,Kilotonnes,19994,Carbon dioxide equivalents
2013.09,ZZZ,Total,Fluorinated gases,Actual,Kilotonnes,307,Carbon dioxide equivalents
2013.09,ZZZ,Total,Nitrous oxide,Actual,Kilotonnes,1764,Carbon dioxide equivalents
2013.12,ZZZ,Total,Methane,Seasonally adjusted,Kilotonnes,9955,Carbon dioxide equivalents
2013.12,ZZZ,Total,Carbon dioxide,Seasonally adjusted,Kilotonnes,9040,Carbon dioxide equivalents
2013.12,ZZZ,Total,Carbon dioxide equivalents,Seasonally adjusted,Kilotonnes,21028,Carbon dioxide equivalents
2013.12,ZZZ,Total,Fluorinated gases,Seasonally adjusted,Kilotonnes,313,Carbon dioxide equivalents
2013.12,ZZZ,Total,Nitrous oxide,Seasonally adjusted,Kilotonnes,1719,Carbon dioxide equivalents
2013.12,ZZZ,Total,Methane,Actual,Kilotonnes,11665,Carbon dioxide equivalents
2013.12,ZZZ,Total,Carbon dioxide,Actual,Kilotonnes,9160,Carbon dioxide equivalents
2013.12,ZZZ,Total,Carbon dioxide equivalents,Actual,Kilotonnes,22935,Carbon dioxide equivalents
2013.12,ZZZ,Total,Fluorinated gases,Actual,Kilotonnes,313,Carbon dioxide equivalents
2013.12,ZZZ,Total,Nitrous oxide,Actual,Kilotonnes,1797,Carbon dioxide equivalents
2014.03,ZZZ,Total,Methane,Seasonally adjusted,Kilotonnes,9827,Carbon dioxide equivalents
2014.03,ZZZ,Total,Carbon dioxide,Seasonally adjusted,Kilotonnes,9187,Carbon dioxide equivalents
2014.03,ZZZ,Total,Carbon dioxide equivalents,Seasonally adjusted,Kilotonnes,21043,Carbon dioxide equivalents
2014.03,ZZZ,Total,Fluorinated gases,Seasonally adjusted,Kilotonnes,317,Carbon dioxide equivalents
2014.03,ZZZ,Total,Nitrous oxide,Seasonally adjusted,Kilotonnes,1712,Carbon dioxide equivalents
2014.03,ZZZ,Total,Methane,Actual,Kilotonnes,11326,Carbon dioxide equivalents
2014.03,ZZZ,Total,Carbon dioxide,Actual,Kilotonnes,9147,Carbon dioxide equivalents
2014.03,ZZZ,Total,Carbon dioxide equivalents,Actual,Kilotonnes,22493,Carbon dioxide equivalents
2014.03,ZZZ,Total,Fluorinated gases,Actual,Kilotonnes,317,Carbon dioxide equivalents
2014.03,ZZZ,Total,Nitrous oxide,Actual,Kilotonnes,1703,Carbon dioxide equivalents
2014.06,ZZZ,Total,Methane,Seasonally adjusted,Kilotonnes,9714,Carbon dioxide equivalents
2014.06,ZZZ,Total,Carbon dioxide,Seasonally adjusted,Kilotonnes,9147,Carbon dioxide equivalents
2014.06,ZZZ,Total,Carbon dioxide equivalents,Seasonally adjusted,Kilotonnes,20943,Carbon dioxide equivalents
2014.06,ZZZ,Total,Fluorinated gases,Seasonally adjusted,Kilotonnes,321,Carbon dioxide equivalents
2014.06,ZZZ,Total,Nitrous oxide,Seasonally adjusted,Kilotonnes,1713,Carbon dioxide equivalents
2014.06,ZZZ,Total,Methane,Actual,Kilotonnes,7849,Carbon dioxide equivalents
2014.06,ZZZ,Total,Carbon dioxide,Actual,Kilotonnes,9030,Carbon dioxide equivalents
2014.06,ZZZ,Total,Carbon dioxide equivalents,Actual,Kilotonnes,18786,Carbon dioxide equivalents
2014.06,ZZZ,Total,Fluorinated gases,Actual,Kilotonnes,321,Carbon dioxide equivalents
2014.06,ZZZ,Total,Nitrous oxide,Actual,Kilotonnes,1587,Carbon dioxide equivalents
2014.09,ZZZ,Total,Methane,Seasonally adjusted,Kilotonnes,9895,Carbon dioxide equivalents
2014.09,ZZZ,Total,Carbon dioxide,Seasonally adjusted,Kilotonnes,9414,Carbon dioxide equivalents
2014.09,ZZZ,Total,Carbon dioxide equivalents,Seasonally adjusted,Kilotonnes,21353,Carbon dioxide equivalents
2014.09,ZZZ,Total,Fluorinated gases,Seasonally adjusted,Kilotonnes,323,Carbon dioxide equivalents
2014.09,ZZZ,Total,Nitrous oxide,Seasonally adjusted,Kilotonnes,1741,Carbon dioxide equivalents
2014.09,ZZZ,Total,Methane,Actual,Kilotonnes,8580,Carbon dioxide equivalents
2014.09,ZZZ,Total,Carbon dioxide,Actual,Kilotonnes,9418,Carbon dioxide equivalents
2014.09,ZZZ,Total,Carbon dioxide equivalents,Actual,Kilotonnes,20119,Carbon dioxide equivalents
2014.09,ZZZ,Total,Fluorinated gases,Actual,Kilotonnes,323,Carbon dioxide equivalents
2014.09,ZZZ,Total,Nitrous oxide,Actual,Kilotonnes,1799,Carbon dioxide equivalents
2014.12,ZZZ,Total,Methane,Seasonally adjusted,Kilotonnes,9895,Carbon dioxide equivalents
2014.12,ZZZ,Total,Carbon dioxide,Seasonally adjusted,Kilotonnes,9772,Carbon dioxide equivalents
2014.12,ZZZ,Total,Carbon dioxide equivalents,Seasonally adjusted,Kilotonnes,21698,Carbon dioxide equivalents
2014.12,ZZZ,Total,Fluorinated gases,Seasonally adjusted,Kilotonnes,324,Carbon dioxide equivalents
2014.12,ZZZ,Total,Nitrous oxide,Seasonally adjusted,Kilotonnes,1747,Carbon dioxide equivalents
2014.12,ZZZ,Total,Methane,Actual,Kilotonnes,11593,Carbon dioxide equivalents
2014.12,ZZZ,Total,Carbon dioxide,Actual,Kilotonnes,9952,Carbon dioxide equivalents
2014.12,ZZZ,Total,Carbon dioxide equivalents,Actual,Kilotonnes,23694,Carbon dioxide equivalents
2014.12,ZZZ,Total,Fluorinated gases,Actual,Kilotonnes,324,Carbon dioxide equivalents
2014.12,ZZZ,Total,Nitrous oxide,Actual,Kilotonnes,1825,Carbon dioxide equivalents
2015.03,ZZZ,Total,Methane,Seasonally adjusted,Kilotonnes,9821,Carbon dioxide equivalents
2015.03,ZZZ,Total,Carbon dioxide,Seasonally adjusted,Kilotonnes,9728,Carbon dioxide equivalents
2015.03,ZZZ,Total,Carbon dioxide equivalents,Seasonally adjusted,Kilotonnes,21600,Carbon dioxide equivalents
2015.03,ZZZ,Total,Fluorinated gases,Seasonally adjusted,Kilotonnes,323,Carbon dioxide equivalents
2015.03,ZZZ,Total,Nitrous oxide,Seasonally adjusted,Kilotonnes,1748,Carbon dioxide equivalents
2015.03,ZZZ,Total,Methane,Actual,Kilotonnes,11330,Carbon dioxide equivalents
2015.03,ZZZ,Total,Carbon dioxide,Actual,Kilotonnes,9731,Carbon dioxide equivalents
2015.03,ZZZ,Total,Carbon dioxide equivalents,Actual,Kilotonnes,23124,Carbon dioxide equivalents
2015.03,ZZZ,Total,Fluorinated gases,Actual,Kilotonnes,323,Carbon dioxide equivalents
2015.03,ZZZ,Total,Nitrous oxide,Actual,Kilotonnes,1741,Carbon dioxide equivalents
2015.06,ZZZ,Total,Methane,Seasonally adjusted,Kilotonnes,9839,Carbon dioxide equivalents
2015.06,ZZZ,Total,Carbon dioxide,Seasonally adjusted,Kilotonnes,9252,Carbon dioxide equivalents
2015.06,ZZZ,Total,Carbon dioxide equivalents,Seasonally adjusted,Kilotonnes,21167,Carbon dioxide equivalents
2015.06,ZZZ,Total,Fluorinated gases,Seasonally adjusted,Kilotonnes,321,Carbon dioxide equivalents
2015.06,ZZZ,Total,Nitrous oxide,Seasonally adjusted,Kilotonnes,1751,Carbon dioxide equivalents
2015.06,ZZZ,Total,Methane,Actual,Kilotonnes,7952,Carbon dioxide equivalents
2015.06,ZZZ,Total,Carbon dioxide,Actual,Kilotonnes,9035,Carbon dioxide equivalents
2015.06,ZZZ,Total,Carbon dioxide equivalents,Actual,Kilotonnes,18933,Carbon dioxide equivalents
2015.06,ZZZ,Total,Fluorinated gases,Actual,Kilotonnes,321,Carbon dioxide equivalents
2015.06,ZZZ,Total,Nitrous oxide,Actual,Kilotonnes,1624,Carbon dioxide equivalents
2015.09,ZZZ,Total,Methane,Seasonally adjusted,Kilotonnes,9613,Carbon dioxide equivalents
2015.09,ZZZ,Total,Carbon dioxide,Seasonally adjusted,Kilotonnes,9469,Carbon dioxide equivalents
2015.09,ZZZ,Total,Carbon dioxide equivalents,Seasonally adjusted,Kilotonnes,21131,Carbon dioxide equivalents
2015.09,ZZZ,Total,Fluorinated gases,Seasonally adjusted,Kilotonnes,321,Carbon dioxide equivalents
2015.09,ZZZ,Total,Nitrous oxide,Seasonally adjusted,Kilotonnes,1719,Carbon dioxide equivalents
2015.09,ZZZ,Total,Methane,Actual,Kilotonnes,8329,Carbon dioxide equivalents
2015.09,ZZZ,Total,Carbon dioxide,Actual,Kilotonnes,9477,Carbon dioxide equivalents
2015.09,ZZZ,Total,Carbon dioxide equivalents,Actual,Kilotonnes,19902,Carbon dioxide equivalents
2015.09,ZZZ,Total,Fluorinated gases,Actual,Kilotonnes,321,Carbon dioxide equivalents
2015.09,ZZZ,Total,Nitrous oxide,Actual,Kilotonnes,1775,Carbon dioxide equivalents
2015.12,ZZZ,Total,Methane,Seasonally adjusted,Kilotonnes,9689,Carbon dioxide equivalents
2015.12,ZZZ,Total,Carbon dioxide,Seasonally adjusted,Kilotonnes,9591,Carbon dioxide equivalents
2015.12,ZZZ,Total,Carbon dioxide equivalents,Seasonally adjusted,Kilotonnes,21312,Carbon dioxide equivalents
2015.12,ZZZ,Total,Fluorinated gases,Seasonally adjusted,Kilotonnes,323,Carbon dioxide equivalents
2015.12,ZZZ,Total,Nitrous oxide,Seasonally adjusted,Kilotonnes,1734,Carbon dioxide equivalents
2015.12,ZZZ,Total,Methane,Actual,Kilotonnes,11347,Carbon dioxide equivalents
2015.12,ZZZ,Total,Carbon dioxide,Actual,Kilotonnes,9824,Carbon dioxide equivalents
2015.12,ZZZ,Total,Carbon dioxide equivalents,Actual,Kilotonnes,23303,Carbon dioxide equivalents
2015.12,ZZZ,Total,Fluorinated gases,Actual,Kilotonnes,323,Carbon dioxide equivalents
2015.12,ZZZ,Total,Nitrous oxide,Actual,Kilotonnes,1809,Carbon dioxide equivalents
2016.03,ZZZ,Total,Methane,Seasonally adjusted,Kilotonnes,9724,Carbon dioxide equivalents
2016.03,ZZZ,Total,Carbon dioxide,Seasonally adjusted,Kilotonnes,9368,Carbon dioxide equivalents
2016.03,ZZZ,Total,Carbon dioxide equivalents,Seasonally adjusted,Kilotonnes,21162,Carbon dioxide equivalents
2016.03,ZZZ,Total,Fluorinated gases,Seasonally adjusted,Kilotonnes,323,Carbon dioxide equivalents
2016.03,ZZZ,Total,Nitrous oxide,Seasonally adjusted,Kilotonnes,1738,Carbon dioxide equivalents
2016.03,ZZZ,Total,Methane,Actual,Kilotonnes,11219,Carbon dioxide equivalents
2016.03,ZZZ,Total,Carbon dioxide,Actual,Kilotonnes,9408,Carbon dioxide equivalents
2016.03,ZZZ,Total,Carbon dioxide equivalents,Actual,Kilotonnes,22682,Carbon dioxide equivalents
2016.03,ZZZ,Total,Fluorinated gases,Actual,Kilotonnes,323,Carbon dioxide equivalents
2016.03,ZZZ,Total,Nitrous oxide,Actual,Kilotonnes,1732,Carbon dioxide equivalents
2016.06,ZZZ,Total,Methane,Seasonally adjusted,Kilotonnes,9534,Carbon dioxide equivalents
2016.06,ZZZ,Total,Carbon dioxide,Seasonally adjusted,Kilotonnes,9160,Carbon dioxide equivalents
2016.06,ZZZ,Total,Carbon dioxide equivalents,Seasonally adjusted,Kilotonnes,20728,Carbon dioxide equivalents
2016.06,ZZZ,Total,Fluorinated gases,Seasonally adjusted,Kilotonnes,324,Carbon dioxide equivalents
2016.06,ZZZ,Total,Nitrous oxide,Seasonally adjusted,Kilotonnes,1718,Carbon dioxide equivalents
2016.06,ZZZ,Total,Methane,Actual,Kilotonnes,7723,Carbon dioxide equivalents
2016.06,ZZZ,Total,Carbon dioxide,Actual,Kilotonnes,8853,Carbon dioxide equivalents
2016.06,ZZZ,Total,Carbon dioxide equivalents,Actual,Kilotonnes,18496,Carbon dioxide equivalents
2016.06,ZZZ,Total,Fluorinated gases,Actual,Kilotonnes,324,Carbon dioxide equivalents
2016.06,ZZZ,Total,Nitrous oxide,Actual,Kilotonnes,1596,Carbon dioxide equivalents
2016.09,ZZZ,Total,Methane,Seasonally adjusted,Kilotonnes,9614,Carbon dioxide equivalents
2016.09,ZZZ,Total,Carbon dioxide,Seasonally adjusted,Kilotonnes,9252,Carbon dioxide equivalents
2016.09,ZZZ,Total,Carbon dioxide equivalents,Seasonally adjusted,Kilotonnes,20926,Carbon dioxide equivalents
2016.09,ZZZ,Total,Fluorinated gases,Seasonally adjusted,Kilotonnes,326,Carbon dioxide equivalents
2016.09,ZZZ,Total,Nitrous oxide,Seasonally adjusted,Kilotonnes,1737,Carbon dioxide equivalents
2016.09,ZZZ,Total,Methane,Actual,Kilotonnes,8317,Carbon dioxide equivalents
2016.09,ZZZ,Total,Carbon dioxide,Actual,Kilotonnes,9269,Carbon dioxide equivalents
2016.09,ZZZ,Total,Carbon dioxide equivalents,Actual,Kilotonnes,19703,Carbon dioxide equivalents
2016.09,ZZZ,Total,Fluorinated gases,Actual,Kilotonnes,326,Carbon dioxide equivalents
2016.09,ZZZ,Total,Nitrous oxide,Actual,Kilotonnes,1791,Carbon dioxide equivalents
2016.12,ZZZ,Total,Methane,Seasonally adjusted,Kilotonnes,9543,Carbon dioxide equivalents
2016.12,ZZZ,Total,Carbon dioxide,Seasonally adjusted,Kilotonnes,8812,Carbon dioxide equivalents
2016.12,ZZZ,Total,Carbon dioxide equivalents,Seasonally adjusted,Kilotonnes,20439,Carbon dioxide equivalents
2016.12,ZZZ,Total,Fluorinated gases,Seasonally adjusted,Kilotonnes,330,Carbon dioxide equivalents
2016.12,ZZZ,Total,Nitrous oxide,Seasonally adjusted,Kilotonnes,1730,Carbon dioxide equivalents
2016.12,ZZZ,Total,Methane,Actual,Kilotonnes,11171,Carbon dioxide equivalents
2016.12,ZZZ,Total,Carbon dioxide,Actual,Kilotonnes,9073,Carbon dioxide equivalents
2016.12,ZZZ,Total,Carbon dioxide equivalents,Actual,Kilotonnes,22377,Carbon dioxide equivalents
2016.12,ZZZ,Total,Fluorinated gases,Actual,Kilotonnes,330,Carbon dioxide equivalents
2016.12,ZZZ,Total,Nitrous oxide,Actual,Kilotonnes,1804,Carbon dioxide equivalents
2017.03,ZZZ,Total,Methane,Seasonally adjusted,Kilotonnes,9650,Carbon dioxide equivalents
2017.03,ZZZ,Total,Carbon dioxide,Seasonally adjusted,Kilotonnes,9100,Carbon dioxide equivalents
2017.03,ZZZ,Total,Carbon dioxide equivalents,Seasonally adjusted,Kilotonnes,20853,Carbon dioxide equivalents
2017.03,ZZZ,Total,Fluorinated gases,Seasonally adjusted,Kilotonnes,331,Carbon dioxide equivalents
2017.03,ZZZ,Total,Nitrous oxide,Seasonally adjusted,Kilotonnes,1747,Carbon dioxide equivalents
2017.03,ZZZ,Total,Methane,Actual,Kilotonnes,11131,Carbon dioxide equivalents
2017.03,ZZZ,Total,Carbon dioxide,Actual,Kilotonnes,9143,Carbon dioxide equivalents
2017.03,ZZZ,Total,Carbon dioxide equivalents,Actual,Kilotonnes,22347,Carbon dioxide equivalents
2017.03,ZZZ,Total,Fluorinated gases,Actual,Kilotonnes,331,Carbon dioxide equivalents
2017.03,ZZZ,Total,Nitrous oxide,Actual,Kilotonnes,1741,Carbon dioxide equivalents
2017.06,ZZZ,Total,Methane,Seasonally adjusted,Kilotonnes,9667,Carbon dioxide equivalents
2017.06,ZZZ,Total,Carbon dioxide,Seasonally adjusted,Kilotonnes,9500,Carbon dioxide equivalents
2017.06,ZZZ,Total,Carbon dioxide equivalents,Seasonally adjusted,Kilotonnes,21255,Carbon dioxide equivalents
2017.06,ZZZ,Total,Fluorinated gases,Seasonally adjusted,Kilotonnes,334,Carbon dioxide equivalents
2017.06,ZZZ,Total,Nitrous oxide,Seasonally adjusted,Kilotonnes,1755,Carbon dioxide equivalents
2017.06,ZZZ,Total,Methane,Actual,Kilotonnes,7851,Carbon dioxide equivalents
2017.06,ZZZ,Total,Carbon dioxide,Actual,Kilotonnes,9144,Carbon dioxide equivalents
2017.06,ZZZ,Total,Carbon dioxide equivalents,Actual,Kilotonnes,18963,Carbon dioxide equivalents
2017.06,ZZZ,Total,Fluorinated gases,Actual,Kilotonnes,334,Carbon dioxide equivalents
2017.06,ZZZ,Total,Nitrous oxide,Actual,Kilotonnes,1634,Carbon dioxide equivalents
2017.09,ZZZ,Total,Methane,Seasonally adjusted,Kilotonnes,9543,Carbon dioxide equivalents
2017.09,ZZZ,Total,Carbon dioxide,Seasonally adjusted,Kilotonnes,9701,Carbon dioxide equivalents
2017.09,ZZZ,Total,Carbon dioxide equivalents,Seasonally adjusted,Kilotonnes,21346,Carbon dioxide equivalents
2017.09,ZZZ,Total,Fluorinated gases,Seasonally adjusted,Kilotonnes,336,Carbon dioxide equivalents
2017.09,ZZZ,Total,Nitrous oxide,Seasonally adjusted,Kilotonnes,1740,Carbon dioxide equivalents
2017.09,ZZZ,Total,Methane,Actual,Kilotonnes,8245,Carbon dioxide equivalents
2017.09,ZZZ,Total,Carbon dioxide,Actual,Kilotonnes,9715,Carbon dioxide equivalents
2017.09,ZZZ,Total,Carbon dioxide equivalents,Actual,Kilotonnes,20088,Carbon dioxide equivalents
2017.09,ZZZ,Total,Fluorinated gases,Actual,Kilotonnes,336,Carbon dioxide equivalents
2017.09,ZZZ,Total,Nitrous oxide,Actual,Kilotonnes,1792,Carbon dioxide equivalents
2017.12,ZZZ,Total,Methane,Seasonally adjusted,Kilotonnes,9499,Carbon dioxide equivalents
2017.12,ZZZ,Total,Carbon dioxide,Seasonally adjusted,Kilotonnes,9817,Carbon dioxide equivalents
2017.12,ZZZ,Total,Carbon dioxide equivalents,Seasonally adjusted,Kilotonnes,21362,Carbon dioxide equivalents
2017.12,ZZZ,Total,Fluorinated gases,Seasonally adjusted,Kilotonnes,341,Carbon dioxide equivalents
2017.12,ZZZ,Total,Nitrous oxide,Seasonally adjusted,Kilotonnes,1740,Carbon dioxide equivalents
2017.12,ZZZ,Total,Methane,Actual,Kilotonnes,11110,Carbon dioxide equivalents
2017.12,ZZZ,Total,Carbon dioxide,Actual,Kilotonnes,10124,Carbon dioxide equivalents
2017.12,ZZZ,Total,Carbon dioxide equivalents,Actual,Kilotonnes,23389,Carbon dioxide equivalents
2017.12,ZZZ,Total,Fluorinated gases,Actual,Kilotonnes,341,Carbon dioxide equivalents
2017.12,ZZZ,Total,Nitrous oxide,Actual,Kilotonnes,1813,Carbon dioxide equivalents
2018.03,ZZZ,Total,Methane,Seasonally adjusted,Kilotonnes,9482,Carbon dioxide equivalents
2018.03,ZZZ,Total,Carbon dioxide,Seasonally adjusted,Kilotonnes,9485,Carbon dioxide equivalents
2018.03,ZZZ,Total,Carbon dioxide equivalents,Seasonally adjusted,Kilotonnes,21046,Carbon dioxide equivalents
2018.03,ZZZ,Total,Fluorinated gases,Seasonally adjusted,Kilotonnes,342,Carbon dioxide equivalents
2018.03,ZZZ,Total,Nitrous oxide,Seasonally adjusted,Kilotonnes,1747,Carbon dioxide equivalents
2018.03,ZZZ,Total,Methane,Actual,Kilotonnes,10934,Carbon dioxide equivalents
2018.03,ZZZ,Total,Carbon dioxide,Actual,Kilotonnes,9529,Carbon dioxide equivalents
2018.03,ZZZ,Total,Carbon dioxide equivalents,Actual,Kilotonnes,22546,Carbon dioxide equivalents
2018.03,ZZZ,Total,Fluorinated gases,Actual,Kilotonnes,342,Carbon dioxide equivalents
2018.03,ZZZ,Total,Nitrous oxide,Actual,Kilotonnes,1741,Carbon dioxide equivalents
2018.06,ZZZ,Total,Methane,Seasonally adjusted,Kilotonnes,9593,Carbon dioxide equivalents
2018.06,ZZZ,Total,Carbon dioxide,Seasonally adjusted,Kilotonnes,9428,Carbon dioxide equivalents
2018.06,ZZZ,Total,Carbon dioxide equivalents,Seasonally adjusted,Kilotonnes,21135,Carbon dioxide equivalents
2018.06,ZZZ,Total,Fluorinated gases,Seasonally adjusted,Kilotonnes,344,Carbon dioxide equivalents
2018.06,ZZZ,Total,Nitrous oxide,Seasonally adjusted,Kilotonnes,1767,Carbon dioxide equivalents
2018.06,ZZZ,Total,Methane,Actual,Kilotonnes,7813,Carbon dioxide equivalents
2018.06,ZZZ,Total,Carbon dioxide,Actual,Kilotonnes,9092,Carbon dioxide equivalents
2018.06,ZZZ,Total,Carbon dioxide equivalents,Actual,Kilotonnes,18898,Carbon dioxide equivalents
2018.06,ZZZ,Total,Fluorinated gases,Actual,Kilotonnes,344,Carbon dioxide equivalents
2018.06,ZZZ,Total,Nitrous oxide,Actual,Kilotonnes,1649,Carbon dioxide equivalents
2018.09,ZZZ,Total,Methane,Seasonally adjusted,Kilotonnes,9676,Carbon dioxide equivalents
2018.09,ZZZ,Total,Carbon dioxide,Seasonally adjusted,Kilotonnes,9567,Carbon dioxide equivalents
2018.09,ZZZ,Total,Carbon dioxide equivalents,Seasonally adjusted,Kilotonnes,21370,Carbon dioxide equivalents
2018.09,ZZZ,Total,Fluorinated gases,Seasonally adjusted,Kilotonnes,346,Carbon dioxide equivalents
2018.09,ZZZ,Total,Nitrous oxide,Seasonally adjusted,Kilotonnes,1779,Carbon dioxide equivalents
2018.09,ZZZ,Total,Methane,Actual,Kilotonnes,8345,Carbon dioxide equivalents
2018.09,ZZZ,Total,Carbon dioxide,Actual,Kilotonnes,9564,Carbon dioxide equivalents
2018.09,ZZZ,Total,Carbon dioxide equivalents,Actual,Kilotonnes,20083,Carbon dioxide equivalents
2018.09,ZZZ,Total,Fluorinated gases,Actual,Kilotonnes,346,Carbon dioxide equivalents
2018.09,ZZZ,Total,Nitrous oxide,Actual,Kilotonnes,1828,Carbon dioxide equivalents
2018.12,ZZZ,Total,Methane,Seasonally adjusted,Kilotonnes,9677,Carbon dioxide equivalents
2018.12,ZZZ,Total,Carbon dioxide,Seasonally adjusted,Kilotonnes,9945,Carbon dioxide equivalents
2018.12,ZZZ,Total,Carbon dioxide equivalents,Seasonally adjusted,Kilotonnes,21725,Carbon dioxide equivalents
2018.12,ZZZ,Total,Fluorinated gases,Seasonally adjusted,Kilotonnes,353,Carbon dioxide equivalents
2018.12,ZZZ,Total,Nitrous oxide,Seasonally adjusted,Kilotonnes,1780,Carbon dioxide equivalents
2018.12,ZZZ,Total,Methane,Actual,Kilotonnes,11317,Carbon dioxide equivalents
2018.12,ZZZ,Total,Carbon dioxide,Actual,Kilotonnes,10232,Carbon dioxide equivalents
2018.12,ZZZ,Total,Carbon dioxide equivalents,Actual,Kilotonnes,23757,Carbon dioxide equivalents
2018.12,ZZZ,Total,Fluorinated gases,Actual,Kilotonnes,353,Carbon dioxide equivalents
2018.12,ZZZ,Total,Nitrous oxide,Actual,Kilotonnes,1855,Carbon dioxide equivalents
2019.03,ZZZ,Total,Methane,Seasonally adjusted,Kilotonnes,9619,Carbon dioxide equivalents
2019.03,ZZZ,Total,Carbon dioxide,Seasonally adjusted,Kilotonnes,10050,Carbon dioxide equivalents
2019.03,ZZZ,Total,Carbon dioxide equivalents,Seasonally adjusted,Kilotonnes,21756,Carbon dioxide equivalents
2019.03,ZZZ,Total,Fluorinated gases,Seasonally adjusted,Kilotonnes,354,Carbon dioxide equivalents
2019.03,ZZZ,Total,Nitrous oxide,Seasonally adjusted,Kilotonnes,1770,Carbon dioxide equivalents
2019.03,ZZZ,Total,Methane,Actual,Kilotonnes,11091,Carbon dioxide equivalents
2019.03,ZZZ,Total,Carbon dioxide,Actual,Kilotonnes,10105,Carbon dioxide equivalents
2019.03,ZZZ,Total,Carbon dioxide equivalents,Actual,Kilotonnes,23314,Carbon dioxide equivalents
2019.03,ZZZ,Total,Fluorinated gases,Actual,Kilotonnes,354,Carbon dioxide equivalents
2019.03,ZZZ,Total,Nitrous oxide,Actual,Kilotonnes,1765,Carbon dioxide equivalents
2019.06,ZZZ,Total,Methane,Seasonally adjusted,Kilotonnes,9652,Carbon dioxide equivalents
2019.06,ZZZ,Total,Carbon dioxide,Seasonally adjusted,Kilotonnes,9616,Carbon dioxide equivalents
2019.06,ZZZ,Total,Carbon dioxide equivalents,Seasonally adjusted,Kilotonnes,21417,Carbon dioxide equivalents
2019.06,ZZZ,Total,Fluorinated gases,Seasonally adjusted,Kilotonnes,354,Carbon dioxide equivalents
2019.06,ZZZ,Total,Nitrous oxide,Seasonally adjusted,Kilotonnes,1772,Carbon dioxide equivalents
2019.06,ZZZ,Total,Methane,Actual,Kilotonnes,7874,Carbon dioxide equivalents
2019.06,ZZZ,Total,Carbon dioxide,Actual,Kilotonnes,9332,Carbon dioxide equivalents
2019.06,ZZZ,Total,Carbon dioxide equivalents,Actual,Kilotonnes,19216,Carbon dioxide equivalents
2019.06,ZZZ,Total,Fluorinated gases,Actual,Kilotonnes,354,Carbon dioxide equivalents
2019.06,ZZZ,Total,Nitrous oxide,Actual,Kilotonnes,1656,Carbon dioxide equivalents
2019.09,ZZZ,Total,Methane,Seasonally adjusted,Kilotonnes,9623,Carbon dioxide equivalents
2019.09,ZZZ,Total,Carbon dioxide,Seasonally adjusted,Kilotonnes,9877,Carbon dioxide equivalents
2019.09,ZZZ,Total,Carbon dioxide equivalents,Seasonally adjusted,Kilotonnes,21644,Carbon dioxide equivalents
2019.09,ZZZ,Total,Fluorinated gases,Seasonally adjusted,Kilotonnes,353,Carbon dioxide equivalents
2019.09,ZZZ,Total,Nitrous oxide,Seasonally adjusted,Kilotonnes,1770,Carbon dioxide equivalents
2019.09,ZZZ,Total,Methane,Actual,Kilotonnes,8286,Carbon dioxide equivalents
2019.09,ZZZ,Total,Carbon dioxide,Actual,Kilotonnes,9842,Carbon dioxide equivalents
2019.09,ZZZ,Total,Carbon dioxide equivalents,Actual,Kilotonnes,20297,Carbon dioxide equivalents
2019.09,ZZZ,Total,Fluorinated gases,Actual,Kilotonnes,353,Carbon dioxide equivalents
2019.09,ZZZ,Total,Nitrous oxide,Actual,Kilotonnes,1816,Carbon dioxide equivalents
2019.12,ZZZ,Total,Methane,Seasonally adjusted,Kilotonnes,9631,Carbon dioxide equivalents
2019.12,ZZZ,Total,Carbon dioxide,Seasonally adjusted,Kilotonnes,9881,Carbon dioxide equivalents
2019.12,ZZZ,Total,Carbon dioxide equivalents,Seasonally adjusted,Kilotonnes,21602,Carbon dioxide equivalents
2019.12,ZZZ,Total,Fluorinated gases,Seasonally adjusted,Kilotonnes,352,Carbon dioxide equivalents
2019.12,ZZZ,Total,Nitrous oxide,Seasonally adjusted,Kilotonnes,1772,Carbon dioxide equivalents
2019.12,ZZZ,Total,Methane,Actual,Kilotonnes,11266,Carbon dioxide equivalents
2019.12,ZZZ,Total,Carbon dioxide,Actual,Kilotonnes,10106,Carbon dioxide equivalents
2019.12,ZZZ,Total,Carbon dioxide equivalents,Actual,Kilotonnes,23573,Carbon dioxide equivalents
2019.12,ZZZ,Total,Fluorinated gases,Actual,Kilotonnes,352,Carbon dioxide equivalents
2019.12,ZZZ,Total,Nitrous oxide,Actual,Kilotonnes,1848,Carbon dioxide equivalents
2020.03,ZZZ,Total,Methane,Seasonally adjusted,Kilotonnes,9590,Carbon dioxide equivalents
2020.03,ZZZ,Total,Carbon dioxide,Seasonally adjusted,Kilotonnes,9402,Carbon dioxide equivalents
2020.03,ZZZ,Total,Carbon dioxide equivalents,Seasonally adjusted,Kilotonnes,21106,Carbon dioxide equivalents
2020.03,ZZZ,Total,Fluorinated gases,Seasonally adjusted,Kilotonnes,345,Carbon dioxide equivalents
2020.03,ZZZ,Total,Nitrous oxide,Seasonally adjusted,Kilotonnes,1772,Carbon dioxide equivalents
2020.03,ZZZ,Total,Methane,Actual,Kilotonnes,11056,Carbon dioxide equivalents
2020.03,ZZZ,Total,Carbon dioxide,Actual,Kilotonnes,9489,Carbon dioxide equivalents
2020.03,ZZZ,Total,Carbon dioxide equivalents,Actual,Kilotonnes,22656,Carbon dioxide equivalents
2020.03,ZZZ,Total,Fluorinated gases,Actual,Kilotonnes,345,Carbon dioxide equivalents
2020.03,ZZZ,Total,Nitrous oxide,Actual,Kilotonnes,1766,Carbon dioxide equivalents
2020.06,ZZZ,Total,Methane,Seasonally adjusted,Kilotonnes,9441,Carbon dioxide equivalents
2020.06,ZZZ,Total,Carbon dioxide,Seasonally adjusted,Kilotonnes,7475,Carbon dioxide equivalents
2020.06,ZZZ,Total,Carbon dioxide equivalents,Seasonally adjusted,Kilotonnes,18877,Carbon dioxide equivalents
2020.06,ZZZ,Total,Fluorinated gases,Seasonally adjusted,Kilotonnes,339,Carbon dioxide equivalents
2020.06,ZZZ,Total,Nitrous oxide,Seasonally adjusted,Kilotonnes,1749,Carbon dioxide equivalents
2020.06,ZZZ,Total,Methane,Actual,Kilotonnes,7719,Carbon dioxide equivalents
2020.06,ZZZ,Total,Carbon dioxide,Actual,Kilotonnes,7288,Carbon dioxide equivalents
2020.06,ZZZ,Total,Carbon dioxide equivalents,Actual,Kilotonnes,16981,Carbon dioxide equivalents
2020.06,ZZZ,Total,Fluorinated gases,Actual,Kilotonnes,339,Carbon dioxide equivalents
2020.06,ZZZ,Total,Nitrous oxide,Actual,Kilotonnes,1636,Carbon dioxide equivalents
2020.09,ZZZ,Total,Methane,Seasonally adjusted,Kilotonnes,9638,Carbon dioxide equivalents
2020.09,ZZZ,Total,Carbon dioxide,Seasonally adjusted,Kilotonnes,9225,Carbon dioxide equivalents
2020.09,ZZZ,Total,Carbon dioxide equivalents,Seasonally adjusted,Kilotonnes,20985,Carbon dioxide equivalents
2020.09,ZZZ,Total,Fluorinated gases,Seasonally adjusted,Kilotonnes,356,Carbon dioxide equivalents
2020.09,ZZZ,Total,Nitrous oxide,Seasonally adjusted,Kilotonnes,1783,Carbon dioxide equivalents
2020.09,ZZZ,Total,Methane,Actual,Kilotonnes,8277,Carbon dioxide equivalents
2020.09,ZZZ,Total,Carbon dioxide,Actual,Kilotonnes,9183,Carbon dioxide equivalents
2020.09,ZZZ,Total,Carbon dioxide equivalents,Actual,Kilotonnes,19644,Carbon dioxide equivalents
2020.09,ZZZ,Total,Fluorinated gases,Actual,Kilotonnes,356,Carbon dioxide equivalents
2020.09,ZZZ,Total,Nitrous oxide,Actual,Kilotonnes,1827,Carbon dioxide equivalents
2020.12,ZZZ,Total,Methane,Seasonally adjusted,Kilotonnes,9645,Carbon dioxide equivalents
2020.12,ZZZ,Total,Carbon dioxide,Seasonally adjusted,Kilotonnes,9194,Carbon dioxide equivalents
2020.12,ZZZ,Total,Carbon dioxide equivalents,Seasonally adjusted,Kilotonnes,20994,Carbon dioxide equivalents
2020.12,ZZZ,Total,Fluorinated gases,Seasonally adjusted,Kilotonnes,376,Carbon dioxide equivalents
2020.12,ZZZ,Total,Nitrous oxide,Seasonally adjusted,Kilotonnes,1777,Carbon dioxide equivalents
2020.12,ZZZ,Total,Methane,Actual,Kilotonnes,11289,Carbon dioxide equivalents
2020.12,ZZZ,Total,Carbon dioxide,Actual,Kilotonnes,9343,Carbon dioxide equivalents
2020.12,ZZZ,Total,Carbon dioxide equivalents,Actual,Kilotonnes,22863,Carbon dioxide equivalents
2020.12,ZZZ,Total,Fluorinated gases,Actual,Kilotonnes,376,Carbon dioxide equivalents
2020.12,ZZZ,Total,Nitrous oxide,Actual,Kilotonnes,1854,Carbon dioxide equivalents
2021.03,ZZZ,Total,Methane,Seasonally adjusted,Kilotonnes,9690,Carbon dioxide equivalents
2021.03,ZZZ,Total,Carbon dioxide,Seasonally adjusted,Kilotonnes,9202,Carbon dioxide equivalents
2021.03,ZZZ,Total,Carbon dioxide equivalents,Seasonally adjusted,Kilotonnes,21074,Carbon dioxide equivalents
2021.03,ZZZ,Total,Fluorinated gases,Seasonally adjusted,Kilotonnes,398,Carbon dioxide equivalents
2021.03,ZZZ,Total,Nitrous oxide,Seasonally adjusted,Kilotonnes,1779,Carbon dioxide equivalents
2021.03,ZZZ,Total,Methane,Actual,Kilotonnes,11176,Carbon dioxide equivalents
2021.03,ZZZ,Total,Carbon dioxide,Actual,Kilotonnes,9299,Carbon dioxide equivalents
2021.03,ZZZ,Total,Carbon dioxide equivalents,Actual,Kilotonnes,22647,Carbon dioxide equivalents
2021.03,ZZZ,Total,Fluorinated gases,Actual,Kilotonnes,398,Carbon dioxide equivalents
2021.03,ZZZ,Total,Nitrous oxide,Actual,Kilotonnes,1774,Carbon dioxide equivalents
2021.06,ZZZ,Total,Methane,Seasonally adjusted,Kilotonnes,9655,Carbon dioxide equivalents
2021.06,ZZZ,Total,Carbon dioxide,Seasonally adjusted,Kilotonnes,9681,Carbon dioxide equivalents
2021.06,ZZZ,Total,Carbon dioxide equivalents,Seasonally adjusted,Kilotonnes,21583,Carbon dioxide equivalents
2021.06,ZZZ,Total,Fluorinated gases,Seasonally adjusted,Kilotonnes,414,Carbon dioxide equivalents
2021.06,ZZZ,Total,Nitrous oxide,Seasonally adjusted,Kilotonnes,1774,Carbon dioxide equivalents
2021.06,ZZZ,Total,Methane,Actual,Kilotonnes,7897,Carbon dioxide equivalents
2021.06,ZZZ,Total,Carbon dioxide,Actual,Kilotonnes,9495,Carbon dioxide equivalents
2021.06,ZZZ,Total,Carbon dioxide equivalents,Actual,Kilotonnes,19465,Carbon dioxide equivalents
2021.06,ZZZ,Total,Fluorinated gases,Actual,Kilotonnes,414,Carbon dioxide equivalents
2021.06,ZZZ,Total,Nitrous oxide,Actual,Kilotonnes,1659,Carbon dioxide equivalents
2021.09,ZZZ,Total,Methane,Seasonally adjusted,Kilotonnes,9520,Carbon dioxide equivalents
2021.09,ZZZ,Total,Carbon dioxide,Seasonally adjusted,Kilotonnes,8172,Carbon dioxide equivalents
2021.09,ZZZ,Total,Carbon dioxide equivalents,Seasonally adjusted,Kilotonnes,19794,Carbon dioxide equivalents
2021.09,ZZZ,Total,Fluorinated gases,Seasonally adjusted,Kilotonnes,418,Carbon dioxide equivalents
2021.09,ZZZ,Total,Nitrous oxide,Seasonally adjusted,Kilotonnes,1749,Carbon dioxide equivalents
2021.09,ZZZ,Total,Methane,Actual,Kilotonnes,8162,Carbon dioxide equivalents
2021.09,ZZZ,Total,Carbon dioxide,Actual,Kilotonnes,8145,Carbon dioxide equivalents
2021.09,ZZZ,Total,Carbon dioxide equivalents,Actual,Kilotonnes,18515,Carbon dioxide equivalents
2021.09,ZZZ,Total,Fluorinated gases,Actual,Kilotonnes,418,Carbon dioxide equivalents
2021.09,ZZZ,Total,Nitrous oxide,Actual,Kilotonnes,1790,Carbon dioxide equivalents
2021.12,ZZZ,Total,Methane,Seasonally adjusted,Kilotonnes,9441,Carbon dioxide equivalents
2021.12,ZZZ,Total,Carbon dioxide,Seasonally adjusted,Kilotonnes,8361,Carbon dioxide equivalents
2021.12,ZZZ,Total,Carbon dioxide equivalents,Seasonally adjusted,Kilotonnes,19990,Carbon dioxide equivalents
2021.12,ZZZ,Total,Fluorinated gases,Seasonally adjusted,Kilotonnes,421,Carbon dioxide equivalents
2021.12,ZZZ,Total,Nitrous oxide,Seasonally adjusted,Kilotonnes,1731,Carbon dioxide equivalents
2021.12,ZZZ,Total,Methane,Actual,Kilotonnes,11056,Carbon dioxide equivalents
2021.12,ZZZ,Total,Carbon dioxide,Actual,Kilotonnes,8426,Carbon dioxide equivalents
2021.12,ZZZ,Total,Carbon dioxide equivalents,Actual,Kilotonnes,21710,Carbon dioxide equivalents
2021.12,ZZZ,Total,Fluorinated gases,Actual,Kilotonnes,421,Carbon dioxide equivalents
2021.12,ZZZ,Total,Nitrous oxide,Actual,Kilotonnes,1808,Carbon dioxide equivalents
2022.03,ZZZ,Total,Methane,Seasonally adjusted,Kilotonnes,9437,Carbon dioxide equivalents
2022.03,ZZZ,Total,Carbon dioxide,Seasonally adjusted,Kilotonnes,8684,Carbon dioxide equivalents
2022.03,ZZZ,Total,Carbon dioxide equivalents,Seasonally adjusted,Kilotonnes,20269,Carbon dioxide equivalents
2022.03,ZZZ,Total,Fluorinated gases,Seasonally adjusted,Kilotonnes,412,Carbon dioxide equivalents
2022.03,ZZZ,Total,Nitrous oxide,Seasonally adjusted,Kilotonnes,1726,Carbon dioxide equivalents
2022.03,ZZZ,Total,Methane,Actual,Kilotonnes,10889,Carbon dioxide equivalents
2022.03,ZZZ,Total,Carbon dioxide,Actual,Kilotonnes,8793,Carbon dioxide equivalents
2022.03,ZZZ,Total,Carbon dioxide equivalents,Actual,Kilotonnes,21814,Carbon dioxide equivalents
2022.03,ZZZ,Total,Fluorinated gases,Actual,Kilotonnes,412,Carbon dioxide equivalents
2022.03,ZZZ,Total,Nitrous oxide,Actual,Kilotonnes,1721,Carbon dioxide equivalents
2022.06,ZZZ,Total,Methane,Seasonally adjusted,Kilotonnes,9369,Carbon dioxide equivalents
2022.06,ZZZ,Total,Carbon dioxide,Seasonally adjusted,Kilotonnes,8532,Carbon dioxide equivalents
2022.06,ZZZ,Total,Carbon dioxide equivalents,Seasonally adjusted,Kilotonnes,20001,Carbon dioxide equivalents
2022.06,ZZZ,Total,Fluorinated gases,Seasonally adjusted,Kilotonnes,397,Carbon dioxide equivalents
2022.06,ZZZ,Total,Nitrous oxide,Seasonally adjusted,Kilotonnes,1711,Carbon dioxide equivalents
2022.06,ZZZ,Total,Methane,Actual,Kilotonnes,7668,Carbon dioxide equivalents
2022.06,ZZZ,Total,Carbon dioxide,Actual,Kilotonnes,8399,Carbon dioxide equivalents
2022.06,ZZZ,Total,Carbon dioxide equivalents,Actual,Kilotonnes,18064,Carbon dioxide equivalents
2022.06,ZZZ,Total,Fluorinated gases,Actual,Kilotonnes,397,Carbon dioxide equivalents
2022.06,ZZZ,Total,Nitrous oxide,Actual,Kilotonnes,1600,Carbon dioxide equivalents
2022.09,ZZZ,Total,Methane,Seasonally adjusted,Kilotonnes,9306,Carbon dioxide equivalents
2022.09,ZZZ,Total,Carbon dioxide,Seasonally adjusted,Kilotonnes,8046,Carbon dioxide equivalents
2022.09,ZZZ,Total,Carbon dioxide equivalents,Seasonally adjusted,Kilotonnes,19374,Carbon dioxide equivalents
2022.09,ZZZ,Total,Fluorinated gases,Seasonally adjusted,Kilotonnes,379,Carbon dioxide equivalents
2022.09,ZZZ,Total,Nitrous oxide,Seasonally adjusted,Kilotonnes,1698,Carbon dioxide equivalents
2022.09,ZZZ,Total,Methane,Actual,Kilotonnes,7968,Carbon dioxide equivalents
2022.09,ZZZ,Total,Carbon dioxide,Actual,Kilotonnes,8045,Carbon dioxide equivalents
2022.09,ZZZ,Total,Carbon dioxide equivalents,Actual,Kilotonnes,18129,Carbon dioxide equivalents
2022.09,ZZZ,Total,Fluorinated gases,Actual,Kilotonnes,379,Carbon dioxide equivalents
2022.09,ZZZ,Total,Nitrous oxide,Actual,Kilotonnes,1737,Carbon dioxide equivalents
2022.12,ZZZ,Total,Methane,Seasonally adjusted,Kilotonnes,9301,Carbon dioxide equivalents
2022.12,ZZZ,Total,Carbon dioxide,Seasonally adjusted,Kilotonnes,8015,Carbon dioxide equivalents
2022.12,ZZZ,Total,Carbon dioxide equivalents,Seasonally adjusted,Kilotonnes,19412,Carbon dioxide equivalents
2022.12,ZZZ,Total,Fluorinated gases,Seasonally adjusted,Kilotonnes,355,Carbon dioxide equivalents
2022.12,ZZZ,Total,Nitrous oxide,Seasonally adjusted,Kilotonnes,1688,Carbon dioxide equivalents
2022.12,ZZZ,Total,Methane,Actual,Kilotonnes,10894,Carbon dioxide equivalents
2022.12,ZZZ,Total,Carbon dioxide,Actual,Kilotonnes,8022,Carbon dioxide equivalents
2022.12,ZZZ,Total,Carbon dioxide equivalents,Actual,Kilotonnes,21035,Carbon dioxide equivalents
2022.12,ZZZ,Total,Fluorinated gases,Actual,Kilotonnes,355,Carbon dioxide equivalents
2022.12,ZZZ,Total,Nitrous oxide,Actual,Kilotonnes,1764,Carbon dioxide equivalents
2023.03,ZZZ,Total,Methane,Seasonally adjusted,Kilotonnes,9215,Carbon dioxide equivalents
2023.03,ZZZ,Total,Carbon dioxide,Seasonally adjusted,Kilotonnes,8105,Carbon dioxide equivalents
2023.03,ZZZ,Total,Carbon dioxide equivalents,Seasonally adjusted,Kilotonnes,19338,Carbon dioxide equivalents
2023.03,ZZZ,Total,Fluorinated gases,Seasonally adjusted,Kilotonnes,324,Carbon dioxide equivalents
2023.03,ZZZ,Total,Nitrous oxide,Seasonally adjusted,Kilotonnes,1665,Carbon dioxide equivalents
2023.03,ZZZ,Total,Methane,Actual,Kilotonnes,10638,Carbon dioxide equivalents
2023.03,ZZZ,Total,Carbon dioxide,Actual,Kilotonnes,8203,Carbon dioxide equivalents
2023.03,ZZZ,Total,Carbon dioxide equivalents,Actual,Kilotonnes,20826,Carbon dioxide equivalents
2023.03,ZZZ,Total,Fluorinated gases,Actual,Kilotonnes,324,Carbon dioxide equivalents
2023.03,ZZZ,Total,Nitrous oxide,Actual,Kilotonnes,1661,Carbon dioxide equivalents
2023.06,ZZZ,Total,Methane,Seasonally adjusted,Kilotonnes,9239,Carbon dioxide equivalents
2023.06,ZZZ,Total,Carbon dioxide,Seasonally adjusted,Kilotonnes,8058,Carbon dioxide equivalents
2023.06,ZZZ,Total,Carbon dioxide equivalents,Seasonally adjusted,Kilotonnes,19215,Carbon dioxide equivalents
2023.06,ZZZ,Total,Fluorinated gases,Seasonally adjusted,Kilotonnes,302,Carbon dioxide equivalents
2023.06,ZZZ,Total,Nitrous oxide,Seasonally adjusted,Kilotonnes,1661,Carbon dioxide equivalents
2023.06,ZZZ,Total,Methane,Actual,Kilotonnes,7560,Carbon dioxide equivalents
2023.06,ZZZ,Total,Carbon dioxide,Actual,Kilotonnes,7961,Carbon dioxide equivalents
2023.06,ZZZ,Total,Carbon dioxide equivalents,Actual,Kilotonnes,17374,Carbon dioxide equivalents
2023.06,ZZZ,Total,Fluorinated gases,Actual,Kilotonnes,302,Carbon dioxide equivalents
2023.06,ZZZ,Total,Nitrous oxide,Actual,Kilotonnes,1551,Carbon dioxide equivalents
2023.09,ZZZ,Total,Methane,Seasonally adjusted,Kilotonnes,9107,Carbon dioxide equivalents
2023.09,ZZZ,Total,Carbon dioxide,Seasonally adjusted,Kilotonnes,8651,Carbon dioxide equivalents
2023.09,ZZZ,Total,Carbon dioxide equivalents,Seasonally adjusted,Kilotonnes,19706,Carbon dioxide equivalents
2023.09,ZZZ,Total,Fluorinated gases,Seasonally adjusted,Kilotonnes,286,Carbon dioxide equivalents
2023.09,ZZZ,Total,Nitrous oxide,Seasonally adjusted,Kilotonnes,1655,Carbon dioxide equivalents
2023.09,ZZZ,Total,Methane,Actual,Kilotonnes,7796,Carbon dioxide equivalents
2023.09,ZZZ,Total,Carbon dioxide,Actual,Kilotonnes,8671,Carbon dioxide equivalents
2023.09,ZZZ,Total,Carbon dioxide equivalents,Actual,Kilotonnes,18447,Carbon dioxide equivalents
2023.09,ZZZ,Total,Fluorinated gases,Actual,Kilotonnes,286,Carbon dioxide equivalents
2023.09,ZZZ,Total,Nitrous oxide,Actual,Kilotonnes,1694,Carbon dioxide equivalents
2023.12,ZZZ,Total,Methane,Seasonally adjusted,Kilotonnes,9175,Carbon dioxide equivalents
2023.12,ZZZ,Total,Carbon dioxide,Seasonally adjusted,Kilotonnes,8757,Carbon dioxide equivalents
2023.12,ZZZ,Total,Carbon dioxide equivalents,Seasonally adjusted,Kilotonnes,19869,Carbon dioxide equivalents
2023.12,ZZZ,Total,Fluorinated gases,Seasonally adjusted,Kilotonnes,282,Carbon dioxide equivalents
2023.12,ZZZ,Total,Nitrous oxide,Seasonally adjusted,Kilotonnes,1669,Carbon dioxide equivalents
2023.12,ZZZ,Total,Methane,Actual,Kilotonnes,10747,Carbon dioxide equivalents
2023.12,ZZZ,Total,Carbon dioxide,Actual,Kilotonnes,8728,Carbon dioxide equivalents
2023.12,ZZZ,Total,Carbon dioxide equivalents,Actual,Kilotonnes,21501,Carbon dioxide equivalents
2023.12,ZZZ,Total,Fluorinated gases,Actual,Kilotonnes,282,Carbon dioxide equivalents
2023.12,ZZZ,Total,Nitrous oxide,Actual,Kilotonnes,1745,Carbon dioxide equivalents
2024.03,ZZZ,Total,Methane,Seasonally adjusted,Kilotonnes,9175,Carbon dioxide equivalents
2024.03,ZZZ,Total,Carbon dioxide,Seasonally adjusted,Kilotonnes,8411,Carbon dioxide equivalents
2024.03,ZZZ,Total,Carbon dioxide equivalents,Seasonally adjusted,Kilotonnes,19552,Carbon dioxide equivalents
2024.03,ZZZ,Total,Fluorinated gases,Seasonally adjusted,Kilotonnes,283,Carbon dioxide equivalents
2024.03,ZZZ,Total,Nitrous oxide,Seasonally adjusted,Kilotonnes,1684,Carbon dioxide equivalents
2024.03,ZZZ,Total,Methane,Actual,Kilotonnes,10593,Carbon dioxide equivalents
2024.03,ZZZ,Total,Carbon dioxide,Actual,Kilotonnes,8510,Carbon dioxide equivalents
2024.03,ZZZ,Total,Carbon dioxide equivalents,Actual,Kilotonnes,21064,Carbon dioxide equivalents
2024.03,ZZZ,Total,Fluorinated gases,Actual,Kilotonnes,283,Carbon dioxide equivalents
2024.03,ZZZ,Total,Nitrous oxide,Actual,Kilotonnes,1679,Carbon dioxide equivalents
2024.06,ZZZ,Total,Methane,Seasonally adjusted,Kilotonnes,9098,Carbon dioxide equivalents
2024.06,ZZZ,Total,Carbon dioxide,Seasonally adjusted,Kilotonnes,8661,Carbon dioxide equivalents
2024.06,ZZZ,Total,Carbon dioxide equivalents,Seasonally adjusted,Kilotonnes,19755,Carbon dioxide equivalents
2024.06,ZZZ,Total,Fluorinated gases,Seasonally adjusted,Kilotonnes,283,Carbon dioxide equivalents
2024.06,ZZZ,Total,Nitrous oxide,Seasonally adjusted,Kilotonnes,1685,Carbon dioxide equivalents
2024.06,ZZZ,Total,Methane,Actual,Kilotonnes,7444,Carbon dioxide equivalents
2024.06,ZZZ,Total,Carbon dioxide,Actual,Kilotonnes,8556,Carbon dioxide equivalents
2024.06,ZZZ,Total,Carbon dioxide equivalents,Actual,Kilotonnes,17856,Carbon dioxide equivalents
2024.06,ZZZ,Total,Fluorinated gases,Actual,Kilotonnes,283,Carbon dioxide equivalents
2024.06,ZZZ,Total,Nitrous oxide,Actual,Kilotonnes,1573,Carbon dioxide equivalents
2024.09,ZZZ,Total,Methane,Seasonally adjusted,Kilotonnes,9134,Carbon dioxide equivalents
2024.09,ZZZ,Total,Carbon dioxide,Seasonally adjusted,Kilotonnes,8543,Carbon dioxide equivalents
2024.09,ZZZ,Total,Carbon dioxide equivalents,Seasonally adjusted,Kilotonnes,19656,Carbon dioxide equivalents
2024.09,ZZZ,Total,Fluorinated gases,Seasonally adjusted,Kilotonnes,281,Carbon dioxide equivalents
2024.09,ZZZ,Total,Nitrous oxide,Seasonally adjusted,Kilotonnes,1691,Carbon dioxide equivalents
2024.09,ZZZ,Total,Methane,Actual,Kilotonnes,7820,Carbon dioxide equivalents
2024.09,ZZZ,Total,Carbon dioxide,Actual,Kilotonnes,8590,Carbon dioxide equivalents
2024.09,ZZZ,Total,Carbon dioxide equivalents,Actual,Kilotonnes,18423,Carbon dioxide equivalents
2024.09,ZZZ,Total,Fluorinated gases,Actual,Kilotonnes,281,Carbon dioxide equivalents
2024.09,ZZZ,Total,Nitrous oxide,Actual,Kilotonnes,1732,Carbon dioxide equivalents
2024.12,ZZZ,Total,Methane,Seasonally adjusted,Kilotonnes,9100,Carbon dioxide equivalents
2024.12,ZZZ,Total,Carbon dioxide,Seasonally adjusted,Kilotonnes,8110,Carbon dioxide equivalents
2024.12,ZZZ,Total,Carbon dioxide equivalents,Seasonally adjusted,Kilotonnes,19207,Carbon dioxide equivalents
2024.12,ZZZ,Total,Fluorinated gases,Seasonally adjusted,Kilotonnes,286,Carbon dioxide equivalents
2024.12,ZZZ,Total,Nitrous oxide,Seasonally adjusted,Kilotonnes,1684,Carbon dioxide equivalents
2024.12,ZZZ,Total,Methane,Actual,Kilotonnes,10656,Carbon dioxide equivalents
2024.12,ZZZ,Total,Carbon dioxide,Actual,Kilotonnes,8078,Carbon dioxide equivalents
2024.12,ZZZ,Total,Carbon dioxide equivalents,Actual,Kilotonnes,20780,Carbon dioxide equivalents
2024.12,ZZZ,Total,Fluorinated gases,Actual,Kilotonnes,286,Carbon dioxide equivalents
2024.12,ZZZ,Total,Nitrous oxide,Actual,Kilotonnes,1760,Carbon dioxide equivalents
2025.03,ZZZ,Total,Methane,Seasonally adjusted,Kilotonnes,9009,Carbon dioxide equivalents
2025.03,ZZZ,Total,Carbon dioxide,Seasonally adjusted,Kilotonnes,8365,Carbon dioxide equivalents
2025.03,ZZZ,Total,Carbon dioxide equivalents,Seasonally adjusted,Kilotonnes,19309,Carbon dioxide equivalents
2025.03,ZZZ,Total,Fluorinated gases,Seasonally adjusted,Kilotonnes,291,Carbon dioxide equivalents
2025.03,ZZZ,Total,Nitrous oxide,Seasonally adjusted,Kilotonnes,1658,Carbon dioxide equivalents
2025.03,ZZZ,Total,Methane,Actual,Kilotonnes,10405,Carbon dioxide equivalents
2025.03,ZZZ,Total,Carbon dioxide,Actual,Kilotonnes,8435,Carbon dioxide equivalents
2025.03,ZZZ,Total,Carbon dioxide equivalents,Actual,Kilotonnes,20785,Carbon dioxide equivalents
2025.03,ZZZ,Total,Fluorinated gases,Actual,Kilotonnes,291,Carbon dioxide equivalents
2025.03,ZZZ,Total,Nitrous oxide,Actual,Kilotonnes,1653,Carbon dioxide equivalents
2025.06,ZZZ,Total,Methane,Seasonally adjusted,Kilotonnes,9058,Carbon dioxide equivalents
2025.06,ZZZ,Total,Carbon dioxide,Seasonally adjusted,Kilotonnes,8093,Carbon dioxide equivalents
2025.06,ZZZ,Total,Carbon dioxide equivalents,Seasonally adjusted,Kilotonnes,19086,Carbon dioxide equivalents
2025.06,ZZZ,Total,Fluorinated gases,Seasonally adjusted,Kilotonnes,293,Carbon dioxide equivalents
2025.06,ZZZ,Total,Nitrous oxide,Seasonally adjusted,Kilotonnes,1661,Carbon dioxide equivalents
2025.06,ZZZ,Total,Methane,Actual,Kilotonnes,7406,Carbon dioxide equivalents
2025.06,ZZZ,Total,Carbon dioxide,Actual,Kilotonnes,8007,Carbon dioxide equivalents
2025.06,ZZZ,Total,Carbon dioxide equivalents,Actual,Kilotonnes,17257,Carbon dioxide equivalents
2025.06,ZZZ,Total,Fluorinated gases,Actual,Kilotonnes,293,Carbon dioxide equivalents
2025.06,ZZZ,Total,Nitrous oxide,Actual,Kilotonnes,1550,Carbon dioxide equivalents
2025.09,ZZZ,Total,Methane,Seasonally adjusted,Kilotonnes,9063,Carbon dioxide equivalents
2025.09,ZZZ,Total,Carbon dioxide,Seasonally adjusted,Kilotonnes,7945,Carbon dioxide equivalents
2025.09,ZZZ,Total,Carbon dioxide equivalents,Seasonally adjusted,Kilotonnes,18933,Carbon dioxide equivalents
2025.09,ZZZ,Total,Fluorinated gases,Seasonally adjusted,Kilotonnes,294,Carbon dioxide equivalents
2025.09,ZZZ,Total,Nitrous oxide,Seasonally adjusted,Kilotonnes,1659,Carbon dioxide equivalents
2025.09,ZZZ,Total,Methane,Actual,Kilotonnes,7765,Carbon dioxide equivalents
2025.09,ZZZ,Total,Carbon dioxide,Actual,Kilotonnes,8001,Carbon dioxide equivalents
2025.09,ZZZ,Total,Carbon dioxide equivalents,Actual,Kilotonnes,17761,Carbon dioxide equivalents
2025.09,ZZZ,Total,Fluorinated gases,Actual,Kilotonnes,294,Carbon dioxide equivalents
2025.09,ZZZ,Total,Nitrous oxide,Actual,Kilotonnes,1700,Carbon dioxide equivalents
2025.12,ZZZ,Total,Methane,Seasonally adjusted,Kilotonnes,9025,Carbon dioxide equivalents
2025.12,ZZZ,Total,Carbon dioxide,Seasonally adjusted,Kilotonnes,7844,Carbon dioxide equivalents
2025.12,ZZZ,Total,Carbon dioxide equivalents,Seasonally adjusted,Kilotonnes,18858,Carbon dioxide equivalents
2025.12,ZZZ,Total,Fluorinated gases,Seasonally adjusted,Kilotonnes,294,Carbon dioxide equivalents
2025.12,ZZZ,Total,Nitrous oxide,Seasonally adjusted,Kilotonnes,1652,Carbon dioxide equivalents
2025.12,ZZZ,Total,Methane,Actual,Kilotonnes,10565,Carbon dioxide equivalents
2025.12,ZZZ,Total,Carbon dioxide,Actual,Kilotonnes,7811,Carbon dioxide equivalents
2025.12,ZZZ,Total,Carbon dioxide equivalents,Actual,Kilotonnes,20398,Carbon dioxide equivalents
2025.12,ZZZ,Total,Fluorinated gases,Actual,Kilotonnes,294,Carbon dioxide equivalents
2025.12,ZZZ,Total,Nitrous oxide,Actual,Kilotonnes,1727,Carbon dioxide equivalents
2026.03,ZZZ,Total,Methane,Seasonally adjusted,Kilotonnes,9128,Carbon dioxide equivalents
2026.03,ZZZ,Total,Carbon dioxide,Seasonally adjusted,Kilotonnes,7707,Carbon dioxide equivalents
2026.03,ZZZ,Total,Carbon dioxide equivalents,Seasonally adjusted,Kilotonnes,18817,Carbon dioxide equivalents
2026.03,ZZZ,Total,Fluorinated gases,Seasonally adjusted,Kilotonnes,289,Carbon dioxide equivalents
2026.03,ZZZ,Total,Nitrous oxide,Seasonally adjusted,Kilotonnes,1660,Carbon dioxide equivalents
2026.03,ZZZ,Total,Methane,Actual,Kilotonnes,10543,Carbon dioxide equivalents
2026.03,ZZZ,Total,Carbon dioxide,Actual,Kilotonnes,7757,Carbon dioxide equivalents
2026.03,ZZZ,Total,Carbon dioxide equivalents,Actual,Kilotonnes,20244,Carbon dioxide equivalents
2026.03,ZZZ,Total,Fluorinated gases,Actual,Kilotonnes,289,Carbon dioxide equivalents
2026.03,ZZZ,Total,Nitrous oxide,Actual,Kilotonnes,1654,Carbon dioxide equivalents
